"d [mm]","dist [mm]","dw [mm]","Freq [GHz]","h [mm]","h_s [mm]","l [mm]","l_inset [mm]","l_s [mm]","ls [mm]","Phi [deg]","w [mm]","w_inset [mm]","w_s [mm]","Theta [deg]","db(GainPhi) []"
0.31872271467571,-40,0.847852902077836,27,0.3,20,2.42444930665735,1.43026031668154,20,10,0,3.13475998969076,0.344836594189614,20,-180,-8.73258832740087
0.31872271467571,-40,0.847852902077836,27,0.3,20,2.42444930665735,1.43026031668154,20,10,0,3.13475998969076,0.344836594189614,20,-178,-8.70883903563669
0.31872271467571,-40,0.847852902077836,27,0.3,20,2.42444930665735,1.43026031668154,20,10,0,3.13475998969076,0.344836594189614,20,-176,-8.79708855616468
0.31872271467571,-40,0.847852902077836,27,0.3,20,2.42444930665735,1.43026031668154,20,10,0,3.13475998969076,0.344836594189614,20,-174,-9.01698107906834
0.31872271467571,-40,0.847852902077836,27,0.3,20,2.42444930665735,1.43026031668154,20,10,0,3.13475998969076,0.344836594189614,20,-172,-9.39392496945165
0.31872271467571,-40,0.847852902077836,27,0.3,20,2.42444930665735,1.43026031668154,20,10,0,3.13475998969076,0.344836594189614,20,-170,-9.95504521716822
0.31872271467571,-40,0.847852902077836,27,0.3,20,2.42444930665735,1.43026031668154,20,10,0,3.13475998969076,0.344836594189614,20,-168,-10.7202986519484
0.31872271467571,-40,0.847852902077836,27,0.3,20,2.42444930665735,1.43026031668154,20,10,0,3.13475998969076,0.344836594189614,20,-166,-11.6816059788272
0.31872271467571,-40,0.847852902077836,27,0.3,20,2.42444930665735,1.43026031668154,20,10,0,3.13475998969076,0.344836594189614,20,-164,-12.7552169420184
0.31872271467571,-40,0.847852902077836,27,0.3,20,2.42444930665735,1.43026031668154,20,10,0,3.13475998969076,0.344836594189614,20,-162,-13.7019665372288
0.31872271467571,-40,0.847852902077836,27,0.3,20,2.42444930665735,1.43026031668154,20,10,0,3.13475998969076,0.344836594189614,20,-160,-14.1231571055517
0.31872271467571,-40,0.847852902077836,27,0.3,20,2.42444930665735,1.43026031668154,20,10,0,3.13475998969076,0.344836594189614,20,-158,-13.7759366533452
0.31872271467571,-40,0.847852902077836,27,0.3,20,2.42444930665735,1.43026031668154,20,10,0,3.13475998969076,0.344836594189614,20,-156,-12.8979771766256
0.31872271467571,-40,0.847852902077836,27,0.3,20,2.42444930665735,1.43026031668154,20,10,0,3.13475998969076,0.344836594189614,20,-154,-11.9286753816651
0.31872271467571,-40,0.847852902077836,27,0.3,20,2.42444930665735,1.43026031668154,20,10,0,3.13475998969076,0.344836594189614,20,-152,-11.1639233183854
0.31872271467571,-40,0.847852902077836,27,0.3,20,2.42444930665735,1.43026031668154,20,10,0,3.13475998969076,0.344836594189614,20,-150,-10.7392009631961
0.31872271467571,-40,0.847852902077836,27,0.3,20,2.42444930665735,1.43026031668154,20,10,0,3.13475998969076,0.344836594189614,20,-148,-10.7089437542307
0.31872271467571,-40,0.847852902077836,27,0.3,20,2.42444930665735,1.43026031668154,20,10,0,3.13475998969076,0.344836594189614,20,-146,-11.0939489248853
0.31872271467571,-40,0.847852902077836,27,0.3,20,2.42444930665735,1.43026031668154,20,10,0,3.13475998969076,0.344836594189614,20,-144,-11.894829514168
0.31872271467571,-40,0.847852902077836,27,0.3,20,2.42444930665735,1.43026031668154,20,10,0,3.13475998969076,0.344836594189614,20,-142,-13.0808811112542
0.31872271467571,-40,0.847852902077836,27,0.3,20,2.42444930665735,1.43026031668154,20,10,0,3.13475998969076,0.344836594189614,20,-140,-14.5527460155267
0.31872271467571,-40,0.847852902077836,27,0.3,20,2.42444930665735,1.43026031668154,20,10,0,3.13475998969076,0.344836594189614,20,-138,-16.0864183204081
0.31872271467571,-40,0.847852902077836,27,0.3,20,2.42444930665735,1.43026031668154,20,10,0,3.13475998969076,0.344836594189614,20,-136,-17.3454746317326
0.31872271467571,-40,0.847852902077836,27,0.3,20,2.42444930665735,1.43026031668154,20,10,0,3.13475998969076,0.344836594189614,20,-134,-18.1057302475766
0.31872271467571,-40,0.847852902077836,27,0.3,20,2.42444930665735,1.43026031668154,20,10,0,3.13475998969076,0.344836594189614,20,-132,-18.4690902510741
0.31872271467571,-40,0.847852902077836,27,0.3,20,2.42444930665735,1.43026031668154,20,10,0,3.13475998969076,0.344836594189614,20,-130,-18.6710401049731
0.31872271467571,-40,0.847852902077836,27,0.3,20,2.42444930665735,1.43026031668154,20,10,0,3.13475998969076,0.344836594189614,20,-128,-18.8101828380161
0.31872271467571,-40,0.847852902077836,27,0.3,20,2.42444930665735,1.43026031668154,20,10,0,3.13475998969076,0.344836594189614,20,-126,-18.8449960301851
0.31872271467571,-40,0.847852902077836,27,0.3,20,2.42444930665735,1.43026031668154,20,10,0,3.13475998969076,0.344836594189614,20,-124,-18.7461411613815
0.31872271467571,-40,0.847852902077836,27,0.3,20,2.42444930665735,1.43026031668154,20,10,0,3.13475998969076,0.344836594189614,20,-122,-18.5984371593664
0.31872271467571,-40,0.847852902077836,27,0.3,20,2.42444930665735,1.43026031668154,20,10,0,3.13475998969076,0.344836594189614,20,-120,-18.5525372848228
0.31872271467571,-40,0.847852902077836,27,0.3,20,2.42444930665735,1.43026031668154,20,10,0,3.13475998969076,0.344836594189614,20,-118,-18.7153972155375
0.31872271467571,-40,0.847852902077836,27,0.3,20,2.42444930665735,1.43026031668154,20,10,0,3.13475998969076,0.344836594189614,20,-116,-19.0674584876898
0.31872271467571,-40,0.847852902077836,27,0.3,20,2.42444930665735,1.43026031668154,20,10,0,3.13475998969076,0.344836594189614,20,-114,-19.390585452916
0.31872271467571,-40,0.847852902077836,27,0.3,20,2.42444930665735,1.43026031668154,20,10,0,3.13475998969076,0.344836594189614,20,-112,-19.2706521277588
0.31872271467571,-40,0.847852902077836,27,0.3,20,2.42444930665735,1.43026031668154,20,10,0,3.13475998969076,0.344836594189614,20,-110,-18.415188742422
0.31872271467571,-40,0.847852902077836,27,0.3,20,2.42444930665735,1.43026031668154,20,10,0,3.13475998969076,0.344836594189614,20,-108,-17.0123127193018
0.31872271467571,-40,0.847852902077836,27,0.3,20,2.42444930665735,1.43026031668154,20,10,0,3.13475998969076,0.344836594189614,20,-106,-15.4723370463105
0.31872271467571,-40,0.847852902077836,27,0.3,20,2.42444930665735,1.43026031668154,20,10,0,3.13475998969076,0.344836594189614,20,-104,-14.0641771411843
0.31872271467571,-40,0.847852902077836,27,0.3,20,2.42444930665735,1.43026031668154,20,10,0,3.13475998969076,0.344836594189614,20,-102,-12.8901043608193
0.31872271467571,-40,0.847852902077836,27,0.3,20,2.42444930665735,1.43026031668154,20,10,0,3.13475998969076,0.344836594189614,20,-100,-11.9678313992386
0.31872271467571,-40,0.847852902077836,27,0.3,20,2.42444930665735,1.43026031668154,20,10,0,3.13475998969076,0.344836594189614,20,-98,-11.2814784731253
0.31872271467571,-40,0.847852902077836,27,0.3,20,2.42444930665735,1.43026031668154,20,10,0,3.13475998969076,0.344836594189614,20,-96,-10.8001199563887
0.31872271467571,-40,0.847852902077836,27,0.3,20,2.42444930665735,1.43026031668154,20,10,0,3.13475998969076,0.344836594189614,20,-94,-10.4797793359403
0.31872271467571,-40,0.847852902077836,27,0.3,20,2.42444930665735,1.43026031668154,20,10,0,3.13475998969076,0.344836594189614,20,-92,-10.2586058116625
0.31872271467571,-40,0.847852902077836,27,0.3,20,2.42444930665735,1.43026031668154,20,10,0,3.13475998969076,0.344836594189614,20,-90,-10.053865483962
0.31872271467571,-40,0.847852902077836,27,0.3,20,2.42444930665735,1.43026031668154,20,10,0,3.13475998969076,0.344836594189614,20,-88,-9.77278077454719
0.31872271467571,-40,0.847852902077836,27,0.3,20,2.42444930665735,1.43026031668154,20,10,0,3.13475998969076,0.344836594189614,20,-86,-9.34528644633738
0.31872271467571,-40,0.847852902077836,27,0.3,20,2.42444930665735,1.43026031668154,20,10,0,3.13475998969076,0.344836594189614,20,-84,-8.76219091565498
0.31872271467571,-40,0.847852902077836,27,0.3,20,2.42444930665735,1.43026031668154,20,10,0,3.13475998969076,0.344836594189614,20,-82,-8.08138680535356
0.31872271467571,-40,0.847852902077836,27,0.3,20,2.42444930665735,1.43026031668154,20,10,0,3.13475998969076,0.344836594189614,20,-80,-7.39305364344933
0.31872271467571,-40,0.847852902077836,27,0.3,20,2.42444930665735,1.43026031668154,20,10,0,3.13475998969076,0.344836594189614,20,-78,-6.77686254351926
0.31872271467571,-40,0.847852902077836,27,0.3,20,2.42444930665735,1.43026031668154,20,10,0,3.13475998969076,0.344836594189614,20,-76,-6.2777748640056
0.31872271467571,-40,0.847852902077836,27,0.3,20,2.42444930665735,1.43026031668154,20,10,0,3.13475998969076,0.344836594189614,20,-74,-5.89905746412092
0.31872271467571,-40,0.847852902077836,27,0.3,20,2.42444930665735,1.43026031668154,20,10,0,3.13475998969076,0.344836594189614,20,-72,-5.60335564589866
0.31872271467571,-40,0.847852902077836,27,0.3,20,2.42444930665735,1.43026031668154,20,10,0,3.13475998969076,0.344836594189614,20,-70,-5.32135029494946
0.31872271467571,-40,0.847852902077836,27,0.3,20,2.42444930665735,1.43026031668154,20,10,0,3.13475998969076,0.344836594189614,20,-68,-4.9754693873503
0.31872271467571,-40,0.847852902077836,27,0.3,20,2.42444930665735,1.43026031668154,20,10,0,3.13475998969076,0.344836594189614,20,-66,-4.51835092836791
0.31872271467571,-40,0.847852902077836,27,0.3,20,2.42444930665735,1.43026031668154,20,10,0,3.13475998969076,0.344836594189614,20,-64,-3.96195018106284
0.31872271467571,-40,0.847852902077836,27,0.3,20,2.42444930665735,1.43026031668154,20,10,0,3.13475998969076,0.344836594189614,20,-62,-3.36963474007448
0.31872271467571,-40,0.847852902077836,27,0.3,20,2.42444930665735,1.43026031668154,20,10,0,3.13475998969076,0.344836594189614,20,-60,-2.81968678241641
0.31872271467571,-40,0.847852902077836,27,0.3,20,2.42444930665735,1.43026031668154,20,10,0,3.13475998969076,0.344836594189614,20,-58,-2.37208667915862
0.31872271467571,-40,0.847852902077836,27,0.3,20,2.42444930665735,1.43026031668154,20,10,0,3.13475998969076,0.344836594189614,20,-56,-2.05339929728886
0.31872271467571,-40,0.847852902077836,27,0.3,20,2.42444930665735,1.43026031668154,20,10,0,3.13475998969076,0.344836594189614,20,-54,-1.85454238018118
0.31872271467571,-40,0.847852902077836,27,0.3,20,2.42444930665735,1.43026031668154,20,10,0,3.13475998969076,0.344836594189614,20,-52,-1.7346755800704
0.31872271467571,-40,0.847852902077836,27,0.3,20,2.42444930665735,1.43026031668154,20,10,0,3.13475998969076,0.344836594189614,20,-50,-1.63144669889871
0.31872271467571,-40,0.847852902077836,27,0.3,20,2.42444930665735,1.43026031668154,20,10,0,3.13475998969076,0.344836594189614,20,-48,-1.48115759188444
0.31872271467571,-40,0.847852902077836,27,0.3,20,2.42444930665735,1.43026031668154,20,10,0,3.13475998969076,0.344836594189614,20,-46,-1.24523464898523
0.31872271467571,-40,0.847852902077836,27,0.3,20,2.42444930665735,1.43026031668154,20,10,0,3.13475998969076,0.344836594189614,20,-44,-0.926809331036036
0.31872271467571,-40,0.847852902077836,27,0.3,20,2.42444930665735,1.43026031668154,20,10,0,3.13475998969076,0.344836594189614,20,-42,-0.56353154551578
0.31872271467571,-40,0.847852902077836,27,0.3,20,2.42444930665735,1.43026031668154,20,10,0,3.13475998969076,0.344836594189614,20,-40,-0.203677084440833
0.31872271467571,-40,0.847852902077836,27,0.3,20,2.42444930665735,1.43026031668154,20,10,0,3.13475998969076,0.344836594189614,20,-38,0.115626984249545
0.31872271467571,-40,0.847852902077836,27,0.3,20,2.42444930665735,1.43026031668154,20,10,0,3.13475998969076,0.344836594189614,20,-36,0.378252134133119
0.31872271467571,-40,0.847852902077836,27,0.3,20,2.42444930665735,1.43026031668154,20,10,0,3.13475998969076,0.344836594189614,20,-34,0.588712366359746
0.31872271467571,-40,0.847852902077836,27,0.3,20,2.42444930665735,1.43026031668154,20,10,0,3.13475998969076,0.344836594189614,20,-32,0.766150932909045
0.31872271467571,-40,0.847852902077836,27,0.3,20,2.42444930665735,1.43026031668154,20,10,0,3.13475998969076,0.344836594189614,20,-30,0.935567069715313
0.31872271467571,-40,0.847852902077836,27,0.3,20,2.42444930665735,1.43026031668154,20,10,0,3.13475998969076,0.344836594189614,20,-28,1.11837720421311
0.31872271467571,-40,0.847852902077836,27,0.3,20,2.42444930665735,1.43026031668154,20,10,0,3.13475998969076,0.344836594189614,20,-26,1.32513295020748
0.31872271467571,-40,0.847852902077836,27,0.3,20,2.42444930665735,1.43026031668154,20,10,0,3.13475998969076,0.344836594189614,20,-24,1.55322933401801
0.31872271467571,-40,0.847852902077836,27,0.3,20,2.42444930665735,1.43026031668154,20,10,0,3.13475998969076,0.344836594189614,20,-22,1.79014629257644
0.31872271467571,-40,0.847852902077836,27,0.3,20,2.42444930665735,1.43026031668154,20,10,0,3.13475998969076,0.344836594189614,20,-20,2.01974094873243
0.31872271467571,-40,0.847852902077836,27,0.3,20,2.42444930665735,1.43026031668154,20,10,0,3.13475998969076,0.344836594189614,20,-18,2.22811537230054
0.31872271467571,-40,0.847852902077836,27,0.3,20,2.42444930665735,1.43026031668154,20,10,0,3.13475998969076,0.344836594189614,20,-16,2.4069587660285
0.31872271467571,-40,0.847852902077836,27,0.3,20,2.42444930665735,1.43026031668154,20,10,0,3.13475998969076,0.344836594189614,20,-14,2.55415137551685
0.31872271467571,-40,0.847852902077836,27,0.3,20,2.42444930665735,1.43026031668154,20,10,0,3.13475998969076,0.344836594189614,20,-12,2.67245564148826
0.31872271467571,-40,0.847852902077836,27,0.3,20,2.42444930665735,1.43026031668154,20,10,0,3.13475998969076,0.344836594189614,20,-10,2.76730573248084
0.31872271467571,-40,0.847852902077836,27,0.3,20,2.42444930665735,1.43026031668154,20,10,0,3.13475998969076,0.344836594189614,20,-8,2.84453492004581
0.31872271467571,-40,0.847852902077836,27,0.3,20,2.42444930665735,1.43026031668154,20,10,0,3.13475998969076,0.344836594189614,20,-6,2.90863916628098
0.31872271467571,-40,0.847852902077836,27,0.3,20,2.42444930665735,1.43026031668154,20,10,0,3.13475998969076,0.344836594189614,20,-4,2.96190048974547
0.31872271467571,-40,0.847852902077836,27,0.3,20,2.42444930665735,1.43026031668154,20,10,0,3.13475998969076,0.344836594189614,20,-2,3.00437782266374
0.31872271467571,-40,0.847852902077836,27,0.3,20,2.42444930665735,1.43026031668154,20,10,0,3.13475998969076,0.344836594189614,20,0,3.03448956251442
0.31872271467571,-40,0.847852902077836,27,0.3,20,2.42444930665735,1.43026031668154,20,10,0,3.13475998969076,0.344836594189614,20,2,3.04977457877787
0.31872271467571,-40,0.847852902077836,27,0.3,20,2.42444930665735,1.43026031668154,20,10,0,3.13475998969076,0.344836594189614,20,4,3.04747622212037
0.31872271467571,-40,0.847852902077836,27,0.3,20,2.42444930665735,1.43026031668154,20,10,0,3.13475998969076,0.344836594189614,20,6,3.02479166694262
0.31872271467571,-40,0.847852902077836,27,0.3,20,2.42444930665735,1.43026031668154,20,10,0,3.13475998969076,0.344836594189614,20,8,2.97885571568571
0.31872271467571,-40,0.847852902077836,27,0.3,20,2.42444930665735,1.43026031668154,20,10,0,3.13475998969076,0.344836594189614,20,10,2.90668568888917
0.31872271467571,-40,0.847852902077836,27,0.3,20,2.42444930665735,1.43026031668154,20,10,0,3.13475998969076,0.344836594189614,20,12,2.80535166344088
0.31872271467571,-40,0.847852902077836,27,0.3,20,2.42444930665735,1.43026031668154,20,10,0,3.13475998969076,0.344836594189614,20,14,2.67255364804254
0.31872271467571,-40,0.847852902077836,27,0.3,20,2.42444930665735,1.43026031668154,20,10,0,3.13475998969076,0.344836594189614,20,16,2.50761797753132
0.31872271467571,-40,0.847852902077836,27,0.3,20,2.42444930665735,1.43026031668154,20,10,0,3.13475998969076,0.344836594189614,20,18,2.31270982423342
0.31872271467571,-40,0.847852902077836,27,0.3,20,2.42444930665735,1.43026031668154,20,10,0,3.13475998969076,0.344836594189614,20,20,2.09382541390407
0.31872271467571,-40,0.847852902077836,27,0.3,20,2.42444930665735,1.43026031668154,20,10,0,3.13475998969076,0.344836594189614,20,22,1.86091768705382
0.31872271467571,-40,0.847852902077836,27,0.3,20,2.42444930665735,1.43026031668154,20,10,0,3.13475998969076,0.344836594189614,20,24,1.62645826098289
0.31872271467571,-40,0.847852902077836,27,0.3,20,2.42444930665735,1.43026031668154,20,10,0,3.13475998969076,0.344836594189614,20,26,1.40211721850526
0.31872271467571,-40,0.847852902077836,27,0.3,20,2.42444930665735,1.43026031668154,20,10,0,3.13475998969076,0.344836594189614,20,28,1.19424217373068
0.31872271467571,-40,0.847852902077836,27,0.3,20,2.42444930665735,1.43026031668154,20,10,0,3.13475998969076,0.344836594189614,20,30,1.00004706808206
0.31872271467571,-40,0.847852902077836,27,0.3,20,2.42444930665735,1.43026031668154,20,10,0,3.13475998969076,0.344836594189614,20,32,0.806778551025854
0.31872271467571,-40,0.847852902077836,27,0.3,20,2.42444930665735,1.43026031668154,20,10,0,3.13475998969076,0.344836594189614,20,34,0.59487906654117
0.31872271467571,-40,0.847852902077836,27,0.3,20,2.42444930665735,1.43026031668154,20,10,0,3.13475998969076,0.344836594189614,20,36,0.344185310738611
0.31872271467571,-40,0.847852902077836,27,0.3,20,2.42444930665735,1.43026031668154,20,10,0,3.13475998969076,0.344836594189614,20,38,0.0411694126399458
0.31872271467571,-40,0.847852902077836,27,0.3,20,2.42444930665735,1.43026031668154,20,10,0,3.13475998969076,0.344836594189614,20,40,-0.314463676643608
0.31872271467571,-40,0.847852902077836,27,0.3,20,2.42444930665735,1.43026031668154,20,10,0,3.13475998969076,0.344836594189614,20,42,-0.705143521334571
0.31872271467571,-40,0.847852902077836,27,0.3,20,2.42444930665735,1.43026031668154,20,10,0,3.13475998969076,0.344836594189614,20,44,-1.09497797700161
0.31872271467571,-40,0.847852902077836,27,0.3,20,2.42444930665735,1.43026031668154,20,10,0,3.13475998969076,0.344836594189614,20,46,-1.43724326610579
0.31872271467571,-40,0.847852902077836,27,0.3,20,2.42444930665735,1.43026031668154,20,10,0,3.13475998969076,0.344836594189614,20,48,-1.69202471768674
0.31872271467571,-40,0.847852902077836,27,0.3,20,2.42444930665735,1.43026031668154,20,10,0,3.13475998969076,0.344836594189614,20,50,-1.84770053181457
0.31872271467571,-40,0.847852902077836,27,0.3,20,2.42444930665735,1.43026031668154,20,10,0,3.13475998969076,0.344836594189614,20,52,-1.93111876459588
0.31872271467571,-40,0.847852902077836,27,0.3,20,2.42444930665735,1.43026031668154,20,10,0,3.13475998969076,0.344836594189614,20,54,-1.9974402889385
0.31872271467571,-40,0.847852902077836,27,0.3,20,2.42444930665735,1.43026031668154,20,10,0,3.13475998969076,0.344836594189614,20,56,-2.10822079624647
0.31872271467571,-40,0.847852902077836,27,0.3,20,2.42444930665735,1.43026031668154,20,10,0,3.13475998969076,0.344836594189614,20,58,-2.31262732103115
0.31872271467571,-40,0.847852902077836,27,0.3,20,2.42444930665735,1.43026031668154,20,10,0,3.13475998969076,0.344836594189614,20,60,-2.63780227997189
0.31872271467571,-40,0.847852902077836,27,0.3,20,2.42444930665735,1.43026031668154,20,10,0,3.13475998969076,0.344836594189614,20,62,-3.08573820808337
0.31872271467571,-40,0.847852902077836,27,0.3,20,2.42444930665735,1.43026031668154,20,10,0,3.13475998969076,0.344836594189614,20,64,-3.63296062486274
0.31872271467571,-40,0.847852902077836,27,0.3,20,2.42444930665735,1.43026031668154,20,10,0,3.13475998969076,0.344836594189614,20,66,-4.23277459726824
0.31872271467571,-40,0.847852902077836,27,0.3,20,2.42444930665735,1.43026031668154,20,10,0,3.13475998969076,0.344836594189614,20,68,-4.8237089011801
0.31872271467571,-40,0.847852902077836,27,0.3,20,2.42444930665735,1.43026031668154,20,10,0,3.13475998969076,0.344836594189614,20,70,-5.3478762228658
0.31872271467571,-40,0.847852902077836,27,0.3,20,2.42444930665735,1.43026031668154,20,10,0,3.13475998969076,0.344836594189614,20,72,-5.77492338997852
0.31872271467571,-40,0.847852902077836,27,0.3,20,2.42444930665735,1.43026031668154,20,10,0,3.13475998969076,0.344836594189614,20,74,-6.11630463500855
0.31872271467571,-40,0.847852902077836,27,0.3,20,2.42444930665735,1.43026031668154,20,10,0,3.13475998969076,0.344836594189614,20,76,-6.41807745348313
0.31872271467571,-40,0.847852902077836,27,0.3,20,2.42444930665735,1.43026031668154,20,10,0,3.13475998969076,0.344836594189614,20,78,-6.73918828490314
0.31872271467571,-40,0.847852902077836,27,0.3,20,2.42444930665735,1.43026031668154,20,10,0,3.13475998969076,0.344836594189614,20,80,-7.13158702339403
0.31872271467571,-40,0.847852902077836,27,0.3,20,2.42444930665735,1.43026031668154,20,10,0,3.13475998969076,0.344836594189614,20,82,-7.62979585343239
0.31872271467571,-40,0.847852902077836,27,0.3,20,2.42444930665735,1.43026031668154,20,10,0,3.13475998969076,0.344836594189614,20,84,-8.24693087659018
0.31872271467571,-40,0.847852902077836,27,0.3,20,2.42444930665735,1.43026031668154,20,10,0,3.13475998969076,0.344836594189614,20,86,-8.97147973185395
0.31872271467571,-40,0.847852902077836,27,0.3,20,2.42444930665735,1.43026031668154,20,10,0,3.13475998969076,0.344836594189614,20,88,-9.76210397809781
0.31872271467571,-40,0.847852902077836,27,0.3,20,2.42444930665735,1.43026031668154,20,10,0,3.13475998969076,0.344836594189614,20,90,-10.5441661410199
0.31872271467571,-40,0.847852902077836,27,0.3,20,2.42444930665735,1.43026031668154,20,10,0,3.13475998969076,0.344836594189614,20,92,-11.2209323120061
0.31872271467571,-40,0.847852902077836,27,0.3,20,2.42444930665735,1.43026031668154,20,10,0,3.13475998969076,0.344836594189614,20,94,-11.7133073290657
0.31872271467571,-40,0.847852902077836,27,0.3,20,2.42444930665735,1.43026031668154,20,10,0,3.13475998969076,0.344836594189614,20,96,-12.0126138736214
0.31872271467571,-40,0.847852902077836,27,0.3,20,2.42444930665735,1.43026031668154,20,10,0,3.13475998969076,0.344836594189614,20,98,-12.1957656548961
0.31872271467571,-40,0.847852902077836,27,0.3,20,2.42444930665735,1.43026031668154,20,10,0,3.13475998969076,0.344836594189614,20,100,-12.3850681609748
0.31872271467571,-40,0.847852902077836,27,0.3,20,2.42444930665735,1.43026031668154,20,10,0,3.13475998969076,0.344836594189614,20,102,-12.6973408767997
0.31872271467571,-40,0.847852902077836,27,0.3,20,2.42444930665735,1.43026031668154,20,10,0,3.13475998969076,0.344836594189614,20,104,-13.2195662786173
0.31872271467571,-40,0.847852902077836,27,0.3,20,2.42444930665735,1.43026031668154,20,10,0,3.13475998969076,0.344836594189614,20,106,-14.0065279245364
0.31872271467571,-40,0.847852902077836,27,0.3,20,2.42444930665735,1.43026031668154,20,10,0,3.13475998969076,0.344836594189614,20,108,-15.0811631099668
0.31872271467571,-40,0.847852902077836,27,0.3,20,2.42444930665735,1.43026031668154,20,10,0,3.13475998969076,0.344836594189614,20,110,-16.4210701576825
0.31872271467571,-40,0.847852902077836,27,0.3,20,2.42444930665735,1.43026031668154,20,10,0,3.13475998969076,0.344836594189614,20,112,-17.9175387568706
0.31872271467571,-40,0.847852902077836,27,0.3,20,2.42444930665735,1.43026031668154,20,10,0,3.13475998969076,0.344836594189614,20,114,-19.3192001040573
0.31872271467571,-40,0.847852902077836,27,0.3,20,2.42444930665735,1.43026031668154,20,10,0,3.13475998969076,0.344836594189614,20,116,-20.2812013359173
0.31872271467571,-40,0.847852902077836,27,0.3,20,2.42444930665735,1.43026031668154,20,10,0,3.13475998969076,0.344836594189614,20,118,-20.653635166508
0.31872271467571,-40,0.847852902077836,27,0.3,20,2.42444930665735,1.43026031668154,20,10,0,3.13475998969076,0.344836594189614,20,120,-20.6426879716633
0.31872271467571,-40,0.847852902077836,27,0.3,20,2.42444930665735,1.43026031668154,20,10,0,3.13475998969076,0.344836594189614,20,122,-20.5201814534601
0.31872271467571,-40,0.847852902077836,27,0.3,20,2.42444930665735,1.43026031668154,20,10,0,3.13475998969076,0.344836594189614,20,124,-20.3695944010711
0.31872271467571,-40,0.847852902077836,27,0.3,20,2.42444930665735,1.43026031668154,20,10,0,3.13475998969076,0.344836594189614,20,126,-20.1204164631277
0.31872271467571,-40,0.847852902077836,27,0.3,20,2.42444930665735,1.43026031668154,20,10,0,3.13475998969076,0.344836594189614,20,128,-19.716770204022
0.31872271467571,-40,0.847852902077836,27,0.3,20,2.42444930665735,1.43026031668154,20,10,0,3.13475998969076,0.344836594189614,20,130,-19.2191289169665
0.31872271467571,-40,0.847852902077836,27,0.3,20,2.42444930665735,1.43026031668154,20,10,0,3.13475998969076,0.344836594189614,20,132,-18.7173405395286
0.31872271467571,-40,0.847852902077836,27,0.3,20,2.42444930665735,1.43026031668154,20,10,0,3.13475998969076,0.344836594189614,20,134,-18.1708627798043
0.31872271467571,-40,0.847852902077836,27,0.3,20,2.42444930665735,1.43026031668154,20,10,0,3.13475998969076,0.344836594189614,20,136,-17.3716237426855
0.31872271467571,-40,0.847852902077836,27,0.3,20,2.42444930665735,1.43026031668154,20,10,0,3.13475998969076,0.344836594189614,20,138,-16.1497082095175
0.31872271467571,-40,0.847852902077836,27,0.3,20,2.42444930665735,1.43026031668154,20,10,0,3.13475998969076,0.344836594189614,20,140,-14.6252294634946
0.31872271467571,-40,0.847852902077836,27,0.3,20,2.42444930665735,1.43026031668154,20,10,0,3.13475998969076,0.344836594189614,20,142,-13.1070721013308
0.31872271467571,-40,0.847852902077836,27,0.3,20,2.42444930665735,1.43026031668154,20,10,0,3.13475998969076,0.344836594189614,20,144,-11.8455282664682
0.31872271467571,-40,0.847852902077836,27,0.3,20,2.42444930665735,1.43026031668154,20,10,0,3.13475998969076,0.344836594189614,20,146,-10.9671599119356
0.31872271467571,-40,0.847852902077836,27,0.3,20,2.42444930665735,1.43026031668154,20,10,0,3.13475998969076,0.344836594189614,20,148,-10.5180746536552
0.31872271467571,-40,0.847852902077836,27,0.3,20,2.42444930665735,1.43026031668154,20,10,0,3.13475998969076,0.344836594189614,20,150,-10.5046983504419
0.31872271467571,-40,0.847852902077836,27,0.3,20,2.42444930665735,1.43026031668154,20,10,0,3.13475998969076,0.344836594189614,20,152,-10.9086681690719
0.31872271467571,-40,0.847852902077836,27,0.3,20,2.42444930665735,1.43026031668154,20,10,0,3.13475998969076,0.344836594189614,20,154,-11.6755304581971
0.31872271467571,-40,0.847852902077836,27,0.3,20,2.42444930665735,1.43026031668154,20,10,0,3.13475998969076,0.344836594189614,20,156,-12.6699272581944
0.31872271467571,-40,0.847852902077836,27,0.3,20,2.42444930665735,1.43026031668154,20,10,0,3.13475998969076,0.344836594189614,20,158,-13.602043086896
0.31872271467571,-40,0.847852902077836,27,0.3,20,2.42444930665735,1.43026031668154,20,10,0,3.13475998969076,0.344836594189614,20,160,-14.0465161884487
0.31872271467571,-40,0.847852902077836,27,0.3,20,2.42444930665735,1.43026031668154,20,10,0,3.13475998969076,0.344836594189614,20,162,-13.7636164750951
0.31872271467571,-40,0.847852902077836,27,0.3,20,2.42444930665735,1.43026031668154,20,10,0,3.13475998969076,0.344836594189614,20,164,-12.9633894564787
0.31872271467571,-40,0.847852902077836,27,0.3,20,2.42444930665735,1.43026031668154,20,10,0,3.13475998969076,0.344836594189614,20,166,-12.0133857698903
0.31872271467571,-40,0.847852902077836,27,0.3,20,2.42444930665735,1.43026031668154,20,10,0,3.13475998969076,0.344836594189614,20,168,-11.1369444315189
0.31872271467571,-40,0.847852902077836,27,0.3,20,2.42444930665735,1.43026031668154,20,10,0,3.13475998969076,0.344836594189614,20,170,-10.4097644922379
0.31872271467571,-40,0.847852902077836,27,0.3,20,2.42444930665735,1.43026031668154,20,10,0,3.13475998969076,0.344836594189614,20,172,-9.83644760773739
0.31872271467571,-40,0.847852902077836,27,0.3,20,2.42444930665735,1.43026031668154,20,10,0,3.13475998969076,0.344836594189614,20,174,-9.3987242454012
0.31872271467571,-40,0.847852902077836,27,0.3,20,2.42444930665735,1.43026031668154,20,10,0,3.13475998969076,0.344836594189614,20,176,-9.07662430441042
0.31872271467571,-40,0.847852902077836,27,0.3,20,2.42444930665735,1.43026031668154,20,10,0,3.13475998969076,0.344836594189614,20,178,-8.85634904486485
0.31872271467571,-40,0.847852902077836,27,0.3,20,2.42444930665735,1.43026031668154,20,10,0,3.13475998969076,0.344836594189614,20,180,-8.73258832740087
0.31872271467571,-40,0.847852902077836,27.1,0.3,20,2.42444930665735,1.43026031668154,20,10,0,3.13475998969076,0.344836594189614,20,-180,-8.56913971627743
0.31872271467571,-40,0.847852902077836,27.1,0.3,20,2.42444930665735,1.43026031668154,20,10,0,3.13475998969076,0.344836594189614,20,-178,-8.54209247848569
0.31872271467571,-40,0.847852902077836,27.1,0.3,20,2.42444930665735,1.43026031668154,20,10,0,3.13475998969076,0.344836594189614,20,-176,-8.61710876771648
0.31872271467571,-40,0.847852902077836,27.1,0.3,20,2.42444930665735,1.43026031668154,20,10,0,3.13475998969076,0.344836594189614,20,-174,-8.81541872145997
0.31872271467571,-40,0.847852902077836,27.1,0.3,20,2.42444930665735,1.43026031668154,20,10,0,3.13475998969076,0.344836594189614,20,-172,-9.1646995913016
0.31872271467571,-40,0.847852902077836,27.1,0.3,20,2.42444930665735,1.43026031668154,20,10,0,3.13475998969076,0.344836594189614,20,-170,-9.69535942207954
0.31872271467571,-40,0.847852902077836,27.1,0.3,20,2.42444930665735,1.43026031668154,20,10,0,3.13475998969076,0.344836594189614,20,-168,-10.4330601146134
0.31872271467571,-40,0.847852902077836,27.1,0.3,20,2.42444930665735,1.43026031668154,20,10,0,3.13475998969076,0.344836594189614,20,-166,-11.3815756184177
0.31872271467571,-40,0.847852902077836,27.1,0.3,20,2.42444930665735,1.43026031668154,20,10,0,3.13475998969076,0.344836594189614,20,-164,-12.4819913910189
0.31872271467571,-40,0.847852902077836,27.1,0.3,20,2.42444930665735,1.43026031668154,20,10,0,3.13475998969076,0.344836594189614,20,-162,-13.5336543511211
0.31872271467571,-40,0.847852902077836,27.1,0.3,20,2.42444930665735,1.43026031668154,20,10,0,3.13475998969076,0.344836594189614,20,-160,-14.1454053434779
0.31872271467571,-40,0.847852902077836,27.1,0.3,20,2.42444930665735,1.43026031668154,20,10,0,3.13475998969076,0.344836594189614,20,-158,-13.9812650020974
0.31872271467571,-40,0.847852902077836,27.1,0.3,20,2.42444930665735,1.43026031668154,20,10,0,3.13475998969076,0.344836594189614,20,-156,-13.1838493557559
0.31872271467571,-40,0.847852902077836,27.1,0.3,20,2.42444930665735,1.43026031668154,20,10,0,3.13475998969076,0.344836594189614,20,-154,-12.2091339796227
0.31872271467571,-40,0.847852902077836,27.1,0.3,20,2.42444930665735,1.43026031668154,20,10,0,3.13475998969076,0.344836594189614,20,-152,-11.4037611504001
0.31872271467571,-40,0.847852902077836,27.1,0.3,20,2.42444930665735,1.43026031668154,20,10,0,3.13475998969076,0.344836594189614,20,-150,-10.9321974783402
0.31872271467571,-40,0.847852902077836,27.1,0.3,20,2.42444930665735,1.43026031668154,20,10,0,3.13475998969076,0.344836594189614,20,-148,-10.8603498921766
0.31872271467571,-40,0.847852902077836,27.1,0.3,20,2.42444930665735,1.43026031668154,20,10,0,3.13475998969076,0.344836594189614,20,-146,-11.2139585446636
0.31872271467571,-40,0.847852902077836,27.1,0.3,20,2.42444930665735,1.43026031668154,20,10,0,3.13475998969076,0.344836594189614,20,-144,-11.9982029039549
0.31872271467571,-40,0.847852902077836,27.1,0.3,20,2.42444930665735,1.43026031668154,20,10,0,3.13475998969076,0.344836594189614,20,-142,-13.1903560004547
0.31872271467571,-40,0.847852902077836,27.1,0.3,20,2.42444930665735,1.43026031668154,20,10,0,3.13475998969076,0.344836594189614,20,-140,-14.7047067077129
0.31872271467571,-40,0.847852902077836,27.1,0.3,20,2.42444930665735,1.43026031668154,20,10,0,3.13475998969076,0.344836594189614,20,-138,-16.3302137193552
0.31872271467571,-40,0.847852902077836,27.1,0.3,20,2.42444930665735,1.43026031668154,20,10,0,3.13475998969076,0.344836594189614,20,-136,-17.712962041259
0.31872271467571,-40,0.847852902077836,27.1,0.3,20,2.42444930665735,1.43026031668154,20,10,0,3.13475998969076,0.344836594189614,20,-134,-18.5601729491202
0.31872271467571,-40,0.847852902077836,27.1,0.3,20,2.42444930665735,1.43026031668154,20,10,0,3.13475998969076,0.344836594189614,20,-132,-18.9175422919782
0.31872271467571,-40,0.847852902077836,27.1,0.3,20,2.42444930665735,1.43026031668154,20,10,0,3.13475998969076,0.344836594189614,20,-130,-19.0193918494708
0.31872271467571,-40,0.847852902077836,27.1,0.3,20,2.42444930665735,1.43026031668154,20,10,0,3.13475998969076,0.344836594189614,20,-128,-18.9811546691936
0.31872271467571,-40,0.847852902077836,27.1,0.3,20,2.42444930665735,1.43026031668154,20,10,0,3.13475998969076,0.344836594189614,20,-126,-18.7912258324864
0.31872271467571,-40,0.847852902077836,27.1,0.3,20,2.42444930665735,1.43026031668154,20,10,0,3.13475998969076,0.344836594189614,20,-124,-18.4719994690013
0.31872271467571,-40,0.847852902077836,27.1,0.3,20,2.42444930665735,1.43026031668154,20,10,0,3.13475998969076,0.344836594189614,20,-122,-18.150198690556
0.31872271467571,-40,0.847852902077836,27.1,0.3,20,2.42444930665735,1.43026031668154,20,10,0,3.13475998969076,0.344836594189614,20,-120,-17.9828572909006
0.31872271467571,-40,0.847852902077836,27.1,0.3,20,2.42444930665735,1.43026031668154,20,10,0,3.13475998969076,0.344836594189614,20,-118,-18.0649141320396
0.31872271467571,-40,0.847852902077836,27.1,0.3,20,2.42444930665735,1.43026031668154,20,10,0,3.13475998969076,0.344836594189614,20,-116,-18.3752959575825
0.31872271467571,-40,0.847852902077836,27.1,0.3,20,2.42444930665735,1.43026031668154,20,10,0,3.13475998969076,0.344836594189614,20,-114,-18.7239051650692
0.31872271467571,-40,0.847852902077836,27.1,0.3,20,2.42444930665735,1.43026031668154,20,10,0,3.13475998969076,0.344836594189614,20,-112,-18.7352174251322
0.31872271467571,-40,0.847852902077836,27.1,0.3,20,2.42444930665735,1.43026031668154,20,10,0,3.13475998969076,0.344836594189614,20,-110,-18.078533433053
0.31872271467571,-40,0.847852902077836,27.1,0.3,20,2.42444930665735,1.43026031668154,20,10,0,3.13475998969076,0.344836594189614,20,-108,-16.8363191260918
0.31872271467571,-40,0.847852902077836,27.1,0.3,20,2.42444930665735,1.43026031668154,20,10,0,3.13475998969076,0.344836594189614,20,-106,-15.3798355785378
0.31872271467571,-40,0.847852902077836,27.1,0.3,20,2.42444930665735,1.43026031668154,20,10,0,3.13475998969076,0.344836594189614,20,-104,-14.0007103177772
0.31872271467571,-40,0.847852902077836,27.1,0.3,20,2.42444930665735,1.43026031668154,20,10,0,3.13475998969076,0.344836594189614,20,-102,-12.8270971208074
0.31872271467571,-40,0.847852902077836,27.1,0.3,20,2.42444930665735,1.43026031668154,20,10,0,3.13475998969076,0.344836594189614,20,-100,-11.8915170015715
0.31872271467571,-40,0.847852902077836,27.1,0.3,20,2.42444930665735,1.43026031668154,20,10,0,3.13475998969076,0.344836594189614,20,-98,-11.1858107062109
0.31872271467571,-40,0.847852902077836,27.1,0.3,20,2.42444930665735,1.43026031668154,20,10,0,3.13475998969076,0.344836594189614,20,-96,-10.6840332798309
0.31872271467571,-40,0.847852902077836,27.1,0.3,20,2.42444930665735,1.43026031668154,20,10,0,3.13475998969076,0.344836594189614,20,-94,-10.3468979854441
0.31872271467571,-40,0.847852902077836,27.1,0.3,20,2.42444930665735,1.43026031668154,20,10,0,3.13475998969076,0.344836594189614,20,-92,-10.1178851592705
0.31872271467571,-40,0.847852902077836,27.1,0.3,20,2.42444930665735,1.43026031668154,20,10,0,3.13475998969076,0.344836594189614,20,-90,-9.91937052081066
0.31872271467571,-40,0.847852902077836,27.1,0.3,20,2.42444930665735,1.43026031668154,20,10,0,3.13475998969076,0.344836594189614,20,-88,-9.66026076683068
0.31872271467571,-40,0.847852902077836,27.1,0.3,20,2.42444930665735,1.43026031668154,20,10,0,3.13475998969076,0.344836594189614,20,-86,-9.2650630321395
0.31872271467571,-40,0.847852902077836,27.1,0.3,20,2.42444930665735,1.43026031668154,20,10,0,3.13475998969076,0.344836594189614,20,-84,-8.71325530504916
0.31872271467571,-40,0.847852902077836,27.1,0.3,20,2.42444930665735,1.43026031668154,20,10,0,3.13475998969076,0.344836594189614,20,-82,-8.0528469361177
0.31872271467571,-40,0.847852902077836,27.1,0.3,20,2.42444930665735,1.43026031668154,20,10,0,3.13475998969076,0.344836594189614,20,-80,-7.37122169389626
0.31872271467571,-40,0.847852902077836,27.1,0.3,20,2.42444930665735,1.43026031668154,20,10,0,3.13475998969076,0.344836594189614,20,-78,-6.75135110193528
0.31872271467571,-40,0.847852902077836,27.1,0.3,20,2.42444930665735,1.43026031668154,20,10,0,3.13475998969076,0.344836594189614,20,-76,-6.24388872030739
0.31872271467571,-40,0.847852902077836,27.1,0.3,20,2.42444930665735,1.43026031668154,20,10,0,3.13475998969076,0.344836594189614,20,-74,-5.85773777082003
0.31872271467571,-40,0.847852902077836,27.1,0.3,20,2.42444930665735,1.43026031668154,20,10,0,3.13475998969076,0.344836594189614,20,-72,-5.55997534191565
0.31872271467571,-40,0.847852902077836,27.1,0.3,20,2.42444930665735,1.43026031668154,20,10,0,3.13475998969076,0.344836594189614,20,-70,-5.28330500406187
0.31872271467571,-40,0.847852902077836,27.1,0.3,20,2.42444930665735,1.43026031668154,20,10,0,3.13475998969076,0.344836594189614,20,-68,-4.94825955095574
0.31872271467571,-40,0.847852902077836,27.1,0.3,20,2.42444930665735,1.43026031668154,20,10,0,3.13475998969076,0.344836594189614,20,-66,-4.5017884309508
0.31872271467571,-40,0.847852902077836,27.1,0.3,20,2.42444930665735,1.43026031668154,20,10,0,3.13475998969076,0.344836594189614,20,-64,-3.94981078117055
0.31872271467571,-40,0.847852902077836,27.1,0.3,20,2.42444930665735,1.43026031668154,20,10,0,3.13475998969076,0.344836594189614,20,-62,-3.35327339331465
0.31872271467571,-40,0.847852902077836,27.1,0.3,20,2.42444930665735,1.43026031668154,20,10,0,3.13475998969076,0.344836594189614,20,-60,-2.79213176268419
0.31872271467571,-40,0.847852902077836,27.1,0.3,20,2.42444930665735,1.43026031668154,20,10,0,3.13475998969076,0.344836594189614,20,-58,-2.32998504784205
0.31872271467571,-40,0.847852902077836,27.1,0.3,20,2.42444930665735,1.43026031668154,20,10,0,3.13475998969076,0.344836594189614,20,-56,-1.99712814056358
0.31872271467571,-40,0.847852902077836,27.1,0.3,20,2.42444930665735,1.43026031668154,20,10,0,3.13475998969076,0.344836594189614,20,-54,-1.78762421179307
0.31872271467571,-40,0.847852902077836,27.1,0.3,20,2.42444930665735,1.43026031668154,20,10,0,3.13475998969076,0.344836594189614,20,-52,-1.66290473063788
0.31872271467571,-40,0.847852902077836,27.1,0.3,20,2.42444930665735,1.43026031668154,20,10,0,3.13475998969076,0.344836594189614,20,-50,-1.56143970208641
0.31872271467571,-40,0.847852902077836,27.1,0.3,20,2.42444930665735,1.43026031668154,20,10,0,3.13475998969076,0.344836594189614,20,-48,-1.41816185516693
0.31872271467571,-40,0.847852902077836,27.1,0.3,20,2.42444930665735,1.43026031668154,20,10,0,3.13475998969076,0.344836594189614,20,-46,-1.19108796362369
0.31872271467571,-40,0.847852902077836,27.1,0.3,20,2.42444930665735,1.43026031668154,20,10,0,3.13475998969076,0.344836594189614,20,-44,-0.879632878709127
0.31872271467571,-40,0.847852902077836,27.1,0.3,20,2.42444930665735,1.43026031668154,20,10,0,3.13475998969076,0.344836594189614,20,-42,-0.519453575347142
0.31872271467571,-40,0.847852902077836,27.1,0.3,20,2.42444930665735,1.43026031668154,20,10,0,3.13475998969076,0.344836594189614,20,-40,-0.159073142942321
0.31872271467571,-40,0.847852902077836,27.1,0.3,20,2.42444930665735,1.43026031668154,20,10,0,3.13475998969076,0.344836594189614,20,-38,0.162789057562654
0.31872271467571,-40,0.847852902077836,27.1,0.3,20,2.42444930665735,1.43026031668154,20,10,0,3.13475998969076,0.344836594189614,20,-36,0.428144463154793
0.31872271467571,-40,0.847852902077836,27.1,0.3,20,2.42444930665735,1.43026031668154,20,10,0,3.13475998969076,0.344836594189614,20,-34,0.640022678609561
0.31872271467571,-40,0.847852902077836,27.1,0.3,20,2.42444930665735,1.43026031668154,20,10,0,3.13475998969076,0.344836594189614,20,-32,0.816743671856184
0.31872271467571,-40,0.847852902077836,27.1,0.3,20,2.42444930665735,1.43026031668154,20,10,0,3.13475998969076,0.344836594189614,20,-30,0.983239837894947
0.31872271467571,-40,0.847852902077836,27.1,0.3,20,2.42444930665735,1.43026031668154,20,10,0,3.13475998969076,0.344836594189614,20,-28,1.16153248245093
0.31872271467571,-40,0.847852902077836,27.1,0.3,20,2.42444930665735,1.43026031668154,20,10,0,3.13475998969076,0.344836594189614,20,-26,1.36314452826562
0.31872271467571,-40,0.847852902077836,27.1,0.3,20,2.42444930665735,1.43026031668154,20,10,0,3.13475998969076,0.344836594189614,20,-24,1.58637931784681
0.31872271467571,-40,0.847852902077836,27.1,0.3,20,2.42444930665735,1.43026031668154,20,10,0,3.13475998969076,0.344836594189614,20,-22,1.81923822443778
0.31872271467571,-40,0.847852902077836,27.1,0.3,20,2.42444930665735,1.43026031668154,20,10,0,3.13475998969076,0.344836594189614,20,-20,2.04564784091904
0.31872271467571,-40,0.847852902077836,27.1,0.3,20,2.42444930665735,1.43026031668154,20,10,0,3.13475998969076,0.344836594189614,20,-18,2.25147346859174
0.31872271467571,-40,0.847852902077836,27.1,0.3,20,2.42444930665735,1.43026031668154,20,10,0,3.13475998969076,0.344836594189614,20,-16,2.42806810100366
0.31872271467571,-40,0.847852902077836,27.1,0.3,20,2.42444930665735,1.43026031668154,20,10,0,3.13475998969076,0.344836594189614,20,-14,2.5730357973154
0.31872271467571,-40,0.847852902077836,27.1,0.3,20,2.42444930665735,1.43026031668154,20,10,0,3.13475998969076,0.344836594189614,20,-12,2.68900418886031
0.31872271467571,-40,0.847852902077836,27.1,0.3,20,2.42444930665735,1.43026031668154,20,10,0,3.13475998969076,0.344836594189614,20,-10,2.78142850438598
0.31872271467571,-40,0.847852902077836,27.1,0.3,20,2.42444930665735,1.43026031668154,20,10,0,3.13475998969076,0.344836594189614,20,-8,2.85628692822032
0.31872271467571,-40,0.847852902077836,27.1,0.3,20,2.42444930665735,1.43026031668154,20,10,0,3.13475998969076,0.344836594189614,20,-6,2.91828572811342
0.31872271467571,-40,0.847852902077836,27.1,0.3,20,2.42444930665735,1.43026031668154,20,10,0,3.13475998969076,0.344836594189614,20,-4,2.96991822307987
0.31872271467571,-40,0.847852902077836,27.1,0.3,20,2.42444930665735,1.43026031668154,20,10,0,3.13475998969076,0.344836594189614,20,-2,3.01140390176199
0.31872271467571,-40,0.847852902077836,27.1,0.3,20,2.42444930665735,1.43026031668154,20,10,0,3.13475998969076,0.344836594189614,20,0,3.04124252069466
0.31872271467571,-40,0.847852902077836,27.1,0.3,20,2.42444930665735,1.43026031668154,20,10,0,3.13475998969076,0.344836594189614,20,2,3.05696967660281
0.31872271467571,-40,0.847852902077836,27.1,0.3,20,2.42444930665735,1.43026031668154,20,10,0,3.13475998969076,0.344836594189614,20,4,3.05575115251834
0.31872271467571,-40,0.847852902077836,27.1,0.3,20,2.42444930665735,1.43026031668154,20,10,0,3.13475998969076,0.344836594189614,20,6,3.03465119368492
0.31872271467571,-40,0.847852902077836,27.1,0.3,20,2.42444930665735,1.43026031668154,20,10,0,3.13475998969076,0.344836594189614,20,8,2.990640854638
0.31872271467571,-40,0.847852902077836,27.1,0.3,20,2.42444930665735,1.43026031668154,20,10,0,3.13475998969076,0.344836594189614,20,10,2.92057311713947
0.31872271467571,-40,0.847852902077836,27.1,0.3,20,2.42444930665735,1.43026031668154,20,10,0,3.13475998969076,0.344836594189614,20,12,2.82138819133693
0.31872271467571,-40,0.847852902077836,27.1,0.3,20,2.42444930665735,1.43026031668154,20,10,0,3.13475998969076,0.344836594189614,20,14,2.69072575771991
0.31872271467571,-40,0.847852902077836,27.1,0.3,20,2.42444930665735,1.43026031668154,20,10,0,3.13475998969076,0.344836594189614,20,16,2.52794723558439
0.31872271467571,-40,0.847852902077836,27.1,0.3,20,2.42444930665735,1.43026031668154,20,10,0,3.13475998969076,0.344836594189614,20,18,2.33535256977077
0.31872271467571,-40,0.847852902077836,27.1,0.3,20,2.42444930665735,1.43026031668154,20,10,0,3.13475998969076,0.344836594189614,20,20,2.11914086429733
0.31872271467571,-40,0.847852902077836,27.1,0.3,20,2.42444930665735,1.43026031668154,20,10,0,3.13475998969076,0.344836594189614,20,22,1.88945655495333
0.31872271467571,-40,0.847852902077836,27.1,0.3,20,2.42444930665735,1.43026031668154,20,10,0,3.13475998969076,0.344836594189614,20,24,1.658827224369
0.31872271467571,-40,0.847852902077836,27.1,0.3,20,2.42444930665735,1.43026031668154,20,10,0,3.13475998969076,0.344836594189614,20,26,1.43871481569724
0.31872271467571,-40,0.847852902077836,27.1,0.3,20,2.42444930665735,1.43026031668154,20,10,0,3.13475998969076,0.344836594189614,20,28,1.23494482087698
0.31872271467571,-40,0.847852902077836,27.1,0.3,20,2.42444930665735,1.43026031668154,20,10,0,3.13475998969076,0.344836594189614,20,30,1.0440025119773
0.31872271467571,-40,0.847852902077836,27.1,0.3,20,2.42444930665735,1.43026031668154,20,10,0,3.13475998969076,0.344836594189614,20,32,0.852454704440763
0.31872271467571,-40,0.847852902077836,27.1,0.3,20,2.42444930665735,1.43026031668154,20,10,0,3.13475998969076,0.344836594189614,20,34,0.640400653492961
0.31872271467571,-40,0.847852902077836,27.1,0.3,20,2.42444930665735,1.43026031668154,20,10,0,3.13475998969076,0.344836594189614,20,36,0.387865116300469
0.31872271467571,-40,0.847852902077836,27.1,0.3,20,2.42444930665735,1.43026031668154,20,10,0,3.13475998969076,0.344836594189614,20,38,0.0820997109617349
0.31872271467571,-40,0.847852902077836,27.1,0.3,20,2.42444930665735,1.43026031668154,20,10,0,3.13475998969076,0.344836594189614,20,40,-0.275879782320991
0.31872271467571,-40,0.847852902077836,27.1,0.3,20,2.42444930665735,1.43026031668154,20,10,0,3.13475998969076,0.344836594189614,20,42,-0.666882392283363
0.31872271467571,-40,0.847852902077836,27.1,0.3,20,2.42444930665735,1.43026031668154,20,10,0,3.13475998969076,0.344836594189614,20,44,-1.05361271928143
0.31872271467571,-40,0.847852902077836,27.1,0.3,20,2.42444930665735,1.43026031668154,20,10,0,3.13475998969076,0.344836594189614,20,46,-1.38905387926838
0.31872271467571,-40,0.847852902077836,27.1,0.3,20,2.42444930665735,1.43026031668154,20,10,0,3.13475998969076,0.344836594189614,20,48,-1.63490546947728
0.31872271467571,-40,0.847852902077836,27.1,0.3,20,2.42444930665735,1.43026031668154,20,10,0,3.13475998969076,0.344836594189614,20,50,-1.78277775851737
0.31872271467571,-40,0.847852902077836,27.1,0.3,20,2.42444930665735,1.43026031668154,20,10,0,3.13475998969076,0.344836594189614,20,52,-1.86273261861283
0.31872271467571,-40,0.847852902077836,27.1,0.3,20,2.42444930665735,1.43026031668154,20,10,0,3.13475998969076,0.344836594189614,20,54,-1.93150151982225
0.31872271467571,-40,0.847852902077836,27.1,0.3,20,2.42444930665735,1.43026031668154,20,10,0,3.13475998969076,0.344836594189614,20,56,-2.05025537614909
0.31872271467571,-40,0.847852902077836,27.1,0.3,20,2.42444930665735,1.43026031668154,20,10,0,3.13475998969076,0.344836594189614,20,58,-2.26649500971447
0.31872271467571,-40,0.847852902077836,27.1,0.3,20,2.42444930665735,1.43026031668154,20,10,0,3.13475998969076,0.344836594189614,20,60,-2.60509630187958
0.31872271467571,-40,0.847852902077836,27.1,0.3,20,2.42444930665735,1.43026031668154,20,10,0,3.13475998969076,0.344836594189614,20,62,-3.06548016020811
0.31872271467571,-40,0.847852902077836,27.1,0.3,20,2.42444930665735,1.43026031668154,20,10,0,3.13475998969076,0.344836594189614,20,64,-3.62142087838519
0.31872271467571,-40,0.847852902077836,27.1,0.3,20,2.42444930665735,1.43026031668154,20,10,0,3.13475998969076,0.344836594189614,20,66,-4.22370431233135
0.31872271467571,-40,0.847852902077836,27.1,0.3,20,2.42444930665735,1.43026031668154,20,10,0,3.13475998969076,0.344836594189614,20,68,-4.80961257660466
0.31872271467571,-40,0.847852902077836,27.1,0.3,20,2.42444930665735,1.43026031668154,20,10,0,3.13475998969076,0.344836594189614,20,70,-5.322568834185
0.31872271467571,-40,0.847852902077836,27.1,0.3,20,2.42444930665735,1.43026031668154,20,10,0,3.13475998969076,0.344836594189614,20,72,-5.73618849735664
0.31872271467571,-40,0.847852902077836,27.1,0.3,20,2.42444930665735,1.43026031668154,20,10,0,3.13475998969076,0.344836594189614,20,74,-6.06655452217714
0.31872271467571,-40,0.847852902077836,27.1,0.3,20,2.42444930665735,1.43026031668154,20,10,0,3.13475998969076,0.344836594189614,20,76,-6.36245985320154
0.31872271467571,-40,0.847852902077836,27.1,0.3,20,2.42444930665735,1.43026031668154,20,10,0,3.13475998969076,0.344836594189614,20,78,-6.68281873740467
0.31872271467571,-40,0.847852902077836,27.1,0.3,20,2.42444930665735,1.43026031668154,20,10,0,3.13475998969076,0.344836594189614,20,80,-7.07759449696373
0.31872271467571,-40,0.847852902077836,27.1,0.3,20,2.42444930665735,1.43026031668154,20,10,0,3.13475998969076,0.344836594189614,20,82,-7.57845742833585
0.31872271467571,-40,0.847852902077836,27.1,0.3,20,2.42444930665735,1.43026031668154,20,10,0,3.13475998969076,0.344836594189614,20,84,-8.19536423972943
0.31872271467571,-40,0.847852902077836,27.1,0.3,20,2.42444930665735,1.43026031668154,20,10,0,3.13475998969076,0.344836594189614,20,86,-8.91347024089992
0.31872271467571,-40,0.847852902077836,27.1,0.3,20,2.42444930665735,1.43026031668154,20,10,0,3.13475998969076,0.344836594189614,20,88,-9.6882400089587
0.31872271467571,-40,0.847852902077836,27.1,0.3,20,2.42444930665735,1.43026031668154,20,10,0,3.13475998969076,0.344836594189614,20,90,-10.4433157850004
0.31872271467571,-40,0.847852902077836,27.1,0.3,20,2.42444930665735,1.43026031668154,20,10,0,3.13475998969076,0.344836594189614,20,92,-11.0843950586626
0.31872271467571,-40,0.847852902077836,27.1,0.3,20,2.42444930665735,1.43026031668154,20,10,0,3.13475998969076,0.344836594189614,20,94,-11.5405478363504
0.31872271467571,-40,0.847852902077836,27.1,0.3,20,2.42444930665735,1.43026031668154,20,10,0,3.13475998969076,0.344836594189614,20,96,-11.813264700027
0.31872271467571,-40,0.847852902077836,27.1,0.3,20,2.42444930665735,1.43026031668154,20,10,0,3.13475998969076,0.344836594189614,20,98,-11.9848122388743
0.31872271467571,-40,0.847852902077836,27.1,0.3,20,2.42444930665735,1.43026031668154,20,10,0,3.13475998969076,0.344836594189614,20,100,-12.1761750247297
0.31872271467571,-40,0.847852902077836,27.1,0.3,20,2.42444930665735,1.43026031668154,20,10,0,3.13475998969076,0.344836594189614,20,102,-12.4996984868916
0.31872271467571,-40,0.847852902077836,27.1,0.3,20,2.42444930665735,1.43026031668154,20,10,0,3.13475998969076,0.344836594189614,20,104,-13.0379032505783
0.31872271467571,-40,0.847852902077836,27.1,0.3,20,2.42444930665735,1.43026031668154,20,10,0,3.13475998969076,0.344836594189614,20,106,-13.8415858582809
0.31872271467571,-40,0.847852902077836,27.1,0.3,20,2.42444930665735,1.43026031668154,20,10,0,3.13475998969076,0.344836594189614,20,108,-14.9285136625559
0.31872271467571,-40,0.847852902077836,27.1,0.3,20,2.42444930665735,1.43026031668154,20,10,0,3.13475998969076,0.344836594189614,20,110,-16.2664338336987
0.31872271467571,-40,0.847852902077836,27.1,0.3,20,2.42444930665735,1.43026031668154,20,10,0,3.13475998969076,0.344836594189614,20,112,-17.7279225967901
0.31872271467571,-40,0.847852902077836,27.1,0.3,20,2.42444930665735,1.43026031668154,20,10,0,3.13475998969076,0.344836594189614,20,114,-19.0403785685638
0.31872271467571,-40,0.847852902077836,27.1,0.3,20,2.42444930665735,1.43026031668154,20,10,0,3.13475998969076,0.344836594189614,20,116,-19.8735149836673
0.31872271467571,-40,0.847852902077836,27.1,0.3,20,2.42444930665735,1.43026031668154,20,10,0,3.13475998969076,0.344836594189614,20,118,-20.1493241761329
0.31872271467571,-40,0.847852902077836,27.1,0.3,20,2.42444930665735,1.43026031668154,20,10,0,3.13475998969076,0.344836594189614,20,120,-20.1308803016518
0.31872271467571,-40,0.847852902077836,27.1,0.3,20,2.42444930665735,1.43026031668154,20,10,0,3.13475998969076,0.344836594189614,20,122,-20.098107978854
0.31872271467571,-40,0.847852902077836,27.1,0.3,20,2.42444930665735,1.43026031668154,20,10,0,3.13475998969076,0.344836594189614,20,124,-20.1274615879344
0.31872271467571,-40,0.847852902077836,27.1,0.3,20,2.42444930665735,1.43026031668154,20,10,0,3.13475998969076,0.344836594189614,20,126,-20.120936329101
0.31872271467571,-40,0.847852902077836,27.1,0.3,20,2.42444930665735,1.43026031668154,20,10,0,3.13475998969076,0.344836594189614,20,128,-19.956381564785
0.31872271467571,-40,0.847852902077836,27.1,0.3,20,2.42444930665735,1.43026031668154,20,10,0,3.13475998969076,0.344836594189614,20,130,-19.6274975175754
0.31872271467571,-40,0.847852902077836,27.1,0.3,20,2.42444930665735,1.43026031668154,20,10,0,3.13475998969076,0.344836594189614,20,132,-19.2007558582995
0.31872271467571,-40,0.847852902077836,27.1,0.3,20,2.42444930665735,1.43026031668154,20,10,0,3.13475998969076,0.344836594189614,20,134,-18.6366985514606
0.31872271467571,-40,0.847852902077836,27.1,0.3,20,2.42444930665735,1.43026031668154,20,10,0,3.13475998969076,0.344836594189614,20,136,-17.737888275472
0.31872271467571,-40,0.847852902077836,27.1,0.3,20,2.42444930665735,1.43026031668154,20,10,0,3.13475998969076,0.344836594189614,20,138,-16.3831728141572
0.31872271467571,-40,0.847852902077836,27.1,0.3,20,2.42444930665735,1.43026031668154,20,10,0,3.13475998969076,0.344836594189614,20,140,-14.7578248784126
0.31872271467571,-40,0.847852902077836,27.1,0.3,20,2.42444930665735,1.43026031668154,20,10,0,3.13475998969076,0.344836594189614,20,142,-13.1917913652697
0.31872271467571,-40,0.847852902077836,27.1,0.3,20,2.42444930665735,1.43026031668154,20,10,0,3.13475998969076,0.344836594189614,20,144,-11.9223963021244
0.31872271467571,-40,0.847852902077836,27.1,0.3,20,2.42444930665735,1.43026031668154,20,10,0,3.13475998969076,0.344836594189614,20,146,-11.0606964541613
0.31872271467571,-40,0.847852902077836,27.1,0.3,20,2.42444930665735,1.43026031668154,20,10,0,3.13475998969076,0.344836594189614,20,148,-10.6434919471338
0.31872271467571,-40,0.847852902077836,27.1,0.3,20,2.42444930665735,1.43026031668154,20,10,0,3.13475998969076,0.344836594189614,20,150,-10.6718757918629
0.31872271467571,-40,0.847852902077836,27.1,0.3,20,2.42444930665735,1.43026031668154,20,10,0,3.13475998969076,0.344836594189614,20,152,-11.1218254173148
0.31872271467571,-40,0.847852902077836,27.1,0.3,20,2.42444930665735,1.43026031668154,20,10,0,3.13475998969076,0.344836594189614,20,154,-11.9263079412811
0.31872271467571,-40,0.847852902077836,27.1,0.3,20,2.42444930665735,1.43026031668154,20,10,0,3.13475998969076,0.344836594189614,20,156,-12.9196474416277
0.31872271467571,-40,0.847852902077836,27.1,0.3,20,2.42444930665735,1.43026031668154,20,10,0,3.13475998969076,0.344836594189614,20,158,-13.761873489056
0.31872271467571,-40,0.847852902077836,27.1,0.3,20,2.42444930665735,1.43026031668154,20,10,0,3.13475998969076,0.344836594189614,20,160,-14.0154809432741
0.31872271467571,-40,0.847852902077836,27.1,0.3,20,2.42444930665735,1.43026031668154,20,10,0,3.13475998969076,0.344836594189614,20,162,-13.5387386849909
0.31872271467571,-40,0.847852902077836,27.1,0.3,20,2.42444930665735,1.43026031668154,20,10,0,3.13475998969076,0.344836594189614,20,164,-12.6349121249156
0.31872271467571,-40,0.847852902077836,27.1,0.3,20,2.42444930665735,1.43026031668154,20,10,0,3.13475998969076,0.344836594189614,20,166,-11.6636326983771
0.31872271467571,-40,0.847852902077836,27.1,0.3,20,2.42444930665735,1.43026031668154,20,10,0,3.13475998969076,0.344836594189614,20,168,-10.8082130564206
0.31872271467571,-40,0.847852902077836,27.1,0.3,20,2.42444930665735,1.43026031668154,20,10,0,3.13475998969076,0.344836594189614,20,170,-10.1178219731864
0.31872271467571,-40,0.847852902077836,27.1,0.3,20,2.42444930665735,1.43026031668154,20,10,0,3.13475998969076,0.344836594189614,20,172,-9.58391647684408
0.31872271467571,-40,0.847852902077836,27.1,0.3,20,2.42444930665735,1.43026031668154,20,10,0,3.13475998969076,0.344836594189614,20,174,-9.18167877812284
0.31872271467571,-40,0.847852902077836,27.1,0.3,20,2.42444930665735,1.43026031668154,20,10,0,3.13475998969076,0.344836594189614,20,176,-8.88749133774911
0.31872271467571,-40,0.847852902077836,27.1,0.3,20,2.42444930665735,1.43026031668154,20,10,0,3.13475998969076,0.344836594189614,20,178,-8.68542387617225
0.31872271467571,-40,0.847852902077836,27.1,0.3,20,2.42444930665735,1.43026031668154,20,10,0,3.13475998969076,0.344836594189614,20,180,-8.56913971627743
0.31872271467571,-40,0.847852902077836,27.2,0.3,20,2.42444930665735,1.43026031668154,20,10,0,3.13475998969076,0.344836594189614,20,-180,-8.4265906690807
0.31872271467571,-40,0.847852902077836,27.2,0.3,20,2.42444930665735,1.43026031668154,20,10,0,3.13475998969076,0.344836594189614,20,-178,-8.3957693967786
0.31872271467571,-40,0.847852902077836,27.2,0.3,20,2.42444930665735,1.43026031668154,20,10,0,3.13475998969076,0.344836594189614,20,-176,-8.45679491369
0.31872271467571,-40,0.847852902077836,27.2,0.3,20,2.42444930665735,1.43026031668154,20,10,0,3.13475998969076,0.344836594189614,20,-174,-8.63252075361137
0.31872271467571,-40,0.847852902077836,27.2,0.3,20,2.42444930665735,1.43026031668154,20,10,0,3.13475998969076,0.344836594189614,20,-172,-8.95282085407128
0.31872271467571,-40,0.847852902077836,27.2,0.3,20,2.42444930665735,1.43026031668154,20,10,0,3.13475998969076,0.344836594189614,20,-170,-9.45102663210694
0.31872271467571,-40,0.847852902077836,27.2,0.3,20,2.42444930665735,1.43026031668154,20,10,0,3.13475998969076,0.344836594189614,20,-168,-10.1575356196097
0.31872271467571,-40,0.847852902077836,27.2,0.3,20,2.42444930665735,1.43026031668154,20,10,0,3.13475998969076,0.344836594189614,20,-166,-11.0858467814335
0.31872271467571,-40,0.847852902077836,27.2,0.3,20,2.42444930665735,1.43026031668154,20,10,0,3.13475998969076,0.344836594189614,20,-164,-12.198442199809
0.31872271467571,-40,0.847852902077836,27.2,0.3,20,2.42444930665735,1.43026031668154,20,10,0,3.13475998969076,0.344836594189614,20,-162,-13.3330254479112
0.31872271467571,-40,0.847852902077836,27.2,0.3,20,2.42444930665735,1.43026031668154,20,10,0,3.13475998969076,0.344836594189614,20,-160,-14.1231047612622
0.31872271467571,-40,0.847852902077836,27.2,0.3,20,2.42444930665735,1.43026031668154,20,10,0,3.13475998969076,0.344836594189614,20,-158,-14.1596276220985
0.31872271467571,-40,0.847852902077836,27.2,0.3,20,2.42444930665735,1.43026031668154,20,10,0,3.13475998969076,0.344836594189614,20,-156,-13.4685971007662
0.31872271467571,-40,0.847852902077836,27.2,0.3,20,2.42444930665735,1.43026031668154,20,10,0,3.13475998969076,0.344836594189614,20,-154,-12.5012152941303
0.31872271467571,-40,0.847852902077836,27.2,0.3,20,2.42444930665735,1.43026031668154,20,10,0,3.13475998969076,0.344836594189614,20,-152,-11.6578603486598
0.31872271467571,-40,0.847852902077836,27.2,0.3,20,2.42444930665735,1.43026031668154,20,10,0,3.13475998969076,0.344836594189614,20,-150,-11.1380482626998
0.31872271467571,-40,0.847852902077836,27.2,0.3,20,2.42444930665735,1.43026031668154,20,10,0,3.13475998969076,0.344836594189614,20,-148,-11.0218349645226
0.31872271467571,-40,0.847852902077836,27.2,0.3,20,2.42444930665735,1.43026031668154,20,10,0,3.13475998969076,0.344836594189614,20,-146,-11.3405508422056
0.31872271467571,-40,0.847852902077836,27.2,0.3,20,2.42444930665735,1.43026031668154,20,10,0,3.13475998969076,0.344836594189614,20,-144,-12.1037023236334
0.31872271467571,-40,0.847852902077836,27.2,0.3,20,2.42444930665735,1.43026031668154,20,10,0,3.13475998969076,0.344836594189614,20,-142,-13.2959429412336
0.31872271467571,-40,0.847852902077836,27.2,0.3,20,2.42444930665735,1.43026031668154,20,10,0,3.13475998969076,0.344836594189614,20,-140,-14.8451881657541
0.31872271467571,-40,0.847852902077836,27.2,0.3,20,2.42444930665735,1.43026031668154,20,10,0,3.13475998969076,0.344836594189614,20,-138,-16.5566881996462
0.31872271467571,-40,0.847852902077836,27.2,0.3,20,2.42444930665735,1.43026031668154,20,10,0,3.13475998969076,0.344836594189614,20,-136,-18.0667924943603
0.31872271467571,-40,0.847852902077836,27.2,0.3,20,2.42444930665735,1.43026031668154,20,10,0,3.13475998969076,0.344836594189614,20,-134,-19.0122858975076
0.31872271467571,-40,0.847852902077836,27.2,0.3,20,2.42444930665735,1.43026031668154,20,10,0,3.13475998969076,0.344836594189614,20,-132,-19.3660479502672
0.31872271467571,-40,0.847852902077836,27.2,0.3,20,2.42444930665735,1.43026031668154,20,10,0,3.13475998969076,0.344836594189614,20,-130,-19.3562531876889
0.31872271467571,-40,0.847852902077836,27.2,0.3,20,2.42444930665735,1.43026031668154,20,10,0,3.13475998969076,0.344836594189614,20,-128,-19.1268381026736
0.31872271467571,-40,0.847852902077836,27.2,0.3,20,2.42444930665735,1.43026031668154,20,10,0,3.13475998969076,0.344836594189614,20,-126,-18.7123191802324
0.31872271467571,-40,0.847852902077836,27.2,0.3,20,2.42444930665735,1.43026031668154,20,10,0,3.13475998969076,0.344836594189614,20,-124,-18.1909591707646
0.31872271467571,-40,0.847852902077836,27.2,0.3,20,2.42444930665735,1.43026031668154,20,10,0,3.13475998969076,0.344836594189614,20,-122,-17.7198585496999
0.31872271467571,-40,0.847852902077836,27.2,0.3,20,2.42444930665735,1.43026031668154,20,10,0,3.13475998969076,0.344836594189614,20,-120,-17.4514110661582
0.31872271467571,-40,0.847852902077836,27.2,0.3,20,2.42444930665735,1.43026031668154,20,10,0,3.13475998969076,0.344836594189614,20,-118,-17.464812955815
0.31872271467571,-40,0.847852902077836,27.2,0.3,20,2.42444930665735,1.43026031668154,20,10,0,3.13475998969076,0.344836594189614,20,-116,-17.7349952496618
0.31872271467571,-40,0.847852902077836,27.2,0.3,20,2.42444930665735,1.43026031668154,20,10,0,3.13475998969076,0.344836594189614,20,-114,-18.0935189336978
0.31872271467571,-40,0.847852902077836,27.2,0.3,20,2.42444930665735,1.43026031668154,20,10,0,3.13475998969076,0.344836594189614,20,-112,-18.2029966691225
0.31872271467571,-40,0.847852902077836,27.2,0.3,20,2.42444930665735,1.43026031668154,20,10,0,3.13475998969076,0.344836594189614,20,-110,-17.7194633955705
0.31872271467571,-40,0.847852902077836,27.2,0.3,20,2.42444930665735,1.43026031668154,20,10,0,3.13475998969076,0.344836594189614,20,-108,-16.6372152647349
0.31872271467571,-40,0.847852902077836,27.2,0.3,20,2.42444930665735,1.43026031668154,20,10,0,3.13475998969076,0.344836594189614,20,-106,-15.2746634115437
0.31872271467571,-40,0.847852902077836,27.2,0.3,20,2.42444930665735,1.43026031668154,20,10,0,3.13475998969076,0.344836594189614,20,-104,-13.9341437090694
0.31872271467571,-40,0.847852902077836,27.2,0.3,20,2.42444930665735,1.43026031668154,20,10,0,3.13475998969076,0.344836594189614,20,-102,-12.7673695042634
0.31872271467571,-40,0.847852902077836,27.2,0.3,20,2.42444930665735,1.43026031668154,20,10,0,3.13475998969076,0.344836594189614,20,-100,-11.8223350645912
0.31872271467571,-40,0.847852902077836,27.2,0.3,20,2.42444930665735,1.43026031668154,20,10,0,3.13475998969076,0.344836594189614,20,-98,-11.0993665198123
0.31872271467571,-40,0.847852902077836,27.2,0.3,20,2.42444930665735,1.43026031668154,20,10,0,3.13475998969076,0.344836594189614,20,-96,-10.5778978654897
0.31872271467571,-40,0.847852902077836,27.2,0.3,20,2.42444930665735,1.43026031668154,20,10,0,3.13475998969076,0.344836594189614,20,-94,-10.2234314158831
0.31872271467571,-40,0.847852902077836,27.2,0.3,20,2.42444930665735,1.43026031668154,20,10,0,3.13475998969076,0.344836594189614,20,-92,-9.98476617936361
0.31872271467571,-40,0.847852902077836,27.2,0.3,20,2.42444930665735,1.43026031668154,20,10,0,3.13475998969076,0.344836594189614,20,-90,-9.78961283654462
0.31872271467571,-40,0.847852902077836,27.2,0.3,20,2.42444930665735,1.43026031668154,20,10,0,3.13475998969076,0.344836594189614,20,-88,-9.54945207845464
0.31872271467571,-40,0.847852902077836,27.2,0.3,20,2.42444930665735,1.43026031668154,20,10,0,3.13475998969076,0.344836594189614,20,-86,-9.18477933963477
0.31872271467571,-40,0.847852902077836,27.2,0.3,20,2.42444930665735,1.43026031668154,20,10,0,3.13475998969076,0.344836594189614,20,-84,-8.6645495020756
0.31872271467571,-40,0.847852902077836,27.2,0.3,20,2.42444930665735,1.43026031668154,20,10,0,3.13475998969076,0.344836594189614,20,-82,-8.02631117286454
0.31872271467571,-40,0.847852902077836,27.2,0.3,20,2.42444930665735,1.43026031668154,20,10,0,3.13475998969076,0.344836594189614,20,-80,-7.35346549130443
0.31872271467571,-40,0.847852902077836,27.2,0.3,20,2.42444930665735,1.43026031668154,20,10,0,3.13475998969076,0.344836594189614,20,-78,-6.73150551933131
0.31872271467571,-40,0.847852902077836,27.2,0.3,20,2.42444930665735,1.43026031668154,20,10,0,3.13475998969076,0.344836594189614,20,-76,-6.2165578450144
0.31872271467571,-40,0.847852902077836,27.2,0.3,20,2.42444930665735,1.43026031668154,20,10,0,3.13475998969076,0.344836594189614,20,-74,-5.82323601621703
0.31872271467571,-40,0.847852902077836,27.2,0.3,20,2.42444930665735,1.43026031668154,20,10,0,3.13475998969076,0.344836594189614,20,-72,-5.52325718002032
0.31872271467571,-40,0.847852902077836,27.2,0.3,20,2.42444930665735,1.43026031668154,20,10,0,3.13475998969076,0.344836594189614,20,-70,-5.25168460838858
0.31872271467571,-40,0.847852902077836,27.2,0.3,20,2.42444930665735,1.43026031668154,20,10,0,3.13475998969076,0.344836594189614,20,-68,-4.92755773954608
0.31872271467571,-40,0.847852902077836,27.2,0.3,20,2.42444930665735,1.43026031668154,20,10,0,3.13475998969076,0.344836594189614,20,-66,-4.49232385196077
0.31872271467571,-40,0.847852902077836,27.2,0.3,20,2.42444930665735,1.43026031668154,20,10,0,3.13475998969076,0.344836594189614,20,-64,-3.94563775982113
0.31872271467571,-40,0.847852902077836,27.2,0.3,20,2.42444930665735,1.43026031668154,20,10,0,3.13475998969076,0.344836594189614,20,-62,-3.34563347489024
0.31872271467571,-40,0.847852902077836,27.2,0.3,20,2.42444930665735,1.43026031668154,20,10,0,3.13475998969076,0.344836594189614,20,-60,-2.77372935279612
0.31872271467571,-40,0.847852902077836,27.2,0.3,20,2.42444930665735,1.43026031668154,20,10,0,3.13475998969076,0.344836594189614,20,-58,-2.29713958341756
0.31872271467571,-40,0.847852902077836,27.2,0.3,20,2.42444930665735,1.43026031668154,20,10,0,3.13475998969076,0.344836594189614,20,-56,-1.94995294761669
0.31872271467571,-40,0.847852902077836,27.2,0.3,20,2.42444930665735,1.43026031668154,20,10,0,3.13475998969076,0.344836594189614,20,-54,-1.72943222051626
0.31872271467571,-40,0.847852902077836,27.2,0.3,20,2.42444930665735,1.43026031668154,20,10,0,3.13475998969076,0.344836594189614,20,-52,-1.59933912384958
0.31872271467571,-40,0.847852902077836,27.2,0.3,20,2.42444930665735,1.43026031668154,20,10,0,3.13475998969076,0.344836594189614,20,-50,-1.49907749503605
0.31872271467571,-40,0.847852902077836,27.2,0.3,20,2.42444930665735,1.43026031668154,20,10,0,3.13475998969076,0.344836594189614,20,-48,-1.36237555884449
0.31872271467571,-40,0.847852902077836,27.2,0.3,20,2.42444930665735,1.43026031668154,20,10,0,3.13475998969076,0.344836594189614,20,-46,-1.14395570949089
0.31872271467571,-40,0.847852902077836,27.2,0.3,20,2.42444930665735,1.43026031668154,20,10,0,3.13475998969076,0.344836594189614,20,-44,-0.839478343720286
0.31872271467571,-40,0.847852902077836,27.2,0.3,20,2.42444930665735,1.43026031668154,20,10,0,3.13475998969076,0.344836594189614,20,-42,-0.482460736676094
0.31872271467571,-40,0.847852902077836,27.2,0.3,20,2.42444930665735,1.43026031668154,20,10,0,3.13475998969076,0.344836594189614,20,-40,-0.121544201299673
0.31872271467571,-40,0.847852902077836,27.2,0.3,20,2.42444930665735,1.43026031668154,20,10,0,3.13475998969076,0.344836594189614,20,-38,0.203014067142515
0.31872271467571,-40,0.847852902077836,27.2,0.3,20,2.42444930665735,1.43026031668154,20,10,0,3.13475998969076,0.344836594189614,20,-36,0.471363786122689
0.31872271467571,-40,0.847852902077836,27.2,0.3,20,2.42444930665735,1.43026031668154,20,10,0,3.13475998969076,0.344836594189614,20,-34,0.685020915607618
0.31872271467571,-40,0.847852902077836,27.2,0.3,20,2.42444930665735,1.43026031668154,20,10,0,3.13475998969076,0.344836594189614,20,-32,0.861438727603964
0.31872271467571,-40,0.847852902077836,27.2,0.3,20,2.42444930665735,1.43026031668154,20,10,0,3.13475998969076,0.344836594189614,20,-30,1.02543308279656
0.31872271467571,-40,0.847852902077836,27.2,0.3,20,2.42444930665735,1.43026031668154,20,10,0,3.13475998969076,0.344836594189614,20,-28,1.19958796762918
0.31872271467571,-40,0.847852902077836,27.2,0.3,20,2.42444930665735,1.43026031668154,20,10,0,3.13475998969076,0.344836594189614,20,-26,1.39637920370804
0.31872271467571,-40,0.847852902077836,27.2,0.3,20,2.42444930665735,1.43026031668154,20,10,0,3.13475998969076,0.344836594189614,20,-24,1.61502874794909
0.31872271467571,-40,0.847852902077836,27.2,0.3,20,2.42444930665735,1.43026031668154,20,10,0,3.13475998969076,0.344836594189614,20,-22,1.84408653777185
0.31872271467571,-40,0.847852902077836,27.2,0.3,20,2.42444930665735,1.43026031668154,20,10,0,3.13475998969076,0.344836594189614,20,-20,2.06757462896066
0.31872271467571,-40,0.847852902077836,27.2,0.3,20,2.42444930665735,1.43026031668154,20,10,0,3.13475998969076,0.344836594189614,20,-18,2.27113517441468
0.31872271467571,-40,0.847852902077836,27.2,0.3,20,2.42444930665735,1.43026031668154,20,10,0,3.13475998969076,0.344836594189614,20,-16,2.44578444278736
0.31872271467571,-40,0.847852902077836,27.2,0.3,20,2.42444930665735,1.43026031668154,20,10,0,3.13475998969076,0.344836594189614,20,-14,2.5888392237212
0.31872271467571,-40,0.847852902077836,27.2,0.3,20,2.42444930665735,1.43026031668154,20,10,0,3.13475998969076,0.344836594189614,20,-12,2.70277567352225
0.31872271467571,-40,0.847852902077836,27.2,0.3,20,2.42444930665735,1.43026031668154,20,10,0,3.13475998969076,0.344836594189614,20,-10,2.79305259304491
0.31872271467571,-40,0.847852902077836,27.2,0.3,20,2.42444930665735,1.43026031668154,20,10,0,3.13475998969076,0.344836594189614,20,-8,2.86577867274111
0.31872271467571,-40,0.847852902077836,27.2,0.3,20,2.42444930665735,1.43026031668154,20,10,0,3.13475998969076,0.344836594189614,20,-6,2.92586153831432
0.31872271467571,-40,0.847852902077836,27.2,0.3,20,2.42444930665735,1.43026031668154,20,10,0,3.13475998969076,0.344836594189614,20,-4,2.97600260183971
0.31872271467571,-40,0.847852902077836,27.2,0.3,20,2.42444930665735,1.43026031668154,20,10,0,3.13475998969076,0.344836594189614,20,-2,3.0165827606354
0.31872271467571,-40,0.847852902077836,27.2,0.3,20,2.42444930665735,1.43026031668154,20,10,0,3.13475998969076,0.344836594189614,20,0,3.04618537643624
0.31872271467571,-40,0.847852902077836,27.2,0.3,20,2.42444930665735,1.43026031668154,20,10,0,3.13475998969076,0.344836594189614,20,2,3.06234405964288
0.31872271467571,-40,0.847852902077836,27.2,0.3,20,2.42444930665735,1.43026031668154,20,10,0,3.13475998969076,0.344836594189614,20,4,3.06214626399445
0.31872271467571,-40,0.847852902077836,27.2,0.3,20,2.42444930665735,1.43026031668154,20,10,0,3.13475998969076,0.344836594189614,20,6,3.04252096242017
0.31872271467571,-40,0.847852902077836,27.2,0.3,20,2.42444930665735,1.43026031668154,20,10,0,3.13475998969076,0.344836594189614,20,8,3.00027322807495
0.31872271467571,-40,0.847852902077836,27.2,0.3,20,2.42444930665735,1.43026031668154,20,10,0,3.13475998969076,0.344836594189614,20,10,2.9320917492019
0.31872271467571,-40,0.847852902077836,27.2,0.3,20,2.42444930665735,1.43026031668154,20,10,0,3.13475998969076,0.344836594189614,20,12,2.83479094958435
0.31872271467571,-40,0.847852902077836,27.2,0.3,20,2.42444930665735,1.43026031668154,20,10,0,3.13475998969076,0.344836594189614,20,14,2.70595892459937
0.31872271467571,-40,0.847852902077836,27.2,0.3,20,2.42444930665735,1.43026031668154,20,10,0,3.13475998969076,0.344836594189614,20,16,2.54500478479983
0.31872271467571,-40,0.847852902077836,27.2,0.3,20,2.42444930665735,1.43026031668154,20,10,0,3.13475998969076,0.344836594189614,20,18,2.35437763019024
0.31872271467571,-40,0.847852902077836,27.2,0.3,20,2.42444930665735,1.43026031668154,20,10,0,3.13475998969076,0.344836594189614,20,20,2.14049264143959
0.31872271467571,-40,0.847852902077836,27.2,0.3,20,2.42444930665735,1.43026031668154,20,10,0,3.13475998969076,0.344836594189614,20,22,1.91369460981693
0.31872271467571,-40,0.847852902077836,27.2,0.3,20,2.42444930665735,1.43026031668154,20,10,0,3.13475998969076,0.344836594189614,20,24,1.68656953098962
0.31872271467571,-40,0.847852902077836,27.2,0.3,20,2.42444930665735,1.43026031668154,20,10,0,3.13475998969076,0.344836594189614,20,26,1.4703682095128
0.31872271467571,-40,0.847852902077836,27.2,0.3,20,2.42444930665735,1.43026031668154,20,10,0,3.13475998969076,0.344836594189614,20,28,1.270390720623
0.31872271467571,-40,0.847852902077836,27.2,0.3,20,2.42444930665735,1.43026031668154,20,10,0,3.13475998969076,0.344836594189614,20,30,1.0823970554616
0.31872271467571,-40,0.847852902077836,27.2,0.3,20,2.42444930665735,1.43026031668154,20,10,0,3.13475998969076,0.344836594189614,20,32,0.892287668033601
0.31872271467571,-40,0.847852902077836,27.2,0.3,20,2.42444930665735,1.43026031668154,20,10,0,3.13475998969076,0.344836594189614,20,34,0.67983918139981
0.31872271467571,-40,0.847852902077836,27.2,0.3,20,2.42444930665735,1.43026031668154,20,10,0,3.13475998969076,0.344836594189614,20,36,0.425285824546095
0.31872271467571,-40,0.847852902077836,27.2,0.3,20,2.42444930665735,1.43026031668154,20,10,0,3.13475998969076,0.344836594189614,20,38,0.116675719487561
0.31872271467571,-40,0.847852902077836,27.2,0.3,20,2.42444930665735,1.43026031668154,20,10,0,3.13475998969076,0.344836594189614,20,40,-0.243657758569489
0.31872271467571,-40,0.847852902077836,27.2,0.3,20,2.42444930665735,1.43026031668154,20,10,0,3.13475998969076,0.344836594189614,20,42,-0.634920272609515
0.31872271467571,-40,0.847852902077836,27.2,0.3,20,2.42444930665735,1.43026031668154,20,10,0,3.13475998969076,0.344836594189614,20,44,-1.01847789503813
0.31872271467571,-40,0.847852902077836,27.2,0.3,20,2.42444930665735,1.43026031668154,20,10,0,3.13475998969076,0.344836594189614,20,46,-1.34714224698727
0.31872271467571,-40,0.847852902077836,27.2,0.3,20,2.42444930665735,1.43026031668154,20,10,0,3.13475998969076,0.344836594189614,20,48,-1.58435111712947
0.31872271467571,-40,0.847852902077836,27.2,0.3,20,2.42444930665735,1.43026031668154,20,10,0,3.13475998969076,0.344836594189614,20,50,-1.72496344542745
0.31872271467571,-40,0.847852902077836,27.2,0.3,20,2.42444930665735,1.43026031668154,20,10,0,3.13475998969076,0.344836594189614,20,52,-1.802125561903
0.31872271467571,-40,0.847852902077836,27.2,0.3,20,2.42444930665735,1.43026031668154,20,10,0,3.13475998969076,0.344836594189614,20,54,-1.87396145781728
0.31872271467571,-40,0.847852902077836,27.2,0.3,20,2.42444930665735,1.43026031668154,20,10,0,3.13475998969076,0.344836594189614,20,56,-2.00113961436464
0.31872271467571,-40,0.847852902077836,27.2,0.3,20,2.42444930665735,1.43026031668154,20,10,0,3.13475998969076,0.344836594189614,20,58,-2.22945225188478
0.31872271467571,-40,0.847852902077836,27.2,0.3,20,2.42444930665735,1.43026031668154,20,10,0,3.13475998969076,0.344836594189614,20,60,-2.58149630715087
0.31872271467571,-40,0.847852902077836,27.2,0.3,20,2.42444930665735,1.43026031668154,20,10,0,3.13475998969076,0.344836594189614,20,62,-3.05410096201756
0.31872271467571,-40,0.847852902077836,27.2,0.3,20,2.42444930665735,1.43026031668154,20,10,0,3.13475998969076,0.344836594189614,20,64,-3.61826565200999
0.31872271467571,-40,0.847852902077836,27.2,0.3,20,2.42444930665735,1.43026031668154,20,10,0,3.13475998969076,0.344836594189614,20,66,-4.22228657909221
0.31872271467571,-40,0.847852902077836,27.2,0.3,20,2.42444930665735,1.43026031668154,20,10,0,3.13475998969076,0.344836594189614,20,68,-4.8023603671632
0.31872271467571,-40,0.847852902077836,27.2,0.3,20,2.42444930665735,1.43026031668154,20,10,0,3.13475998969076,0.344836594189614,20,70,-5.30349880400626
0.31872271467571,-40,0.847852902077836,27.2,0.3,20,2.42444930665735,1.43026031668154,20,10,0,3.13475998969076,0.344836594189614,20,72,-5.70348616393931
0.31872271467571,-40,0.847852902077836,27.2,0.3,20,2.42444930665735,1.43026031668154,20,10,0,3.13475998969076,0.344836594189614,20,74,-6.02296250907511
0.31872271467571,-40,0.847852902077836,27.2,0.3,20,2.42444930665735,1.43026031668154,20,10,0,3.13475998969076,0.344836594189614,20,76,-6.31317775954653
0.31872271467571,-40,0.847852902077836,27.2,0.3,20,2.42444930665735,1.43026031668154,20,10,0,3.13475998969076,0.344836594189614,20,78,-6.63274533512417
0.31872271467571,-40,0.847852902077836,27.2,0.3,20,2.42444930665735,1.43026031668154,20,10,0,3.13475998969076,0.344836594189614,20,80,-7.02949537667911
0.31872271467571,-40,0.847852902077836,27.2,0.3,20,2.42444930665735,1.43026031668154,20,10,0,3.13475998969076,0.344836594189614,20,82,-7.53220636045357
0.31872271467571,-40,0.847852902077836,27.2,0.3,20,2.42444930665735,1.43026031668154,20,10,0,3.13475998969076,0.344836594189614,20,84,-8.14771031625686
0.31872271467571,-40,0.847852902077836,27.2,0.3,20,2.42444930665735,1.43026031668154,20,10,0,3.13475998969076,0.344836594189614,20,86,-8.85796429765729
0.31872271467571,-40,0.847852902077836,27.2,0.3,20,2.42444930665735,1.43026031668154,20,10,0,3.13475998969076,0.344836594189614,20,88,-9.61556881438002
0.31872271467571,-40,0.847852902077836,27.2,0.3,20,2.42444930665735,1.43026031668154,20,10,0,3.13475998969076,0.344836594189614,20,90,-10.3430780462428
0.31872271467571,-40,0.847852902077836,27.2,0.3,20,2.42444930665735,1.43026031668154,20,10,0,3.13475998969076,0.344836594189614,20,92,-10.949371593215
0.31872271467571,-40,0.847852902077836,27.2,0.3,20,2.42444930665735,1.43026031668154,20,10,0,3.13475998969076,0.344836594189614,20,94,-11.3718586463127
0.31872271467571,-40,0.847852902077836,27.2,0.3,20,2.42444930665735,1.43026031668154,20,10,0,3.13475998969076,0.344836594189614,20,96,-11.6213138917506
0.31872271467571,-40,0.847852902077836,27.2,0.3,20,2.42444930665735,1.43026031668154,20,10,0,3.13475998969076,0.344836594189614,20,98,-11.7841314322039
0.31872271467571,-40,0.847852902077836,27.2,0.3,20,2.42444930665735,1.43026031668154,20,10,0,3.13475998969076,0.344836594189614,20,100,-11.979364639202
0.31872271467571,-40,0.847852902077836,27.2,0.3,20,2.42444930665735,1.43026031668154,20,10,0,3.13475998969076,0.344836594189614,20,102,-12.3148771233575
0.31872271467571,-40,0.847852902077836,27.2,0.3,20,2.42444930665735,1.43026031668154,20,10,0,3.13475998969076,0.344836594189614,20,104,-12.868818912987
0.31872271467571,-40,0.847852902077836,27.2,0.3,20,2.42444930665735,1.43026031668154,20,10,0,3.13475998969076,0.344836594189614,20,106,-13.6878267838689
0.31872271467571,-40,0.847852902077836,27.2,0.3,20,2.42444930665735,1.43026031668154,20,10,0,3.13475998969076,0.344836594189614,20,108,-14.7838508940512
0.31872271467571,-40,0.847852902077836,27.2,0.3,20,2.42444930665735,1.43026031668154,20,10,0,3.13475998969076,0.344836594189614,20,110,-16.1135897286447
0.31872271467571,-40,0.847852902077836,27.2,0.3,20,2.42444930665735,1.43026031668154,20,10,0,3.13475998969076,0.344836594189614,20,112,-17.5300762974159
0.31872271467571,-40,0.847852902077836,27.2,0.3,20,2.42444930665735,1.43026031668154,20,10,0,3.13475998969076,0.344836594189614,20,114,-18.743068354101
0.31872271467571,-40,0.847852902077836,27.2,0.3,20,2.42444930665735,1.43026031668154,20,10,0,3.13475998969076,0.344836594189614,20,116,-19.4461950484741
0.31872271467571,-40,0.847852902077836,27.2,0.3,20,2.42444930665735,1.43026031668154,20,10,0,3.13475998969076,0.344836594189614,20,118,-19.6313018617308
0.31872271467571,-40,0.847852902077836,27.2,0.3,20,2.42444930665735,1.43026031668154,20,10,0,3.13475998969076,0.344836594189614,20,120,-19.6025088445695
0.31872271467571,-40,0.847852902077836,27.2,0.3,20,2.42444930665735,1.43026031668154,20,10,0,3.13475998969076,0.344836594189614,20,122,-19.6408603657699
0.31872271467571,-40,0.847852902077836,27.2,0.3,20,2.42444930665735,1.43026031668154,20,10,0,3.13475998969076,0.344836594189614,20,124,-19.8229901417117
0.31872271467571,-40,0.847852902077836,27.2,0.3,20,2.42444930665735,1.43026031668154,20,10,0,3.13475998969076,0.344836594189614,20,126,-20.0432418282084
0.31872271467571,-40,0.847852902077836,27.2,0.3,20,2.42444930665735,1.43026031668154,20,10,0,3.13475998969076,0.344836594189614,20,128,-20.1296277059053
0.31872271467571,-40,0.847852902077836,27.2,0.3,20,2.42444930665735,1.43026031668154,20,10,0,3.13475998969076,0.344836594189614,20,130,-19.9977456234358
0.31872271467571,-40,0.847852902077836,27.2,0.3,20,2.42444930665735,1.43026031668154,20,10,0,3.13475998969076,0.344836594189614,20,132,-19.6666605022242
0.31872271467571,-40,0.847852902077836,27.2,0.3,20,2.42444930665735,1.43026031668154,20,10,0,3.13475998969076,0.344836594189614,20,134,-19.0880727231605
0.31872271467571,-40,0.847852902077836,27.2,0.3,20,2.42444930665735,1.43026031668154,20,10,0,3.13475998969076,0.344836594189614,20,136,-18.083252947161
0.31872271467571,-40,0.847852902077836,27.2,0.3,20,2.42444930665735,1.43026031668154,20,10,0,3.13475998969076,0.344836594189614,20,138,-16.5956189384347
0.31872271467571,-40,0.847852902077836,27.2,0.3,20,2.42444930665735,1.43026031668154,20,10,0,3.13475998969076,0.344836594189614,20,140,-14.8775838543392
0.31872271467571,-40,0.847852902077836,27.2,0.3,20,2.42444930665735,1.43026031668154,20,10,0,3.13475998969076,0.344836594189614,20,142,-13.2725588078525
0.31872271467571,-40,0.847852902077836,27.2,0.3,20,2.42444930665735,1.43026031668154,20,10,0,3.13475998969076,0.344836594189614,20,144,-12.0017028190072
0.31872271467571,-40,0.847852902077836,27.2,0.3,20,2.42444930665735,1.43026031668154,20,10,0,3.13475998969076,0.344836594189614,20,146,-11.1609566196013
0.31872271467571,-40,0.847852902077836,27.2,0.3,20,2.42444930665735,1.43026031668154,20,10,0,3.13475998969076,0.344836594189614,20,148,-10.7786656393977
0.31872271467571,-40,0.847852902077836,27.2,0.3,20,2.42444930665735,1.43026031668154,20,10,0,3.13475998969076,0.344836594189614,20,150,-10.8508945215698
0.31872271467571,-40,0.847852902077836,27.2,0.3,20,2.42444930665735,1.43026031668154,20,10,0,3.13475998969076,0.344836594189614,20,152,-11.3472085633306
0.31872271467571,-40,0.847852902077836,27.2,0.3,20,2.42444930665735,1.43026031668154,20,10,0,3.13475998969076,0.344836594189614,20,154,-12.18508497316
0.31872271467571,-40,0.847852902077836,27.2,0.3,20,2.42444930665735,1.43026031668154,20,10,0,3.13475998969076,0.344836594189614,20,156,-13.1625288899794
0.31872271467571,-40,0.847852902077836,27.2,0.3,20,2.42444930665735,1.43026031668154,20,10,0,3.13475998969076,0.344836594189614,20,158,-13.8880755846496
0.31872271467571,-40,0.847852902077836,27.2,0.3,20,2.42444930665735,1.43026031668154,20,10,0,3.13475998969076,0.344836594189614,20,160,-13.9355882338698
0.31872271467571,-40,0.847852902077836,27.2,0.3,20,2.42444930665735,1.43026031668154,20,10,0,3.13475998969076,0.344836594189614,20,162,-13.2810496092094
0.31872271467571,-40,0.847852902077836,27.2,0.3,20,2.42444930665735,1.43026031668154,20,10,0,3.13475998969076,0.344836594189614,20,164,-12.2982180207272
0.31872271467571,-40,0.847852902077836,27.2,0.3,20,2.42444930665735,1.43026031668154,20,10,0,3.13475998969076,0.344836594189614,20,166,-11.3212679886806
0.31872271467571,-40,0.847852902077836,27.2,0.3,20,2.42444930665735,1.43026031668154,20,10,0,3.13475998969076,0.344836594189614,20,168,-10.494296310803
0.31872271467571,-40,0.847852902077836,27.2,0.3,20,2.42444930665735,1.43026031668154,20,10,0,3.13475998969076,0.344836594189614,20,170,-9.8439648077233
0.31872271467571,-40,0.847852902077836,27.2,0.3,20,2.42444930665735,1.43026031668154,20,10,0,3.13475998969076,0.344836594189614,20,172,-9.35099115641368
0.31872271467571,-40,0.847852902077836,27.2,0.3,20,2.42444930665735,1.43026031668154,20,10,0,3.13475998969076,0.344836594189614,20,174,-8.98505517314544
0.31872271467571,-40,0.847852902077836,27.2,0.3,20,2.42444930665735,1.43026031668154,20,10,0,3.13475998969076,0.344836594189614,20,176,-8.71924372517659
0.31872271467571,-40,0.847852902077836,27.2,0.3,20,2.42444930665735,1.43026031668154,20,10,0,3.13475998969076,0.344836594189614,20,178,-8.53555152024544
0.31872271467571,-40,0.847852902077836,27.2,0.3,20,2.42444930665735,1.43026031668154,20,10,0,3.13475998969076,0.344836594189614,20,180,-8.42659066908071
0.31872271467571,-40,0.847852902077836,27.3,0.3,20,2.42444930665735,1.43026031668154,20,10,0,3.13475998969076,0.344836594189614,20,-180,-8.30466769907072
0.31872271467571,-40,0.847852902077836,27.3,0.3,20,2.42444930665735,1.43026031668154,20,10,0,3.13475998969076,0.344836594189614,20,-178,-8.26960787745721
0.31872271467571,-40,0.847852902077836,27.3,0.3,20,2.42444930665735,1.43026031668154,20,10,0,3.13475998969076,0.344836594189614,20,-176,-8.3159126337039
0.31872271467571,-40,0.847852902077836,27.3,0.3,20,2.42444930665735,1.43026031668154,20,10,0,3.13475998969076,0.344836594189614,20,-174,-8.46812105164742
0.31872271467571,-40,0.847852902077836,27.3,0.3,20,2.42444930665735,1.43026031668154,20,10,0,3.13475998969076,0.344836594189614,20,-172,-8.75827517899211
0.31872271467571,-40,0.847852902077836,27.3,0.3,20,2.42444930665735,1.43026031668154,20,10,0,3.13475998969076,0.344836594189614,20,-170,-9.22235313909959
0.31872271467571,-40,0.847852902077836,27.3,0.3,20,2.42444930665735,1.43026031668154,20,10,0,3.13475998969076,0.344836594189614,20,-168,-9.8946847125462
0.31872271467571,-40,0.847852902077836,27.3,0.3,20,2.42444930665735,1.43026031668154,20,10,0,3.13475998969076,0.344836594189614,20,-166,-10.7966377469108
0.31872271467571,-40,0.847852902077836,27.3,0.3,20,2.42444930665735,1.43026031668154,20,10,0,3.13475998969076,0.344836594189614,20,-164,-11.908665493913
0.31872271467571,-40,0.847852902077836,27.3,0.3,20,2.42444930665735,1.43026031668154,20,10,0,3.13475998969076,0.344836594189614,20,-162,-13.1045335393658
0.31872271467571,-40,0.847852902077836,27.3,0.3,20,2.42444930665735,1.43026031668154,20,10,0,3.13475998969076,0.344836594189614,20,-160,-14.0548319392058
0.31872271467571,-40,0.847852902077836,27.3,0.3,20,2.42444930665735,1.43026031668154,20,10,0,3.13475998969076,0.344836594189614,20,-158,-14.3033051065568
0.31872271467571,-40,0.847852902077836,27.3,0.3,20,2.42444930665735,1.43026031668154,20,10,0,3.13475998969076,0.344836594189614,20,-156,-13.7463581868365
0.31872271467571,-40,0.847852902077836,27.3,0.3,20,2.42444930665735,1.43026031668154,20,10,0,3.13475998969076,0.344836594189614,20,-154,-12.8024884691216
0.31872271467571,-40,0.847852902077836,27.3,0.3,20,2.42444930665735,1.43026031668154,20,10,0,3.13475998969076,0.344836594189614,20,-152,-11.9253912410582
0.31872271467571,-40,0.847852902077836,27.3,0.3,20,2.42444930665735,1.43026031668154,20,10,0,3.13475998969076,0.344836594189614,20,-150,-11.3564171672326
0.31872271467571,-40,0.847852902077836,27.3,0.3,20,2.42444930665735,1.43026031668154,20,10,0,3.13475998969076,0.344836594189614,20,-148,-11.1931501160742
0.31872271467571,-40,0.847852902077836,27.3,0.3,20,2.42444930665735,1.43026031668154,20,10,0,3.13475998969076,0.344836594189614,20,-146,-11.4734160294765
0.31872271467571,-40,0.847852902077836,27.3,0.3,20,2.42444930665735,1.43026031668154,20,10,0,3.13475998969076,0.344836594189614,20,-144,-12.2108385169772
0.31872271467571,-40,0.847852902077836,27.3,0.3,20,2.42444930665735,1.43026031668154,20,10,0,3.13475998969076,0.344836594189614,20,-142,-13.3966943627093
0.31872271467571,-40,0.847852902077836,27.3,0.3,20,2.42444930665735,1.43026031668154,20,10,0,3.13475998969076,0.344836594189614,20,-140,-14.9719820529036
0.31872271467571,-40,0.847852902077836,27.3,0.3,20,2.42444930665735,1.43026031668154,20,10,0,3.13475998969076,0.344836594189614,20,-138,-16.7607019861147
0.31872271467571,-40,0.847852902077836,27.3,0.3,20,2.42444930665735,1.43026031668154,20,10,0,3.13475998969076,0.344836594189614,20,-136,-18.3981877115893
0.31872271467571,-40,0.847852902077836,27.3,0.3,20,2.42444930665735,1.43026031668154,20,10,0,3.13475998969076,0.344836594189614,20,-134,-19.4530214741756
0.31872271467571,-40,0.847852902077836,27.3,0.3,20,2.42444930665735,1.43026031668154,20,10,0,3.13475998969076,0.344836594189614,20,-132,-19.8078910109889
0.31872271467571,-40,0.847852902077836,27.3,0.3,20,2.42444930665735,1.43026031668154,20,10,0,3.13475998969076,0.344836594189614,20,-130,-19.6776255853766
0.31872271467571,-40,0.847852902077836,27.3,0.3,20,2.42444930665735,1.43026031668154,20,10,0,3.13475998969076,0.344836594189614,20,-128,-19.2483535858734
0.31872271467571,-40,0.847852902077836,27.3,0.3,20,2.42444930665735,1.43026031668154,20,10,0,3.13475998969076,0.344836594189614,20,-126,-18.6157451739092
0.31872271467571,-40,0.847852902077836,27.3,0.3,20,2.42444930665735,1.43026031668154,20,10,0,3.13475998969076,0.344836594189614,20,-124,-17.9127051734082
0.31872271467571,-40,0.847852902077836,27.3,0.3,20,2.42444930665735,1.43026031668154,20,10,0,3.13475998969076,0.344836594189614,20,-122,-17.3144689166646
0.31872271467571,-40,0.847852902077836,27.3,0.3,20,2.42444930665735,1.43026031668154,20,10,0,3.13475998969076,0.344836594189614,20,-120,-16.9613531779956
0.31872271467571,-40,0.847852902077836,27.3,0.3,20,2.42444930665735,1.43026031668154,20,10,0,3.13475998969076,0.344836594189614,20,-118,-16.9157179431244
0.31872271467571,-40,0.847852902077836,27.3,0.3,20,2.42444930665735,1.43026031668154,20,10,0,3.13475998969076,0.344836594189614,20,-116,-17.1475626428425
0.31872271467571,-40,0.847852902077836,27.3,0.3,20,2.42444930665735,1.43026031668154,20,10,0,3.13475998969076,0.344836594189614,20,-114,-17.5052009549955
0.31872271467571,-40,0.847852902077836,27.3,0.3,20,2.42444930665735,1.43026031668154,20,10,0,3.13475998969076,0.344836594189614,20,-112,-17.686106909597
0.31872271467571,-40,0.847852902077836,27.3,0.3,20,2.42444930665735,1.43026031668154,20,10,0,3.13475998969076,0.344836594189614,20,-110,-17.3491766479823
0.31872271467571,-40,0.847852902077836,27.3,0.3,20,2.42444930665735,1.43026031668154,20,10,0,3.13475998969076,0.344836594189614,20,-108,-16.4202166551968
0.31872271467571,-40,0.847852902077836,27.3,0.3,20,2.42444930665735,1.43026031668154,20,10,0,3.13475998969076,0.344836594189614,20,-106,-15.1582264302524
0.31872271467571,-40,0.847852902077836,27.3,0.3,20,2.42444930665735,1.43026031668154,20,10,0,3.13475998969076,0.344836594189614,20,-104,-13.8645088608216
0.31872271467571,-40,0.847852902077836,27.3,0.3,20,2.42444930665735,1.43026031668154,20,10,0,3.13475998969076,0.344836594189614,20,-102,-12.7105936850984
0.31872271467571,-40,0.847852902077836,27.3,0.3,20,2.42444930665735,1.43026031668154,20,10,0,3.13475998969076,0.344836594189614,20,-100,-11.7599353004174
0.31872271467571,-40,0.847852902077836,27.3,0.3,20,2.42444930665735,1.43026031668154,20,10,0,3.13475998969076,0.344836594189614,20,-98,-11.0218933089052
0.31872271467571,-40,0.847852902077836,27.3,0.3,20,2.42444930665735,1.43026031668154,20,10,0,3.13475998969076,0.344836594189614,20,-96,-10.4816245053846
0.31872271467571,-40,0.847852902077836,27.3,0.3,20,2.42444930665735,1.43026031668154,20,10,0,3.13475998969076,0.344836594189614,20,-94,-10.1095128156288
0.31872271467571,-40,0.847852902077836,27.3,0.3,20,2.42444930665735,1.43026031668154,20,10,0,3.13475998969076,0.344836594189614,20,-92,-9.85964662676729
0.31872271467571,-40,0.847852902077836,27.3,0.3,20,2.42444930665735,1.43026031668154,20,10,0,3.13475998969076,0.344836594189614,20,-90,-9.6652147413304
0.31872271467571,-40,0.847852902077836,27.3,0.3,20,2.42444930665735,1.43026031668154,20,10,0,3.13475998969076,0.344836594189614,20,-88,-9.44100841394003
0.31872271467571,-40,0.847852902077836,27.3,0.3,20,2.42444930665735,1.43026031668154,20,10,0,3.13475998969076,0.344836594189614,20,-86,-9.10485233595984
0.31872271467571,-40,0.847852902077836,27.3,0.3,20,2.42444930665735,1.43026031668154,20,10,0,3.13475998969076,0.344836594189614,20,-84,-8.6161462771322
0.31872271467571,-40,0.847852902077836,27.3,0.3,20,2.42444930665735,1.43026031668154,20,10,0,3.13475998969076,0.344836594189614,20,-82,-8.00162990624172
0.31872271467571,-40,0.847852902077836,27.3,0.3,20,2.42444930665735,1.43026031668154,20,10,0,3.13475998969076,0.344836594189614,20,-80,-7.33958895486068
0.31872271467571,-40,0.847852902077836,27.3,0.3,20,2.42444930665735,1.43026031668154,20,10,0,3.13475998969076,0.344836594189614,20,-78,-6.71718504319607
0.31872271467571,-40,0.847852902077836,27.3,0.3,20,2.42444930665735,1.43026031668154,20,10,0,3.13475998969076,0.344836594189614,20,-76,-6.19572952472728
0.31872271467571,-40,0.847852902077836,27.3,0.3,20,2.42444930665735,1.43026031668154,20,10,0,3.13475998969076,0.344836594189614,20,-74,-5.79558941184619
0.31872271467571,-40,0.847852902077836,27.3,0.3,20,2.42444930665735,1.43026031668154,20,10,0,3.13475998969076,0.344836594189614,20,-72,-5.49331674139675
0.31872271467571,-40,0.847852902077836,27.3,0.3,20,2.42444930665735,1.43026031668154,20,10,0,3.13475998969076,0.344836594189614,20,-70,-5.22666060040127
0.31872271467571,-40,0.847852902077836,27.3,0.3,20,2.42444930665735,1.43026031668154,20,10,0,3.13475998969076,0.344836594189614,20,-68,-4.91356945960471
0.31872271467571,-40,0.847852902077836,27.3,0.3,20,2.42444930665735,1.43026031668154,20,10,0,3.13475998969076,0.344836594189614,20,-66,-4.49019563212331
0.31872271467571,-40,0.847852902077836,27.3,0.3,20,2.42444930665735,1.43026031668154,20,10,0,3.13475998969076,0.344836594189614,20,-64,-3.94971543931022
0.31872271467571,-40,0.847852902077836,27.3,0.3,20,2.42444930665735,1.43026031668154,20,10,0,3.13475998969076,0.344836594189614,20,-62,-3.34704470373139
0.31872271467571,-40,0.847852902077836,27.3,0.3,20,2.42444930665735,1.43026031668154,20,10,0,3.13475998969076,0.344836594189614,20,-60,-2.76483799866186
0.31872271467571,-40,0.847852902077836,27.3,0.3,20,2.42444930665735,1.43026031668154,20,10,0,3.13475998969076,0.344836594189614,20,-58,-2.27392139928443
0.31872271467571,-40,0.847852902077836,27.3,0.3,20,2.42444930665735,1.43026031668154,20,10,0,3.13475998969076,0.344836594189614,20,-56,-1.91225214009678
0.31872271467571,-40,0.847852902077836,27.3,0.3,20,2.42444930665735,1.43026031668154,20,10,0,3.13475998969076,0.344836594189614,20,-54,-1.68035667593644
0.31872271467571,-40,0.847852902077836,27.3,0.3,20,2.42444930665735,1.43026031668154,20,10,0,3.13475998969076,0.344836594189614,20,-52,-1.54438879329042
0.31872271467571,-40,0.847852902077836,27.3,0.3,20,2.42444930665735,1.43026031668154,20,10,0,3.13475998969076,0.344836594189614,20,-50,-1.44479345541338
0.31872271467571,-40,0.847852902077836,27.3,0.3,20,2.42444930665735,1.43026031668154,20,10,0,3.13475998969076,0.344836594189614,20,-48,-1.31425189549378
0.31872271467571,-40,0.847852902077836,27.3,0.3,20,2.42444930665735,1.43026031668154,20,10,0,3.13475998969076,0.344836594189614,20,-46,-1.10430517864415
0.31872271467571,-40,0.847852902077836,27.3,0.3,20,2.42444930665735,1.43026031668154,20,10,0,3.13475998969076,0.344836594189614,20,-44,-0.806823441858306
0.31872271467571,-40,0.847852902077836,27.3,0.3,20,2.42444930665735,1.43026031668154,20,10,0,3.13475998969076,0.344836594189614,20,-42,-0.45303731896668
0.31872271467571,-40,0.847852902077836,27.3,0.3,20,2.42444930665735,1.43026031668154,20,10,0,3.13475998969076,0.344836594189614,20,-40,-0.0915751803766368
0.31872271467571,-40,0.847852902077836,27.3,0.3,20,2.42444930665735,1.43026031668154,20,10,0,3.13475998969076,0.344836594189614,20,-38,0.23582264788277
0.31872271467571,-40,0.847852902077836,27.3,0.3,20,2.42444930665735,1.43026031668154,20,10,0,3.13475998969076,0.344836594189614,20,-36,0.507440751064436
0.31872271467571,-40,0.847852902077836,27.3,0.3,20,2.42444930665735,1.43026031668154,20,10,0,3.13475998969076,0.344836594189614,20,-34,0.723250513632296
0.31872271467571,-40,0.847852902077836,27.3,0.3,20,2.42444930665735,1.43026031668154,20,10,0,3.13475998969076,0.344836594189614,20,-32,0.899794619064432
0.31872271467571,-40,0.847852902077836,27.3,0.3,20,2.42444930665735,1.43026031668154,20,10,0,3.13475998969076,0.344836594189614,20,-30,1.06172303283521
0.31872271467571,-40,0.847852902077836,27.3,0.3,20,2.42444930665735,1.43026031668154,20,10,0,3.13475998969076,0.344836594189614,20,-28,1.23214021942283
0.31872271467571,-40,0.847852902077836,27.3,0.3,20,2.42444930665735,1.43026031668154,20,10,0,3.13475998969076,0.344836594189614,20,-26,1.42445553370352
0.31872271467571,-40,0.847852902077836,27.3,0.3,20,2.42444930665735,1.43026031668154,20,10,0,3.13475998969076,0.344836594189614,20,-24,1.63881846466732
0.31872271467571,-40,0.847852902077836,27.3,0.3,20,2.42444930665735,1.43026031668154,20,10,0,3.13475998969076,0.344836594189614,20,-22,1.86435372937049
0.31872271467571,-40,0.847852902077836,27.3,0.3,20,2.42444930665735,1.43026031668154,20,10,0,3.13475998969076,0.344836594189614,20,-20,2.08520471444182
0.31872271467571,-40,0.847852902077836,27.3,0.3,20,2.42444930665735,1.43026031668154,20,10,0,3.13475998969076,0.344836594189614,20,-18,2.28680446197017
0.31872271467571,-40,0.847852902077836,27.3,0.3,20,2.42444930665735,1.43026031668154,20,10,0,3.13475998969076,0.344836594189614,20,-16,2.45983260496405
0.31872271467571,-40,0.847852902077836,27.3,0.3,20,2.42444930665735,1.43026031668154,20,10,0,3.13475998969076,0.344836594189614,20,-14,2.60130810166914
0.31872271467571,-40,0.847852902077836,27.3,0.3,20,2.42444930665735,1.43026031668154,20,10,0,3.13475998969076,0.344836594189614,20,-12,2.71353918647433
0.31872271467571,-40,0.847852902077836,27.3,0.3,20,2.42444930665735,1.43026031668154,20,10,0,3.13475998969076,0.344836594189614,20,-10,2.80197048582646
0.31872271467571,-40,0.847852902077836,27.3,0.3,20,2.42444930665735,1.43026031668154,20,10,0,3.13475998969076,0.344836594189614,20,-8,2.87282599105454
0.31872271467571,-40,0.847852902077836,27.3,0.3,20,2.42444930665735,1.43026031668154,20,10,0,3.13475998969076,0.344836594189614,20,-6,2.9312045054783
0.31872271467571,-40,0.847852902077836,27.3,0.3,20,2.42444930665735,1.43026031668154,20,10,0,3.13475998969076,0.344836594189614,20,-4,2.98001090265242
0.31872271467571,-40,0.847852902077836,27.3,0.3,20,2.42444930665735,1.43026031668154,20,10,0,3.13475998969076,0.344836594189614,20,-2,3.01978699209215
0.31872271467571,-40,0.847852902077836,27.3,0.3,20,2.42444930665735,1.43026031668154,20,10,0,3.13475998969076,0.344836594189614,20,0,3.0492009008778
0.31872271467571,-40,0.847852902077836,27.3,0.3,20,2.42444930665735,1.43026031668154,20,10,0,3.13475998969076,0.344836594189614,20,2,3.06578479724842
0.31872271467571,-40,0.847852902077836,27.3,0.3,20,2.42444930665735,1.43026031668154,20,10,0,3.13475998969076,0.344836594189614,20,4,3.06654666185087
0.31872271467571,-40,0.847852902077836,27.3,0.3,20,2.42444930665735,1.43026031668154,20,10,0,3.13475998969076,0.344836594189614,20,6,3.0482778319444
0.31872271467571,-40,0.847852902077836,27.3,0.3,20,2.42444930665735,1.43026031668154,20,10,0,3.13475998969076,0.344836594189614,20,8,3.00761550951075
0.31872271467571,-40,0.847852902077836,27.3,0.3,20,2.42444930665735,1.43026031668154,20,10,0,3.13475998969076,0.344836594189614,20,10,2.94108482796534
0.31872271467571,-40,0.847852902077836,27.3,0.3,20,2.42444930665735,1.43026031668154,20,10,0,3.13475998969076,0.344836594189614,20,12,2.8453795049389
0.31872271467571,-40,0.847852902077836,27.3,0.3,20,2.42444930665735,1.43026031668154,20,10,0,3.13475998969076,0.344836594189614,20,14,2.71804604083513
0.31872271467571,-40,0.847852902077836,27.3,0.3,20,2.42444930665735,1.43026031668154,20,10,0,3.13475998969076,0.344836594189614,20,16,2.55855529141282
0.31872271467571,-40,0.847852902077836,27.3,0.3,20,2.42444930665735,1.43026031668154,20,10,0,3.13475998969076,0.344836594189614,20,18,2.36952151274041
0.31872271467571,-40,0.847852902077836,27.3,0.3,20,2.42444930665735,1.43026031668154,20,10,0,3.13475998969076,0.344836594189614,20,20,2.15759089665245
0.31872271467571,-40,0.847852902077836,27.3,0.3,20,2.42444930665735,1.43026031668154,20,10,0,3.13475998969076,0.344836594189614,20,22,1.9333191504452
0.31872271467571,-40,0.847852902077836,27.3,0.3,20,2.42444930665735,1.43026031668154,20,10,0,3.13475998969076,0.344836594189614,20,24,1.70935449127258
0.31872271467571,-40,0.847852902077836,27.3,0.3,20,2.42444930665735,1.43026031668154,20,10,0,3.13475998969076,0.344836594189614,20,26,1.4967342022752
0.31872271467571,-40,0.847852902077836,27.3,0.3,20,2.42444930665735,1.43026031668154,20,10,0,3.13475998969076,0.344836594189614,20,28,1.30022917546231
0.31872271467571,-40,0.847852902077836,27.3,0.3,20,2.42444930665735,1.43026031668154,20,10,0,3.13475998969076,0.344836594189614,20,30,1.11487587865911
0.31872271467571,-40,0.847852902077836,27.3,0.3,20,2.42444930665735,1.43026031668154,20,10,0,3.13475998969076,0.344836594189614,20,32,0.925919450927327
0.31872271467571,-40,0.847852902077836,27.3,0.3,20,2.42444930665735,1.43026031668154,20,10,0,3.13475998969076,0.344836594189614,20,34,0.712831986812005
0.31872271467571,-40,0.847852902077836,27.3,0.3,20,2.42444930665735,1.43026031668154,20,10,0,3.13475998969076,0.344836594189614,20,36,0.45607695913001
0.31872271467571,-40,0.847852902077836,27.3,0.3,20,2.42444930665735,1.43026031668154,20,10,0,3.13475998969076,0.344836594189614,20,38,0.144515628522759
0.31872271467571,-40,0.847852902077836,27.3,0.3,20,2.42444930665735,1.43026031668154,20,10,0,3.13475998969076,0.344836594189614,20,40,-0.21819361376248
0.31872271467571,-40,0.847852902077836,27.3,0.3,20,2.42444930665735,1.43026031668154,20,10,0,3.13475998969076,0.344836594189614,20,42,-0.609669293468953
0.31872271467571,-40,0.847852902077836,27.3,0.3,20,2.42444930665735,1.43026031668154,20,10,0,3.13475998969076,0.344836594189614,20,44,-0.990002807723461
0.31872271467571,-40,0.847852902077836,27.3,0.3,20,2.42444930665735,1.43026031668154,20,10,0,3.13475998969076,0.344836594189614,20,46,-1.31195339192711
0.31872271467571,-40,0.847852902077836,27.3,0.3,20,2.42444930665735,1.43026031668154,20,10,0,3.13475998969076,0.344836594189614,20,48,-1.54081423816521
0.31872271467571,-40,0.847852902077836,27.3,0.3,20,2.42444930665735,1.43026031668154,20,10,0,3.13475998969076,0.344836594189614,20,50,-1.67470207280089
0.31872271467571,-40,0.847852902077836,27.3,0.3,20,2.42444930665735,1.43026031668154,20,10,0,3.13475998969076,0.344836594189614,20,52,-1.74971932083324
0.31872271467571,-40,0.847852902077836,27.3,0.3,20,2.42444930665735,1.43026031668154,20,10,0,3.13475998969076,0.344836594189614,20,54,-1.8252147317125
0.31872271467571,-40,0.847852902077836,27.3,0.3,20,2.42444930665735,1.43026031668154,20,10,0,3.13475998969076,0.344836594189614,20,56,-1.96124645954569
0.31872271467571,-40,0.847852902077836,27.3,0.3,20,2.42444930665735,1.43026031668154,20,10,0,3.13475998969076,0.344836594189614,20,58,-2.2018577914954
0.31872271467571,-40,0.847852902077836,27.3,0.3,20,2.42444930665735,1.43026031668154,20,10,0,3.13475998969076,0.344836594189614,20,60,-2.56734898714861
0.31872271467571,-40,0.847852902077836,27.3,0.3,20,2.42444930665735,1.43026031668154,20,10,0,3.13475998969076,0.344836594189614,20,62,-3.05192829852846
0.31872271467571,-40,0.847852902077836,27.3,0.3,20,2.42444930665735,1.43026031668154,20,10,0,3.13475998969076,0.344836594189614,20,64,-3.62378875892791
0.31872271467571,-40,0.847852902077836,27.3,0.3,20,2.42444930665735,1.43026031668154,20,10,0,3.13475998969076,0.344836594189614,20,66,-4.22876640612012
0.31872271467571,-40,0.847852902077836,27.3,0.3,20,2.42444930665735,1.43026031668154,20,10,0,3.13475998969076,0.344836594189614,20,68,-4.80214426983536
0.31872271467571,-40,0.847852902077836,27.3,0.3,20,2.42444930665735,1.43026031668154,20,10,0,3.13475998969076,0.344836594189614,20,70,-5.29081145539766
0.31872271467571,-40,0.847852902077836,27.3,0.3,20,2.42444930665735,1.43026031668154,20,10,0,3.13475998969076,0.344836594189614,20,72,-5.67691647334122
0.31872271467571,-40,0.847852902077836,27.3,0.3,20,2.42444930665735,1.43026031668154,20,10,0,3.13475998969076,0.344836594189614,20,74,-5.98557265871112
0.31872271467571,-40,0.847852902077836,27.3,0.3,20,2.42444930665735,1.43026031668154,20,10,0,3.13475998969076,0.344836594189614,20,76,-6.27020850562703
0.31872271467571,-40,0.847852902077836,27.3,0.3,20,2.42444930665735,1.43026031668154,20,10,0,3.13475998969076,0.344836594189614,20,78,-6.58887936917789
0.31872271467571,-40,0.847852902077836,27.3,0.3,20,2.42444930665735,1.43026031668154,20,10,0,3.13475998969076,0.344836594189614,20,80,-6.98714679529757
0.31872271467571,-40,0.847852902077836,27.3,0.3,20,2.42444930665735,1.43026031668154,20,10,0,3.13475998969076,0.344836594189614,20,82,-7.49086655640668
0.31872271467571,-40,0.847852902077836,27.3,0.3,20,2.42444930665735,1.43026031668154,20,10,0,3.13475998969076,0.344836594189614,20,84,-8.1037943356566
0.31872271467571,-40,0.847852902077836,27.3,0.3,20,2.42444930665735,1.43026031668154,20,10,0,3.13475998969076,0.344836594189614,20,86,-8.80484773765312
0.31872271467571,-40,0.847852902077836,27.3,0.3,20,2.42444930665735,1.43026031668154,20,10,0,3.13475998969076,0.344836594189614,20,88,-9.54412633968778
0.31872271467571,-40,0.847852902077836,27.3,0.3,20,2.42444930665735,1.43026031668154,20,10,0,3.13475998969076,0.344836594189614,20,90,-10.2437258196891
0.31872271467571,-40,0.847852902077836,27.3,0.3,20,2.42444930665735,1.43026031668154,20,10,0,3.13475998969076,0.344836594189614,20,92,-10.816359026248
0.31872271467571,-40,0.847852902077836,27.3,0.3,20,2.42444930665735,1.43026031668154,20,10,0,3.13475998969076,0.344836594189614,20,94,-11.207780489026
0.31872271467571,-40,0.847852902077836,27.3,0.3,20,2.42444930665735,1.43026031668154,20,10,0,3.13475998969076,0.344836594189614,20,96,-11.4371182225977
0.31872271467571,-40,0.847852902077836,27.3,0.3,20,2.42444930665735,1.43026031668154,20,10,0,3.13475998969076,0.344836594189614,20,98,-11.5938092651659
0.31872271467571,-40,0.847852902077836,27.3,0.3,20,2.42444930665735,1.43026031668154,20,10,0,3.13475998969076,0.344836594189614,20,100,-11.794521765814
0.31872271467571,-40,0.847852902077836,27.3,0.3,20,2.42444930665735,1.43026031668154,20,10,0,3.13475998969076,0.344836594189614,20,102,-12.1426951494897
0.31872271467571,-40,0.847852902077836,27.3,0.3,20,2.42444930665735,1.43026031668154,20,10,0,3.13475998969076,0.344836594189614,20,104,-12.712211855332
0.31872271467571,-40,0.847852902077836,27.3,0.3,20,2.42444930665735,1.43026031668154,20,10,0,3.13475998969076,0.344836594189614,20,106,-13.5453916682919
0.31872271467571,-40,0.847852902077836,27.3,0.3,20,2.42444930665735,1.43026031668154,20,10,0,3.13475998969076,0.344836594189614,20,108,-14.647788205273
0.31872271467571,-40,0.847852902077836,27.3,0.3,20,2.42444930665735,1.43026031668154,20,10,0,3.13475998969076,0.344836594189614,20,110,-15.9640918218194
0.31872271467571,-40,0.847852902077836,27.3,0.3,20,2.42444930665735,1.43026031668154,20,10,0,3.13475998969076,0.344836594189614,20,112,-17.3276860568496
0.31872271467571,-40,0.847852902077836,27.3,0.3,20,2.42444930665735,1.43026031668154,20,10,0,3.13475998969076,0.344836594189614,20,114,-18.4353478363553
0.31872271467571,-40,0.847852902077836,27.3,0.3,20,2.42444930665735,1.43026031668154,20,10,0,3.13475998969076,0.344836594189614,20,116,-19.0124798789564
0.31872271467571,-40,0.847852902077836,27.3,0.3,20,2.42444930665735,1.43026031668154,20,10,0,3.13475998969076,0.344836594189614,20,118,-19.1153802630886
0.31872271467571,-40,0.847852902077836,27.3,0.3,20,2.42444930665735,1.43026031668154,20,10,0,3.13475998969076,0.344836594189614,20,120,-19.0749922010524
0.31872271467571,-40,0.847852902077836,27.3,0.3,20,2.42444930665735,1.43026031668154,20,10,0,3.13475998969076,0.344836594189614,20,122,-19.1679589501437
0.31872271467571,-40,0.847852902077836,27.3,0.3,20,2.42444930665735,1.43026031668154,20,10,0,3.13475998969076,0.344836594189614,20,124,-19.4743610380778
0.31872271467571,-40,0.847852902077836,27.3,0.3,20,2.42444930665735,1.43026031668154,20,10,0,3.13475998969076,0.344836594189614,20,126,-19.8952109967482
0.31872271467571,-40,0.847852902077836,27.3,0.3,20,2.42444930665735,1.43026031668154,20,10,0,3.13475998969076,0.344836594189614,20,128,-20.2296755183324
0.31872271467571,-40,0.847852902077836,27.3,0.3,20,2.42444930665735,1.43026031668154,20,10,0,3.13475998969076,0.344836594189614,20,130,-20.3154683427119
0.31872271467571,-40,0.847852902077836,27.3,0.3,20,2.42444930665735,1.43026031668154,20,10,0,3.13475998969076,0.344836594189614,20,132,-20.1003145270449
0.31872271467571,-40,0.847852902077836,27.3,0.3,20,2.42444930665735,1.43026031668154,20,10,0,3.13475998969076,0.344836594189614,20,134,-19.5118147510188
0.31872271467571,-40,0.847852902077836,27.3,0.3,20,2.42444930665735,1.43026031668154,20,10,0,3.13475998969076,0.344836594189614,20,136,-18.3980789722416
0.31872271467571,-40,0.847852902077836,27.3,0.3,20,2.42444930665735,1.43026031668154,20,10,0,3.13475998969076,0.344836594189614,20,138,-16.7825184063675
0.31872271467571,-40,0.847852902077836,27.3,0.3,20,2.42444930665735,1.43026031668154,20,10,0,3.13475998969076,0.344836594189614,20,140,-14.9832040900164
0.31872271467571,-40,0.847852902077836,27.3,0.3,20,2.42444930665735,1.43026031668154,20,10,0,3.13475998969076,0.344836594189614,20,142,-13.3491810930085
0.31872271467571,-40,0.847852902077836,27.3,0.3,20,2.42444930665735,1.43026031668154,20,10,0,3.13475998969076,0.344836594189614,20,144,-12.0835121143953
0.31872271467571,-40,0.847852902077836,27.3,0.3,20,2.42444930665735,1.43026031668154,20,10,0,3.13475998969076,0.344836594189614,20,146,-11.2680331165219
0.31872271467571,-40,0.847852902077836,27.3,0.3,20,2.42444930665735,1.43026031668154,20,10,0,3.13475998969076,0.344836594189614,20,148,-10.9236379841156
0.31872271467571,-40,0.847852902077836,27.3,0.3,20,2.42444930665735,1.43026031668154,20,10,0,3.13475998969076,0.344836594189614,20,150,-11.0416105941249
0.31872271467571,-40,0.847852902077836,27.3,0.3,20,2.42444930665735,1.43026031668154,20,10,0,3.13475998969076,0.344836594189614,20,152,-11.5840683205946
0.31872271467571,-40,0.847852902077836,27.3,0.3,20,2.42444930665735,1.43026031668154,20,10,0,3.13475998969076,0.344836594189614,20,154,-12.449412038888
0.31872271467571,-40,0.847852902077836,27.3,0.3,20,2.42444930665735,1.43026031668154,20,10,0,3.13475998969076,0.344836594189614,20,156,-13.3929388159059
0.31872271467571,-40,0.847852902077836,27.3,0.3,20,2.42444930665735,1.43026031668154,20,10,0,3.13475998969076,0.344836594189614,20,158,-13.974448756038
0.31872271467571,-40,0.847852902077836,27.3,0.3,20,2.42444930665735,1.43026031668154,20,10,0,3.13475998969076,0.344836594189614,20,160,-13.8081975813208
0.31872271467571,-40,0.847852902077836,27.3,0.3,20,2.42444930665735,1.43026031668154,20,10,0,3.13475998969076,0.344836594189614,20,162,-12.9973222426816
0.31872271467571,-40,0.847852902077836,27.3,0.3,20,2.42444930665735,1.43026031668154,20,10,0,3.13475998969076,0.344836594189614,20,164,-11.9586215400577
0.31872271467571,-40,0.847852902077836,27.3,0.3,20,2.42444930665735,1.43026031668154,20,10,0,3.13475998969076,0.344836594189614,20,166,-10.988981678472
0.31872271467571,-40,0.847852902077836,27.3,0.3,20,2.42444930665735,1.43026031668154,20,10,0,3.13475998969076,0.344836594189614,20,168,-10.196273274078
0.31872271467571,-40,0.847852902077836,27.3,0.3,20,2.42444930665735,1.43026031668154,20,10,0,3.13475998969076,0.344836594189614,20,170,-9.58848238439762
0.31872271467571,-40,0.847852902077836,27.3,0.3,20,2.42444930665735,1.43026031668154,20,10,0,3.13475998969076,0.344836594189614,20,172,-9.13760254744019
0.31872271467571,-40,0.847852902077836,27.3,0.3,20,2.42444930665735,1.43026031668154,20,10,0,3.13475998969076,0.344836594189614,20,174,-8.80863443381765
0.31872271467571,-40,0.847852902077836,27.3,0.3,20,2.42444930665735,1.43026031668154,20,10,0,3.13475998969076,0.344836594189614,20,176,-8.57161137126534
0.31872271467571,-40,0.847852902077836,27.3,0.3,20,2.42444930665735,1.43026031668154,20,10,0,3.13475998969076,0.344836594189614,20,178,-8.40645318021318
0.31872271467571,-40,0.847852902077836,27.3,0.3,20,2.42444930665735,1.43026031668154,20,10,0,3.13475998969076,0.344836594189614,20,180,-8.30466769907072
0.31872271467571,-40,0.847852902077836,27.4,0.3,20,2.42444930665735,1.43026031668154,20,10,0,3.13475998969076,0.344836594189614,20,-180,-8.20315033380953
0.31872271467571,-40,0.847852902077836,27.4,0.3,20,2.42444930665735,1.43026031668154,20,10,0,3.13475998969076,0.344836594189614,20,-178,-8.16339783572344
0.31872271467571,-40,0.847852902077836,27.4,0.3,20,2.42444930665735,1.43026031668154,20,10,0,3.13475998969076,0.344836594189614,20,-176,-8.1942762366927
0.31872271467571,-40,0.847852902077836,27.4,0.3,20,2.42444930665735,1.43026031668154,20,10,0,3.13475998969076,0.344836594189614,20,-174,-8.32209439157538
0.31872271467571,-40,0.847852902077836,27.4,0.3,20,2.42444930665735,1.43026031668154,20,10,0,3.13475998969076,0.344836594189614,20,-172,-8.58107079222805
0.31872271467571,-40,0.847852902077836,27.4,0.3,20,2.42444930665735,1.43026031668154,20,10,0,3.13475998969076,0.344836594189614,20,-170,-9.00962326941665
0.31872271467571,-40,0.847852902077836,27.4,0.3,20,2.42444930665735,1.43026031668154,20,10,0,3.13475998969076,0.344836594189614,20,-168,-9.6453556278295
0.31872271467571,-40,0.847852902077836,27.4,0.3,20,2.42444930665735,1.43026031668154,20,10,0,3.13475998969076,0.344836594189614,20,-166,-10.5159188058981
0.31872271467571,-40,0.847852902077836,27.4,0.3,20,2.42444930665735,1.43026031668154,20,10,0,3.13475998969076,0.344836594189614,20,-164,-11.6165221611488
0.31872271467571,-40,0.847852902077836,27.4,0.3,20,2.42444930665735,1.43026031668154,20,10,0,3.13475998969076,0.344836594189614,20,-162,-12.8533395047243
0.31872271467571,-40,0.847852902077836,27.4,0.3,20,2.42444930665735,1.43026031668154,20,10,0,3.13475998969076,0.344836594189614,20,-160,-13.9413763562982
0.31872271467571,-40,0.847852902077836,27.4,0.3,20,2.42444930665735,1.43026031668154,20,10,0,3.13475998969076,0.344836594189614,20,-158,-14.4051736275449
0.31872271467571,-40,0.847852902077836,27.4,0.3,20,2.42444930665735,1.43026031668154,20,10,0,3.13475998969076,0.344836594189614,20,-156,-14.0102360997824
0.31872271467571,-40,0.847852902077836,27.4,0.3,20,2.42444930665735,1.43026031668154,20,10,0,3.13475998969076,0.344836594189614,20,-154,-13.1097853113098
0.31872271467571,-40,0.847852902077836,27.4,0.3,20,2.42444930665735,1.43026031668154,20,10,0,3.13475998969076,0.344836594189614,20,-152,-12.2052042398077
0.31872271467571,-40,0.847852902077836,27.4,0.3,20,2.42444930665735,1.43026031668154,20,10,0,3.13475998969076,0.344836594189614,20,-150,-11.5868351986067
0.31872271467571,-40,0.847852902077836,27.4,0.3,20,2.42444930665735,1.43026031668154,20,10,0,3.13475998969076,0.344836594189614,20,-148,-11.3739921795434
0.31872271467571,-40,0.847852902077836,27.4,0.3,20,2.42444930665735,1.43026031668154,20,10,0,3.13475998969076,0.344836594189614,20,-146,-11.6122374777712
0.31872271467571,-40,0.847852902077836,27.4,0.3,20,2.42444930665735,1.43026031668154,20,10,0,3.13475998969076,0.344836594189614,20,-144,-12.3191686933836
0.31872271467571,-40,0.847852902077836,27.4,0.3,20,2.42444930665735,1.43026031668154,20,10,0,3.13475998969076,0.344836594189614,20,-142,-13.4917989041322
0.31872271467571,-40,0.847852902077836,27.4,0.3,20,2.42444930665735,1.43026031668154,20,10,0,3.13475998969076,0.344836594189614,20,-140,-15.0831483036119
0.31872271467571,-40,0.847852902077836,27.4,0.3,20,2.42444930665735,1.43026031668154,20,10,0,3.13475998969076,0.344836594189614,20,-138,-16.9372819229726
0.31872271467571,-40,0.847852902077836,27.4,0.3,20,2.42444930665735,1.43026031668154,20,10,0,3.13475998969076,0.344836594189614,20,-136,-18.6973868965743
0.31872271467571,-40,0.847852902077836,27.4,0.3,20,2.42444930665735,1.43026031668154,20,10,0,3.13475998969076,0.344836594189614,20,-134,-19.8710324881163
0.31872271467571,-40,0.847852902077836,27.4,0.3,20,2.42444930665735,1.43026031668154,20,10,0,3.13475998969076,0.344836594189614,20,-132,-20.2346256774508
0.31872271467571,-40,0.847852902077836,27.4,0.3,20,2.42444930665735,1.43026031668154,20,10,0,3.13475998969076,0.344836594189614,20,-130,-19.9794007070791
0.31872271467571,-40,0.847852902077836,27.4,0.3,20,2.42444930665735,1.43026031668154,20,10,0,3.13475998969076,0.344836594189614,20,-128,-19.3477574433658
0.31872271467571,-40,0.847852902077836,27.4,0.3,20,2.42444930665735,1.43026031668154,20,10,0,3.13475998969076,0.344836594189614,20,-126,-18.5088443912157
0.31872271467571,-40,0.847852902077836,27.4,0.3,20,2.42444930665735,1.43026031668154,20,10,0,3.13475998969076,0.344836594189614,20,-124,-17.6449695638676
0.31872271467571,-40,0.847852902077836,27.4,0.3,20,2.42444930665735,1.43026031668154,20,10,0,3.13475998969076,0.344836594189614,20,-122,-16.938627404411
0.31872271467571,-40,0.847852902077836,27.4,0.3,20,2.42444930665735,1.43026031668154,20,10,0,3.13475998969076,0.344836594189614,20,-120,-16.5138682000499
0.31872271467571,-40,0.847852902077836,27.4,0.3,20,2.42444930665735,1.43026031668154,20,10,0,3.13475998969076,0.344836594189614,20,-118,-16.4166992578519
0.31872271467571,-40,0.847852902077836,27.4,0.3,20,2.42444930665735,1.43026031668154,20,10,0,3.13475998969076,0.344836594189614,20,-116,-16.6120680284412
0.31872271467571,-40,0.847852902077836,27.4,0.3,20,2.42444930665735,1.43026031668154,20,10,0,3.13475998969076,0.344836594189614,20,-114,-16.9613183234709
0.31872271467571,-40,0.847852902077836,27.4,0.3,20,2.42444930665735,1.43026031668154,20,10,0,3.13475998969076,0.344836594189614,20,-112,-17.1925381723354
0.31872271467571,-40,0.847852902077836,27.4,0.3,20,2.42444930665735,1.43026031668154,20,10,0,3.13475998969076,0.344836594189614,20,-110,-16.9769773430092
0.31872271467571,-40,0.847852902077836,27.4,0.3,20,2.42444930665735,1.43026031668154,20,10,0,3.13475998969076,0.344836594189614,20,-108,-16.1905092039366
0.31872271467571,-40,0.847852902077836,27.4,0.3,20,2.42444930665735,1.43026031668154,20,10,0,3.13475998969076,0.344836594189614,20,-106,-15.0321403590171
0.31872271467571,-40,0.847852902077836,27.4,0.3,20,2.42444930665735,1.43026031668154,20,10,0,3.13475998969076,0.344836594189614,20,-104,-13.7919055042835
0.31872271467571,-40,0.847852902077836,27.4,0.3,20,2.42444930665735,1.43026031668154,20,10,0,3.13475998969076,0.344836594189614,20,-102,-12.6564204146785
0.31872271467571,-40,0.847852902077836,27.4,0.3,20,2.42444930665735,1.43026031668154,20,10,0,3.13475998969076,0.344836594189614,20,-100,-11.7039152418048
0.31872271467571,-40,0.847852902077836,27.4,0.3,20,2.42444930665735,1.43026031668154,20,10,0,3.13475998969076,0.344836594189614,20,-98,-10.9530798861003
0.31872271467571,-40,0.847852902077836,27.4,0.3,20,2.42444930665735,1.43026031668154,20,10,0,3.13475998969076,0.344836594189614,20,-96,-10.3950638231635
0.31872271467571,-40,0.847852902077836,27.4,0.3,20,2.42444930665735,1.43026031668154,20,10,0,3.13475998969076,0.344836594189614,20,-94,-10.0052115096198
0.31872271467571,-40,0.847852902077836,27.4,0.3,20,2.42444930665735,1.43026031668154,20,10,0,3.13475998969076,0.344836594189614,20,-92,-9.74285916337394
0.31872271467571,-40,0.847852902077836,27.4,0.3,20,2.42444930665735,1.43026031668154,20,10,0,3.13475998969076,0.344836594189614,20,-90,-9.54675103997444
0.31872271467571,-40,0.847852902077836,27.4,0.3,20,2.42444930665735,1.43026031668154,20,10,0,3.13475998969076,0.344836594189614,20,-88,-9.33558425552998
0.31872271467571,-40,0.847852902077836,27.4,0.3,20,2.42444930665735,1.43026031668154,20,10,0,3.13475998969076,0.344836594189614,20,-86,-9.02575334421775
0.31872271467571,-40,0.847852902077836,27.4,0.3,20,2.42444930665735,1.43026031668154,20,10,0,3.13475998969076,0.344836594189614,20,-84,-8.56818702864734
0.31872271467571,-40,0.847852902077836,27.4,0.3,20,2.42444930665735,1.43026031668154,20,10,0,3.13475998969076,0.344836594189614,20,-82,-7.97869733693281
0.31872271467571,-40,0.847852902077836,27.4,0.3,20,2.42444930665735,1.43026031668154,20,10,0,3.13475998969076,0.344836594189614,20,-80,-7.32940781591764
0.31872271467571,-40,0.847852902077836,27.4,0.3,20,2.42444930665735,1.43026031668154,20,10,0,3.13475998969076,0.344836594189614,20,-78,-6.70823725603375
0.31872271467571,-40,0.847852902077836,27.4,0.3,20,2.42444930665735,1.43026031668154,20,10,0,3.13475998969076,0.344836594189614,20,-76,-6.18132290533677
0.31872271467571,-40,0.847852902077836,27.4,0.3,20,2.42444930665735,1.43026031668154,20,10,0,3.13475998969076,0.344836594189614,20,-74,-5.7747934557532
0.31872271467571,-40,0.847852902077836,27.4,0.3,20,2.42444930665735,1.43026031668154,20,10,0,3.13475998969076,0.344836594189614,20,-72,-5.47021583652083
0.31872271467571,-40,0.847852902077836,27.4,0.3,20,2.42444930665735,1.43026031668154,20,10,0,3.13475998969076,0.344836594189614,20,-70,-5.2083407818378
0.31872271467571,-40,0.847852902077836,27.4,0.3,20,2.42444930665735,1.43026031668154,20,10,0,3.13475998969076,0.344836594189614,20,-68,-4.90642940740983
0.31872271467571,-40,0.847852902077836,27.4,0.3,20,2.42444930665735,1.43026031668154,20,10,0,3.13475998969076,0.344836594189614,20,-66,-4.49556775596107
0.31872271467571,-40,0.847852902077836,27.4,0.3,20,2.42444930665735,1.43026031668154,20,10,0,3.13475998969076,0.344836594189614,20,-64,-3.96225419732535
0.31872271467571,-40,0.847852902077836,27.4,0.3,20,2.42444930665735,1.43026031668154,20,10,0,3.13475998969076,0.344836594189614,20,-62,-3.35776556081704
0.31872271467571,-40,0.847852902077836,27.4,0.3,20,2.42444930665735,1.43026031668154,20,10,0,3.13475998969076,0.344836594189614,20,-60,-2.76574626067056
0.31872271467571,-40,0.847852902077836,27.4,0.3,20,2.42444930665735,1.43026031668154,20,10,0,3.13475998969076,0.344836594189614,20,-58,-2.26062985460879
0.31872271467571,-40,0.847852902077836,27.4,0.3,20,2.42444930665735,1.43026031668154,20,10,0,3.13475998969076,0.344836594189614,20,-56,-1.88432721234074
0.31872271467571,-40,0.847852902077836,27.4,0.3,20,2.42444930665735,1.43026031668154,20,10,0,3.13475998969076,0.344836594189614,20,-54,-1.64070305452167
0.31872271467571,-40,0.847852902077836,27.4,0.3,20,2.42444930665735,1.43026031668154,20,10,0,3.13475998969076,0.344836594189614,20,-52,-1.49836950826803
0.31872271467571,-40,0.847852902077836,27.4,0.3,20,2.42444930665735,1.43026031668154,20,10,0,3.13475998969076,0.344836594189614,20,-50,-1.39891731971652
0.31872271467571,-40,0.847852902077836,27.4,0.3,20,2.42444930665735,1.43026031668154,20,10,0,3.13475998969076,0.344836594189614,20,-48,-1.27413295344134
0.31872271467571,-40,0.847852902077836,27.4,0.3,20,2.42444930665735,1.43026031668154,20,10,0,3.13475998969076,0.344836594189614,20,-46,-1.07248805786308
0.31872271467571,-40,0.847852902077836,27.4,0.3,20,2.42444930665735,1.43026031668154,20,10,0,3.13475998969076,0.344836594189614,20,-44,-0.782028674310479
0.31872271467571,-40,0.847852902077836,27.4,0.3,20,2.42444930665735,1.43026031668154,20,10,0,3.13475998969076,0.344836594189614,20,-42,-0.431550688022947
0.31872271467571,-40,0.847852902077836,27.4,0.3,20,2.42444930665735,1.43026031668154,20,10,0,3.13475998969076,0.344836594189614,20,-40,-0.0695349996735542
0.31872271467571,-40,0.847852902077836,27.4,0.3,20,2.42444930665735,1.43026031668154,20,10,0,3.13475998969076,0.344836594189614,20,-38,0.260850662044426
0.31872271467571,-40,0.847852902077836,27.4,0.3,20,2.42444930665735,1.43026031668154,20,10,0,3.13475998969076,0.344836594189614,20,-36,0.536020677501804
0.31872271467571,-40,0.847852902077836,27.4,0.3,20,2.42444930665735,1.43026031668154,20,10,0,3.13475998969076,0.344836594189614,20,-34,0.754368836669062
0.31872271467571,-40,0.847852902077836,27.4,0.3,20,2.42444930665735,1.43026031668154,20,10,0,3.13475998969076,0.344836594189614,20,-32,0.93148228485454
0.31872271467571,-40,0.847852902077836,27.4,0.3,20,2.42444930665735,1.43026031668154,20,10,0,3.13475998969076,0.344836594189614,20,-30,1.09179557279108
0.31872271467571,-40,0.847852902077836,27.4,0.3,20,2.42444930665735,1.43026031668154,20,10,0,3.13475998969076,0.344836594189614,20,-28,1.2588912046959
0.31872271467571,-40,0.847852902077836,27.4,0.3,20,2.42444930665735,1.43026031668154,20,10,0,3.13475998969076,0.344836594189614,20,-26,1.44709181294336
0.31872271467571,-40,0.847852902077836,27.4,0.3,20,2.42444930665735,1.43026031668154,20,10,0,3.13475998969076,0.344836594189614,20,-24,1.65748222204965
0.31872271467571,-40,0.847852902077836,27.4,0.3,20,2.42444930665735,1.43026031668154,20,10,0,3.13475998969076,0.344836594189614,20,-22,1.87978757241405
0.31872271467571,-40,0.847852902077836,27.4,0.3,20,2.42444930665735,1.43026031668154,20,10,0,3.13475998969076,0.344836594189614,20,-20,2.09829865277967
0.31872271467571,-40,0.847852902077836,27.4,0.3,20,2.42444930665735,1.43026031668154,20,10,0,3.13475998969076,0.344836594189614,20,-18,2.29825413150432
0.31872271467571,-40,0.847852902077836,27.4,0.3,20,2.42444930665735,1.43026031668154,20,10,0,3.13475998969076,0.344836594189614,20,-16,2.46999794515528
0.31872271467571,-40,0.847852902077836,27.4,0.3,20,2.42444930665735,1.43026031668154,20,10,0,3.13475998969076,0.344836594189614,20,-14,2.61024141812367
0.31872271467571,-40,0.847852902077836,27.4,0.3,20,2.42444930665735,1.43026031668154,20,10,0,3.13475998969076,0.344836594189614,20,-12,2.7211088885946
0.31872271467571,-40,0.847852902077836,27.4,0.3,20,2.42444930665735,1.43026031668154,20,10,0,3.13475998969076,0.344836594189614,20,-10,2.80801306779794
0.31872271467571,-40,0.847852902077836,27.4,0.3,20,2.42444930665735,1.43026031668154,20,10,0,3.13475998969076,0.344836594189614,20,-8,2.8772774846172
0.31872271467571,-40,0.847852902077836,27.4,0.3,20,2.42444930665735,1.43026031668154,20,10,0,3.13475998969076,0.344836594189614,20,-6,2.93418088065576
0.31872271467571,-40,0.847852902077836,27.4,0.3,20,2.42444930665735,1.43026031668154,20,10,0,3.13475998969076,0.344836594189614,20,-4,2.98182561647033
0.31872271467571,-40,0.847852902077836,27.4,0.3,20,2.42444930665735,1.43026031668154,20,10,0,3.13475998969076,0.344836594189614,20,-2,3.02091256617964
0.31872271467571,-40,0.847852902077836,27.4,0.3,20,2.42444930665735,1.43026031668154,20,10,0,3.13475998969076,0.344836594189614,20,0,3.05019464742471
0.31872271467571,-40,0.847852902077836,27.4,0.3,20,2.42444930665735,1.43026031668154,20,10,0,3.13475998969076,0.344836594189614,20,2,3.06720233654591
0.31872271467571,-40,0.847852902077836,27.4,0.3,20,2.42444930665735,1.43026031668154,20,10,0,3.13475998969076,0.344836594189614,20,4,3.06886258941116
0.31872271467571,-40,0.847852902077836,27.4,0.3,20,2.42444930665735,1.43026031668154,20,10,0,3.13475998969076,0.344836594189614,20,6,3.05182672654179
0.31872271467571,-40,0.847852902077836,27.4,0.3,20,2.42444930665735,1.43026031668154,20,10,0,3.13475998969076,0.344836594189614,20,8,3.01256254205219
0.31872271467571,-40,0.847852902077836,27.4,0.3,20,2.42444930665735,1.43026031668154,20,10,0,3.13475998969076,0.344836594189614,20,10,2.94743303085119
0.31872271467571,-40,0.847852902077836,27.4,0.3,20,2.42444930665735,1.43026031668154,20,10,0,3.13475998969076,0.344836594189614,20,12,2.85301721673217
0.31872271467571,-40,0.847852902077836,27.4,0.3,20,2.42444930665735,1.43026031668154,20,10,0,3.13475998969076,0.344836594189614,20,14,2.72683111237482
0.31872271467571,-40,0.847852902077836,27.4,0.3,20,2.42444930665735,1.43026031668154,20,10,0,3.13475998969076,0.344836594189614,20,16,2.56842263266781
0.31872271467571,-40,0.847852902077836,27.4,0.3,20,2.42444930665735,1.43026031668154,20,10,0,3.13475998969076,0.344836594189614,20,18,2.38058857123689
0.31872271467571,-40,0.847852902077836,27.4,0.3,20,2.42444930665735,1.43026031668154,20,10,0,3.13475998969076,0.344836594189614,20,20,2.17022250559996
0.31872271467571,-40,0.847852902077836,27.4,0.3,20,2.42444930665735,1.43026031668154,20,10,0,3.13475998969076,0.344836594189614,20,22,1.94810293841635
0.31872271467571,-40,0.847852902077836,27.4,0.3,20,2.42444930665735,1.43026031668154,20,10,0,3.13475998969076,0.344836594189614,20,24,1.72694498840325
0.31872271467571,-40,0.847852902077836,27.4,0.3,20,2.42444930665735,1.43026031668154,20,10,0,3.13475998969076,0.344836594189614,20,26,1.51757008808441
0.31872271467571,-40,0.847852902077836,27.4,0.3,20,2.42444930665735,1.43026031668154,20,10,0,3.13475998969076,0.344836594189614,20,28,1.32421520168165
0.31872271467571,-40,0.847852902077836,27.4,0.3,20,2.42444930665735,1.43026031668154,20,10,0,3.13475998969076,0.344836594189614,20,30,1.14119313867383
0.31872271467571,-40,0.847852902077836,27.4,0.3,20,2.42444930665735,1.43026031668154,20,10,0,3.13475998969076,0.344836594189614,20,32,0.953102450624065
0.31872271467571,-40,0.847852902077836,27.4,0.3,20,2.42444930665735,1.43026031668154,20,10,0,3.13475998969076,0.344836594189614,20,34,0.739126793178581
0.31872271467571,-40,0.847852902077836,27.4,0.3,20,2.42444930665735,1.43026031668154,20,10,0,3.13475998969076,0.344836594189614,20,36,0.479977616936398
0.31872271467571,-40,0.847852902077836,27.4,0.3,20,2.42444930665735,1.43026031668154,20,10,0,3.13475998969076,0.344836594189614,20,38,0.165346149321827
0.31872271467571,-40,0.847852902077836,27.4,0.3,20,2.42444930665735,1.43026031668154,20,10,0,3.13475998969076,0.344836594189614,20,40,-0.199775715660201
0.31872271467571,-40,0.847852902077836,27.4,0.3,20,2.42444930665735,1.43026031668154,20,10,0,3.13475998969076,0.344836594189614,20,42,-0.591434499424723
0.31872271467571,-40,0.847852902077836,27.4,0.3,20,2.42444930665735,1.43026031668154,20,10,0,3.13475998969076,0.344836594189614,20,44,-0.968510064470156
0.31872271467571,-40,0.847852902077836,27.4,0.3,20,2.42444930665735,1.43026031668154,20,10,0,3.13475998969076,0.344836594189614,20,46,-1.28382635916092
0.31872271467571,-40,0.847852902077836,27.4,0.3,20,2.42444930665735,1.43026031668154,20,10,0,3.13475998969076,0.344836594189614,20,48,-1.5046433293644
0.31872271467571,-40,0.847852902077836,27.4,0.3,20,2.42444930665735,1.43026031668154,20,10,0,3.13475998969076,0.344836594189614,20,50,-1.6323381557173
0.31872271467571,-40,0.847852902077836,27.4,0.3,20,2.42444930665735,1.43026031668154,20,10,0,3.13475998969076,0.344836594189614,20,52,-1.7058423271836
0.31872271467571,-40,0.847852902077836,27.4,0.3,20,2.42444930665735,1.43026031668154,20,10,0,3.13475998969076,0.344836594189614,20,54,-1.78557082666021
0.31872271467571,-40,0.847852902077836,27.4,0.3,20,2.42444930665735,1.43026031668154,20,10,0,3.13475998969076,0.344836594189614,20,56,-1.93087157753283
0.31872271467571,-40,0.847852902077836,27.4,0.3,20,2.42444930665735,1.43026031668154,20,10,0,3.13475998969076,0.344836594189614,20,58,-2.18399921922645
0.31872271467571,-40,0.847852902077836,27.4,0.3,20,2.42444930665735,1.43026031668154,20,10,0,3.13475998969076,0.344836594189614,20,60,-2.56293335858352
0.31872271467571,-40,0.847852902077836,27.4,0.3,20,2.42444930665735,1.43026031668154,20,10,0,3.13475998969076,0.344836594189614,20,62,-3.05922245411659
0.31872271467571,-40,0.847852902077836,27.4,0.3,20,2.42444930665735,1.43026031668154,20,10,0,3.13475998969076,0.344836594189614,20,64,-3.63821382680081
0.31872271467571,-40,0.847852902077836,27.4,0.3,20,2.42444930665735,1.43026031668154,20,10,0,3.13475998969076,0.344836594189614,20,66,-4.24331449131488
0.31872271467571,-40,0.847852902077836,27.4,0.3,20,2.42444930665735,1.43026031668154,20,10,0,3.13475998969076,0.344836594189614,20,68,-4.80907984591597
0.31872271467571,-40,0.847852902077836,27.4,0.3,20,2.42444930665735,1.43026031668154,20,10,0,3.13475998969076,0.344836594189614,20,70,-5.28457852049648
0.31872271467571,-40,0.847852902077836,27.4,0.3,20,2.42444930665735,1.43026031668154,20,10,0,3.13475998969076,0.344836594189614,20,72,-5.65651468226711
0.31872271467571,-40,0.847852902077836,27.4,0.3,20,2.42444930665735,1.43026031668154,20,10,0,3.13475998969076,0.344836594189614,20,74,-5.95437840241344
0.31872271467571,-40,0.847852902077836,27.4,0.3,20,2.42444930665735,1.43026031668154,20,10,0,3.13475998969076,0.344836594189614,20,76,-6.23349678449019
0.31872271467571,-40,0.847852902077836,27.4,0.3,20,2.42444930665735,1.43026031668154,20,10,0,3.13475998969076,0.344836594189614,20,78,-6.55111879282921
0.31872271467571,-40,0.847852902077836,27.4,0.3,20,2.42444930665735,1.43026031668154,20,10,0,3.13475998969076,0.344836594189614,20,80,-6.95041120828193
0.31872271467571,-40,0.847852902077836,27.4,0.3,20,2.42444930665735,1.43026031668154,20,10,0,3.13475998969076,0.344836594189614,20,82,-7.45428464080383
0.31872271467571,-40,0.847852902077836,27.4,0.3,20,2.42444930665735,1.43026031668154,20,10,0,3.13475998969076,0.344836594189614,20,84,-8.06348048188749
0.31872271467571,-40,0.847852902077836,27.4,0.3,20,2.42444930665735,1.43026031668154,20,10,0,3.13475998969076,0.344836594189614,20,86,-8.75405925463555
0.31872271467571,-40,0.847852902077836,27.4,0.3,20,2.42444930665735,1.43026031668154,20,10,0,3.13475998969076,0.344836594189614,20,88,-9.4740067568799
0.31872271467571,-40,0.847852902077836,27.4,0.3,20,2.42444930665735,1.43026031668154,20,10,0,3.13475998969076,0.344836594189614,20,90,-10.145573817547
0.31872271467571,-40,0.847852902077836,27.4,0.3,20,2.42444930665735,1.43026031668154,20,10,0,3.13475998969076,0.344836594189614,20,92,-10.6858505141357
0.31872271467571,-40,0.847852902077836,27.4,0.3,20,2.42444930665735,1.43026031668154,20,10,0,3.13475998969076,0.344836594189614,20,94,-11.04879707675
0.31872271467571,-40,0.847852902077836,27.4,0.3,20,2.42444930665735,1.43026031668154,20,10,0,3.13475998969076,0.344836594189614,20,96,-11.2609517269299
0.31872271467571,-40,0.847852902077836,27.4,0.3,20,2.42444930665735,1.43026031668154,20,10,0,3.13475998969076,0.344836594189614,20,98,-11.4138512264903
0.31872271467571,-40,0.847852902077836,27.4,0.3,20,2.42444930665735,1.43026031668154,20,10,0,3.13475998969076,0.344836594189614,20,100,-11.6214560118541
0.31872271467571,-40,0.847852902077836,27.4,0.3,20,2.42444930665735,1.43026031668154,20,10,0,3.13475998969076,0.344836594189614,20,102,-11.982886956963
0.31872271467571,-40,0.847852902077836,27.4,0.3,20,2.42444930665735,1.43026031668154,20,10,0,3.13475998969076,0.344836594189614,20,104,-12.5678685238155
0.31872271467571,-40,0.847852902077836,27.4,0.3,20,2.42444930665735,1.43026031668154,20,10,0,3.13475998969076,0.344836594189614,20,106,-13.4142610811759
0.31872271467571,-40,0.847852902077836,27.4,0.3,20,2.42444930665735,1.43026031668154,20,10,0,3.13475998969076,0.344836594189614,20,108,-14.5207097318095
0.31872271467571,-40,0.847852902077836,27.4,0.3,20,2.42444930665735,1.43026031668154,20,10,0,3.13475998969076,0.344836594189614,20,110,-15.8191706369989
0.31872271467571,-40,0.847852902077836,27.4,0.3,20,2.42444930665735,1.43026031668154,20,10,0,3.13475998969076,0.344836594189614,20,112,-17.123915318411
0.31872271467571,-40,0.847852902077836,27.4,0.3,20,2.42444930665735,1.43026031668154,20,10,0,3.13475998969076,0.344836594189614,20,114,-18.1239863656117
0.31872271467571,-40,0.847852902077836,27.4,0.3,20,2.42444930665735,1.43026031668154,20,10,0,3.13475998969076,0.344836594189614,20,116,-18.5824421323595
0.31872271467571,-40,0.847852902077836,27.4,0.3,20,2.42444930665735,1.43026031668154,20,10,0,3.13475998969076,0.344836594189614,20,118,-18.6126014808427
0.31872271467571,-40,0.847852902077836,27.4,0.3,20,2.42444930665735,1.43026031668154,20,10,0,3.13475998969076,0.344836594189614,20,120,-18.5605059247463
0.31872271467571,-40,0.847852902077836,27.4,0.3,20,2.42444930665735,1.43026031668154,20,10,0,3.13475998969076,0.344836594189614,20,122,-18.6944583651867
0.31872271467571,-40,0.847852902077836,27.4,0.3,20,2.42444930665735,1.43026031668154,20,10,0,3.13475998969076,0.344836594189614,20,124,-19.0985390540364
0.31872271467571,-40,0.847852902077836,27.4,0.3,20,2.42444930665735,1.43026031668154,20,10,0,3.13475998969076,0.344836594189614,20,126,-19.6884307758059
0.31872271467571,-40,0.847852902077836,27.4,0.3,20,2.42444930665735,1.43026031668154,20,10,0,3.13475998969076,0.344836594189614,20,128,-20.2542503489348
0.31872271467571,-40,0.847852902077836,27.4,0.3,20,2.42444930665735,1.43026031668154,20,10,0,3.13475998969076,0.344836594189614,20,130,-20.5669049444718
0.31872271467571,-40,0.847852902077836,27.4,0.3,20,2.42444930665735,1.43026031668154,20,10,0,3.13475998969076,0.344836594189614,20,132,-20.4848423219271
0.31872271467571,-40,0.847852902077836,27.4,0.3,20,2.42444930665735,1.43026031668154,20,10,0,3.13475998969076,0.344836594189614,20,134,-19.892781907515
0.31872271467571,-40,0.847852902077836,27.4,0.3,20,2.42444930665735,1.43026031668154,20,10,0,3.13475998969076,0.344836594189614,20,136,-18.6725046869718
0.31872271467571,-40,0.847852902077836,27.4,0.3,20,2.42444930665735,1.43026031668154,20,10,0,3.13475998969076,0.344836594189614,20,138,-16.9400148658816
0.31872271467571,-40,0.847852902077836,27.4,0.3,20,2.42444930665735,1.43026031668154,20,10,0,3.13475998969076,0.344836594189614,20,140,-15.0738871711952
0.31872271467571,-40,0.847852902077836,27.4,0.3,20,2.42444930665735,1.43026031668154,20,10,0,3.13475998969076,0.344836594189614,20,142,-13.4217199978147
0.31872271467571,-40,0.847852902077836,27.4,0.3,20,2.42444930665735,1.43026031668154,20,10,0,3.13475998969076,0.344836594189614,20,144,-12.1680193419528
0.31872271467571,-40,0.847852902077836,27.4,0.3,20,2.42444930665735,1.43026031668154,20,10,0,3.13475998969076,0.344836594189614,20,146,-11.3820888667105
0.31872271467571,-40,0.847852902077836,27.4,0.3,20,2.42444930665735,1.43026031668154,20,10,0,3.13475998969076,0.344836594189614,20,148,-11.0784763654483
0.31872271467571,-40,0.847852902077836,27.4,0.3,20,2.42444930665735,1.43026031668154,20,10,0,3.13475998969076,0.344836594189614,20,150,-11.2438364323464
0.31872271467571,-40,0.847852902077836,27.4,0.3,20,2.42444930665735,1.43026031668154,20,10,0,3.13475998969076,0.344836594189614,20,152,-11.8314502900981
0.31872271467571,-40,0.847852902077836,27.4,0.3,20,2.42444930665735,1.43026031668154,20,10,0,3.13475998969076,0.344836594189614,20,154,-12.7163073513917
0.31872271467571,-40,0.847852902077836,27.4,0.3,20,2.42444930665735,1.43026031668154,20,10,0,3.13475998969076,0.344836594189614,20,156,-13.6047117167107
0.31872271467571,-40,0.847852902077836,27.4,0.3,20,2.42444930665735,1.43026031668154,20,10,0,3.13475998969076,0.344836594189614,20,158,-14.0161387310176
0.31872271467571,-40,0.847852902077836,27.4,0.3,20,2.42444930665735,1.43026031668154,20,10,0,3.13475998969076,0.344836594189614,20,160,-13.6369582477844
0.31872271467571,-40,0.847852902077836,27.4,0.3,20,2.42444930665735,1.43026031668154,20,10,0,3.13475998969076,0.344836594189614,20,162,-12.6945455769907
0.31872271467571,-40,0.847852902077836,27.4,0.3,20,2.42444930665735,1.43026031668154,20,10,0,3.13475998969076,0.344836594189614,20,164,-11.6207832886002
0.31872271467571,-40,0.847852902077836,27.4,0.3,20,2.42444930665735,1.43026031668154,20,10,0,3.13475998969076,0.344836594189614,20,166,-10.6689947372563
0.31872271467571,-40,0.847852902077836,27.4,0.3,20,2.42444930665735,1.43026031668154,20,10,0,3.13475998969076,0.344836594189614,20,168,-9.91501360696328
0.31872271467571,-40,0.847852902077836,27.4,0.3,20,2.42444930665735,1.43026031668154,20,10,0,3.13475998969076,0.344836594189614,20,170,-9.35160257098498
0.31872271467571,-40,0.847852902077836,27.4,0.3,20,2.42444930665735,1.43026031668154,20,10,0,3.13475998969076,0.344836594189614,20,172,-8.94368918505878
0.31872271467571,-40,0.847852902077836,27.4,0.3,20,2.42444930665735,1.43026031668154,20,10,0,3.13475998969076,0.344836594189614,20,174,-8.65223465718167
0.31872271467571,-40,0.847852902077836,27.4,0.3,20,2.42444930665735,1.43026031668154,20,10,0,3.13475998969076,0.344836594189614,20,176,-8.44437278532885
0.31872271467571,-40,0.847852902077836,27.4,0.3,20,2.42444930665735,1.43026031668154,20,10,0,3.13475998969076,0.344836594189614,20,178,-8.29790251677248
0.31872271467571,-40,0.847852902077836,27.4,0.3,20,2.42444930665735,1.43026031668154,20,10,0,3.13475998969076,0.344836594189614,20,180,-8.20315033380954
0.31872271467571,-40,0.847852902077836,27.5,0.3,20,2.42444930665735,1.43026031668154,20,10,0,3.13475998969076,0.344836594189614,20,-180,-8.12186797434768
0.31872271467571,-40,0.847852902077836,27.5,0.3,20,2.42444930665735,1.43026031668154,20,10,0,3.13475998969076,0.344836594189614,20,-178,-8.07697764649772
0.31872271467571,-40,0.847852902077836,27.5,0.3,20,2.42444930665735,1.43026031668154,20,10,0,3.13475998969076,0.344836594189614,20,-176,-8.09174532589435
0.31872271467571,-40,0.847852902077836,27.5,0.3,20,2.42444930665735,1.43026031668154,20,10,0,3.13475998969076,0.344836594189614,20,-174,-8.19435363015609
0.31872271467571,-40,0.847852902077836,27.5,0.3,20,2.42444930665735,1.43026031668154,20,10,0,3.13475998969076,0.344836594189614,20,-172,-8.4212368714467
0.31872271467571,-40,0.847852902077836,27.5,0.3,20,2.42444930665735,1.43026031668154,20,10,0,3.13475998969076,0.344836594189614,20,-170,-8.8131034165884
0.31872271467571,-40,0.847852902077836,27.5,0.3,20,2.42444930665735,1.43026031668154,20,10,0,3.13475998969076,0.344836594189614,20,-168,-9.41029747549705
0.31872271467571,-40,0.847852902077836,27.5,0.3,20,2.42444930665735,1.43026031668154,20,10,0,3.13475998969076,0.344836594189614,20,-166,-10.2454212237363
0.31872271467571,-40,0.847852902077836,27.5,0.3,20,2.42444930665735,1.43026031668154,20,10,0,3.13475998969076,0.344836594189614,20,-164,-11.3255494597682
0.31872271467571,-40,0.847852902077836,27.5,0.3,20,2.42444930665735,1.43026031668154,20,10,0,3.13475998969076,0.344836594189614,20,-162,-12.5849310198992
0.31872271467571,-40,0.847852902077836,27.5,0.3,20,2.42444930665735,1.43026031668154,20,10,0,3.13475998969076,0.344836594189614,20,-160,-13.7856745392226
0.31872271467571,-40,0.847852902077836,27.5,0.3,20,2.42444930665735,1.43026031668154,20,10,0,3.13475998969076,0.344836594189614,20,-158,-14.4594755408064
0.31872271467571,-40,0.847852902077836,27.5,0.3,20,2.42444930665735,1.43026031668154,20,10,0,3.13475998969076,0.344836594189614,20,-156,-14.2524848114649
0.31872271467571,-40,0.847852902077836,27.5,0.3,20,2.42444930665735,1.43026031668154,20,10,0,3.13475998969076,0.344836594189614,20,-154,-13.4191074690797
0.31872271467571,-40,0.847852902077836,27.5,0.3,20,2.42444930665735,1.43026031668154,20,10,0,3.13475998969076,0.344836594189614,20,-152,-12.4957776229866
0.31872271467571,-40,0.847852902077836,27.5,0.3,20,2.42444930665735,1.43026031668154,20,10,0,3.13475998969076,0.344836594189614,20,-150,-11.8286876449666
0.31872271467571,-40,0.847852902077836,27.5,0.3,20,2.42444930665735,1.43026031668154,20,10,0,3.13475998969076,0.344836594189614,20,-148,-11.5640073117781
0.31872271467571,-40,0.847852902077836,27.5,0.3,20,2.42444930665735,1.43026031668154,20,10,0,3.13475998969076,0.344836594189614,20,-146,-11.7567036998394
0.31872271467571,-40,0.847852902077836,27.5,0.3,20,2.42444930665735,1.43026031668154,20,10,0,3.13475998969076,0.344836594189614,20,-144,-12.4283179628764
0.31872271467571,-40,0.847852902077836,27.5,0.3,20,2.42444930665735,1.43026031668154,20,10,0,3.13475998969076,0.344836594189614,20,-142,-13.5806264709613
0.31872271467571,-40,0.847852902077836,27.5,0.3,20,2.42444930665735,1.43026031668154,20,10,0,3.13475998969076,0.344836594189614,20,-140,-15.1771435406345
0.31872271467571,-40,0.847852902077836,27.5,0.3,20,2.42444930665735,1.43026031668154,20,10,0,3.13475998969076,0.344836594189614,20,-138,-17.0820061649782
0.31872271467571,-40,0.847852902077836,27.5,0.3,20,2.42444930665735,1.43026031668154,20,10,0,3.13475998969076,0.344836594189614,20,-136,-18.9542780141421
0.31872271467571,-40,0.847852902077836,27.5,0.3,20,2.42444930665735,1.43026031668154,20,10,0,3.13475998969076,0.344836594189614,20,-134,-20.2528763877164
0.31872271467571,-40,0.847852902077836,27.5,0.3,20,2.42444930665735,1.43026031668154,20,10,0,3.13475998969076,0.344836594189614,20,-132,-20.6360844153984
0.31872271467571,-40,0.847852902077836,27.5,0.3,20,2.42444930665735,1.43026031668154,20,10,0,3.13475998969076,0.344836594189614,20,-130,-20.2575270314103
0.31872271467571,-40,0.847852902077836,27.5,0.3,20,2.42444930665735,1.43026031668154,20,10,0,3.13475998969076,0.344836594189614,20,-128,-19.4278671909282
0.31872271467571,-40,0.847852902077836,27.5,0.3,20,2.42444930665735,1.43026031668154,20,10,0,3.13475998969076,0.344836594189614,20,-126,-18.3984453679267
0.31872271467571,-40,0.847852902077836,27.5,0.3,20,2.42444930665735,1.43026031668154,20,10,0,3.13475998969076,0.344836594189614,20,-124,-17.3937232064377
0.31872271467571,-40,0.847852902077836,27.5,0.3,20,2.42444930665735,1.43026031668154,20,10,0,3.13475998969076,0.344836594189614,20,-122,-16.5951728483202
0.31872271467571,-40,0.847852902077836,27.5,0.3,20,2.42444930665735,1.43026031668154,20,10,0,3.13475998969076,0.344836594189614,20,-120,-16.1089546025553
0.31872271467571,-40,0.847852902077836,27.5,0.3,20,2.42444930665735,1.43026031668154,20,10,0,3.13475998969076,0.344836594189614,20,-118,-15.966047597071
0.31872271467571,-40,0.847852902077836,27.5,0.3,20,2.42444930665735,1.43026031668154,20,10,0,3.13475998969076,0.344836594189614,20,-116,-16.1266213142119
0.31872271467571,-40,0.847852902077836,27.5,0.3,20,2.42444930665735,1.43026031668154,20,10,0,3.13475998969076,0.344836594189614,20,-114,-16.462225460928
0.31872271467571,-40,0.847852902077836,27.5,0.3,20,2.42444930665735,1.43026031668154,20,10,0,3.13475998969076,0.344836594189614,20,-112,-16.7272591829273
0.31872271467571,-40,0.847852902077836,27.5,0.3,20,2.42444930665735,1.43026031668154,20,10,0,3.13475998969076,0.344836594189614,20,-110,-16.6102692056211
0.31872271467571,-40,0.847852902077836,27.5,0.3,20,2.42444930665735,1.43026031668154,20,10,0,3.13475998969076,0.344836594189614,20,-108,-15.9530220930258
0.31872271467571,-40,0.847852902077836,27.5,0.3,20,2.42444930665735,1.43026031668154,20,10,0,3.13475998969076,0.344836594189614,20,-106,-14.8981848883774
0.31872271467571,-40,0.847852902077836,27.5,0.3,20,2.42444930665735,1.43026031668154,20,10,0,3.13475998969076,0.344836594189614,20,-104,-13.7165234198162
0.31872271467571,-40,0.847852902077836,27.5,0.3,20,2.42444930665735,1.43026031668154,20,10,0,3.13475998969076,0.344836594189614,20,-102,-12.6045062963636
0.31872271467571,-40,0.847852902077836,27.5,0.3,20,2.42444930665735,1.43026031668154,20,10,0,3.13475998969076,0.344836594189614,20,-100,-11.6538417761383
0.31872271467571,-40,0.847852902077836,27.5,0.3,20,2.42444930665735,1.43026031668154,20,10,0,3.13475998969076,0.344836594189614,20,-98,-10.8925731509108
0.31872271467571,-40,0.847852902077836,27.5,0.3,20,2.42444930665735,1.43026031668154,20,10,0,3.13475998969076,0.344836594189614,20,-96,-10.3180201125457
0.31872271467571,-40,0.847852902077836,27.5,0.3,20,2.42444930665735,1.43026031668154,20,10,0,3.13475998969076,0.344836594189614,20,-94,-9.91054493155445
0.31872271467571,-40,0.847852902077836,27.5,0.3,20,2.42444930665735,1.43026031668154,20,10,0,3.13475998969076,0.344836594189614,20,-92,-9.63468029722481
0.31872271467571,-40,0.847852902077836,27.5,0.3,20,2.42444930665735,1.43026031668154,20,10,0,3.13475998969076,0.344836594189614,20,-90,-9.43475159432828
0.31872271467571,-40,0.847852902077836,27.5,0.3,20,2.42444930665735,1.43026031668154,20,10,0,3.13475998969076,0.344836594189614,20,-88,-9.23383019135024
0.31872271467571,-40,0.847852902077836,27.5,0.3,20,2.42444930665735,1.43026031668154,20,10,0,3.13475998969076,0.344836594189614,20,-86,-8.948003620377
0.31872271467571,-40,0.847852902077836,27.5,0.3,20,2.42444930665735,1.43026031668154,20,10,0,3.13475998969076,0.344836594189614,20,-84,-8.52088548062382
0.31872271467571,-40,0.847852902077836,27.5,0.3,20,2.42444930665735,1.43026031668154,20,10,0,3.13475998969076,0.344836594189614,20,-82,-7.95746121694589
0.31872271467571,-40,0.847852902077836,27.5,0.3,20,2.42444930665735,1.43026031668154,20,10,0,3.13475998969076,0.344836594189614,20,-80,-7.32275989485954
0.31872271467571,-40,0.847852902077836,27.5,0.3,20,2.42444930665735,1.43026031668154,20,10,0,3.13475998969076,0.344836594189614,20,-78,-6.70450665501099
0.31872271467571,-40,0.847852902077836,27.5,0.3,20,2.42444930665735,1.43026031668154,20,10,0,3.13475998969076,0.344836594189614,20,-76,-6.17323599270348
0.31872271467571,-40,0.847852902077836,27.5,0.3,20,2.42444930665735,1.43026031668154,20,10,0,3.13475998969076,0.344836594189614,20,-74,-5.7608078820441
0.31872271467571,-40,0.847852902077836,27.5,0.3,20,2.42444930665735,1.43026031668154,20,10,0,3.13475998969076,0.344836594189614,20,-72,-5.45396756354817
0.31872271467571,-40,0.847852902077836,27.5,0.3,20,2.42444930665735,1.43026031668154,20,10,0,3.13475998969076,0.344836594189614,20,-70,-5.19677311301591
0.31872271467571,-40,0.847852902077836,27.5,0.3,20,2.42444930665735,1.43026031668154,20,10,0,3.13475998969076,0.344836594189614,20,-68,-4.90620360667297
0.31872271467571,-40,0.847852902077836,27.5,0.3,20,2.42444930665735,1.43026031668154,20,10,0,3.13475998969076,0.344836594189614,20,-66,-4.50852999807105
0.31872271467571,-40,0.847852902077836,27.5,0.3,20,2.42444930665735,1.43026031668154,20,10,0,3.13475998969076,0.344836594189614,20,-64,-3.98338935757672
0.31872271467571,-40,0.847852902077836,27.5,0.3,20,2.42444930665735,1.43026031668154,20,10,0,3.13475998969076,0.344836594189614,20,-62,-3.37798174410286
0.31872271467571,-40,0.847852902077836,27.5,0.3,20,2.42444930665735,1.43026031668154,20,10,0,3.13475998969076,0.344836594189614,20,-60,-2.77667148392618
0.31872271467571,-40,0.847852902077836,27.5,0.3,20,2.42444930665735,1.43026031668154,20,10,0,3.13475998969076,0.344836594189614,20,-58,-2.25749175935169
0.31872271467571,-40,0.847852902077836,27.5,0.3,20,2.42444930665735,1.43026031668154,20,10,0,3.13475998969076,0.344836594189614,20,-56,-1.86640267054654
0.31872271467571,-40,0.847852902077836,27.5,0.3,20,2.42444930665735,1.43026031668154,20,10,0,3.13475998969076,0.344836594189614,20,-54,-1.61069282868199
0.31872271467571,-40,0.847852902077836,27.5,0.3,20,2.42444930665735,1.43026031668154,20,10,0,3.13475998969076,0.344836594189614,20,-52,-1.46150431666326
0.31872271467571,-40,0.847852902077836,27.5,0.3,20,2.42444930665735,1.43026031668154,20,10,0,3.13475998969076,0.344836594189614,20,-50,-1.36167706394393
0.31872271467571,-40,0.847852902077836,27.5,0.3,20,2.42444930665735,1.43026031668154,20,10,0,3.13475998969076,0.344836594189614,20,-48,-1.24225132218413
0.31872271467571,-40,0.847852902077836,27.5,0.3,20,2.42444930665735,1.43026031668154,20,10,0,3.13475998969076,0.344836594189614,20,-46,-1.04874130048016
0.31872271467571,-40,0.847852902077836,27.5,0.3,20,2.42444930665735,1.43026031668154,20,10,0,3.13475998969076,0.344836594189614,20,-44,-0.765337423458624
0.31872271467571,-40,0.847852902077836,27.5,0.3,20,2.42444930665735,1.43026031668154,20,10,0,3.13475998969076,0.344836594189614,20,-42,-0.418250901333327
0.31872271467571,-40,0.847852902077836,27.5,0.3,20,2.42444930665735,1.43026031668154,20,10,0,3.13475998969076,0.344836594189614,20,-40,-0.0556760792441393
0.31872271467571,-40,0.847852902077836,27.5,0.3,20,2.42444930665735,1.43026031668154,20,10,0,3.13475998969076,0.344836594189614,20,-38,0.277849548078271
0.31872271467571,-40,0.847852902077836,27.5,0.3,20,2.42444930665735,1.43026031668154,20,10,0,3.13475998969076,0.344836594189614,20,-36,0.556863634388134
0.31872271467571,-40,0.847852902077836,27.5,0.3,20,2.42444930665735,1.43026031668154,20,10,0,3.13475998969076,0.344836594189614,20,-34,0.778146984706076
0.31872271467571,-40,0.847852902077836,27.5,0.3,20,2.42444930665735,1.43026031668154,20,10,0,3.13475998969076,0.344836594189614,20,-32,0.95628471398633
0.31872271467571,-40,0.847852902077836,27.5,0.3,20,2.42444930665735,1.43026031668154,20,10,0,3.13475998969076,0.344836594189614,20,-30,1.1154458326764
0.31872271467571,-40,0.847852902077836,27.5,0.3,20,2.42444930665735,1.43026031668154,20,10,0,3.13475998969076,0.344836594189614,20,-28,1.27964796871787
0.31872271467571,-40,0.847852902077836,27.5,0.3,20,2.42444930665735,1.43026031668154,20,10,0,3.13475998969076,0.344836594189614,20,-26,1.4641059017519
0.31872271467571,-40,0.847852902077836,27.5,0.3,20,2.42444930665735,1.43026031668154,20,10,0,3.13475998969076,0.344836594189614,20,-24,1.67084669517405
0.31872271467571,-40,0.847852902077836,27.5,0.3,20,2.42444930665735,1.43026031668154,20,10,0,3.13475998969076,0.344836594189614,20,-22,1.89022129645312
0.31872271467571,-40,0.847852902077836,27.5,0.3,20,2.42444930665735,1.43026031668154,20,10,0,3.13475998969076,0.344836594189614,20,-20,2.10669449504659
0.31872271467571,-40,0.847852902077836,27.5,0.3,20,2.42444930665735,1.43026031668154,20,10,0,3.13475998969076,0.344836594189614,20,-18,2.30532630904881
0.31872271467571,-40,0.847852902077836,27.5,0.3,20,2.42444930665735,1.43026031668154,20,10,0,3.13475998969076,0.344836594189614,20,-16,2.4761270109996
0.31872271467571,-40,0.847852902077836,27.5,0.3,20,2.42444930665735,1.43026031668154,20,10,0,3.13475998969076,0.344836594189614,20,-14,2.61549147197653
0.31872271467571,-40,0.847852902077836,27.5,0.3,20,2.42444930665735,1.43026031668154,20,10,0,3.13475998969076,0.344836594189614,20,-12,2.72534486287789
0.31872271467571,-40,0.847852902077836,27.5,0.3,20,2.42444930665735,1.43026031668154,20,10,0,3.13475998969076,0.344836594189614,20,-10,2.81105048753928
0.31872271467571,-40,0.847852902077836,27.5,0.3,20,2.42444930665735,1.43026031668154,20,10,0,3.13475998969076,0.344836594189614,20,-8,2.87901532336688
0.31872271467571,-40,0.847852902077836,27.5,0.3,20,2.42444930665735,1.43026031668154,20,10,0,3.13475998969076,0.344836594189614,20,-6,2.93468593603402
0.31872271467571,-40,0.847852902077836,27.5,0.3,20,2.42444930665735,1.43026031668154,20,10,0,3.13475998969076,0.344836594189614,20,-4,2.98135496389388
0.31872271467571,-40,0.847852902077836,27.5,0.3,20,2.42444930665735,1.43026031668154,20,10,0,3.13475998969076,0.344836594189614,20,-2,3.01987917996644
0.31872271467571,-40,0.847852902077836,27.5,0.3,20,2.42444930665735,1.43026031668154,20,10,0,3.13475998969076,0.344836594189614,20,0,3.04909516859289
0.31872271467571,-40,0.847852902077836,27.5,0.3,20,2.42444930665735,1.43026031668154,20,10,0,3.13475998969076,0.344836594189614,20,2,3.06653064616827
0.31872271467571,-40,0.847852902077836,27.5,0.3,20,2.42444930665735,1.43026031668154,20,10,0,3.13475998969076,0.344836594189614,20,4,3.06902957410513
0.31872271467571,-40,0.847852902077836,27.5,0.3,20,2.42444930665735,1.43026031668154,20,10,0,3.13475998969076,0.344836594189614,20,6,3.05310086240883
0.31872271467571,-40,0.847852902077836,27.5,0.3,20,2.42444930665735,1.43026031668154,20,10,0,3.13475998969076,0.344836594189614,20,8,3.01504171317178
0.31872271467571,-40,0.847852902077836,27.5,0.3,20,2.42444930665735,1.43026031668154,20,10,0,3.13475998969076,0.344836594189614,20,10,2.95105504134677
0.31872271467571,-40,0.847852902077836,27.5,0.3,20,2.42444930665735,1.43026031668154,20,10,0,3.13475998969076,0.344836594189614,20,12,2.85761202887982
0.31872271467571,-40,0.847852902077836,27.5,0.3,20,2.42444930665735,1.43026031668154,20,10,0,3.13475998969076,0.344836594189614,20,14,2.73221026980916
0.31872271467571,-40,0.847852902077836,27.5,0.3,20,2.42444930665735,1.43026031668154,20,10,0,3.13475998969076,0.344836594189614,20,16,2.57449110117913
0.31872271467571,-40,0.847852902077836,27.5,0.3,20,2.42444930665735,1.43026031668154,20,10,0,3.13475998969076,0.344836594189614,20,18,2.38745235590475
0.31872271467571,-40,0.847852902077836,27.5,0.3,20,2.42444930665735,1.43026031668154,20,10,0,3.13475998969076,0.344836594189614,20,20,2.17825249187911
0.31872271467571,-40,0.847852902077836,27.5,0.3,20,2.42444930665735,1.43026031668154,20,10,0,3.13475998969076,0.344836594189614,20,22,1.95790559968458
0.31872271467571,-40,0.847852902077836,27.5,0.3,20,2.42444930665735,1.43026031668154,20,10,0,3.13475998969076,0.344836594189614,20,24,1.73919874593625
0.31872271467571,-40,0.847852902077836,27.5,0.3,20,2.42444930665735,1.43026031668154,20,10,0,3.13475998969076,0.344836594189614,20,26,1.53273468127585
0.31872271467571,-40,0.847852902077836,27.5,0.3,20,2.42444930665735,1.43026031668154,20,10,0,3.13475998969076,0.344836594189614,20,28,1.34221025501586
0.31872271467571,-40,0.847852902077836,27.5,0.3,20,2.42444930665735,1.43026031668154,20,10,0,3.13475998969076,0.344836594189614,20,30,1.16121239592373
0.31872271467571,-40,0.847852902077836,27.5,0.3,20,2.42444930665735,1.43026031668154,20,10,0,3.13475998969076,0.344836594189614,20,32,0.973699644784716
0.31872271467571,-40,0.847852902077836,27.5,0.3,20,2.42444930665735,1.43026031668154,20,10,0,3.13475998969076,0.344836594189614,20,34,0.758581757669761
0.31872271467571,-40,0.847852902077836,27.5,0.3,20,2.42444930665735,1.43026031668154,20,10,0,3.13475998969076,0.344836594189614,20,36,0.496836441381935
0.31872271467571,-40,0.847852902077836,27.5,0.3,20,2.42444930665735,1.43026031668154,20,10,0,3.13475998969076,0.344836594189614,20,38,0.179002438496574
0.31872271467571,-40,0.847852902077836,27.5,0.3,20,2.42444930665735,1.43026031668154,20,10,0,3.13475998969076,0.344836594189614,20,40,-0.188584951283695
0.31872271467571,-40,0.847852902077836,27.5,0.3,20,2.42444930665735,1.43026031668154,20,10,0,3.13475998969076,0.344836594189614,20,42,-0.58041419388115
0.31872271467571,-40,0.847852902077836,27.5,0.3,20,2.42444930665735,1.43026031668154,20,10,0,3.13475998969076,0.344836594189614,20,44,-0.954216266136145
0.31872271467571,-40,0.847852902077836,27.5,0.3,20,2.42444930665735,1.43026031668154,20,10,0,3.13475998969076,0.344836594189614,20,46,-1.26299541478703
0.31872271467571,-40,0.847852902077836,27.5,0.3,20,2.42444930665735,1.43026031668154,20,10,0,3.13475998969076,0.344836594189614,20,48,-1.4760845647585
0.31872271467571,-40,0.847852902077836,27.5,0.3,20,2.42444930665735,1.43026031668154,20,10,0,3.13475998969076,0.344836594189614,20,50,-1.59811837075608
0.31872271467571,-40,0.847852902077836,27.5,0.3,20,2.42444930665735,1.43026031668154,20,10,0,3.13475998969076,0.344836594189614,20,52,-1.67073179971797
0.31872271467571,-40,0.847852902077836,27.5,0.3,20,2.42444930665735,1.43026031668154,20,10,0,3.13475998969076,0.344836594189614,20,54,-1.75525570200524
0.31872271467571,-40,0.847852902077836,27.5,0.3,20,2.42444930665735,1.43026031668154,20,10,0,3.13475998969076,0.344836594189614,20,56,-1.91023426826976
0.31872271467571,-40,0.847852902077836,27.5,0.3,20,2.42444930665735,1.43026031668154,20,10,0,3.13475998969076,0.344836594189614,20,58,-2.17609312459094
0.31872271467571,-40,0.847852902077836,27.5,0.3,20,2.42444930665735,1.43026031668154,20,10,0,3.13475998969076,0.344836594189614,20,60,-2.56846016775375
0.31872271467571,-40,0.847852902077836,27.5,0.3,20,2.42444930665735,1.43026031668154,20,10,0,3.13475998969076,0.344836594189614,20,62,-3.07617505782907
0.31872271467571,-40,0.847852902077836,27.5,0.3,20,2.42444930665735,1.43026031668154,20,10,0,3.13475998969076,0.344836594189614,20,64,-3.6616927189733
0.31872271467571,-40,0.847852902077836,27.5,0.3,20,2.42444930665735,1.43026031668154,20,10,0,3.13475998969076,0.344836594189614,20,66,-4.26602619066205
0.31872271467571,-40,0.847852902077836,27.5,0.3,20,2.42444930665735,1.43026031668154,20,10,0,3.13475998969076,0.344836594189614,20,68,-4.82320713987594
0.31872271467571,-40,0.847852902077836,27.5,0.3,20,2.42444930665735,1.43026031668154,20,10,0,3.13475998969076,0.344836594189614,20,70,-5.28480226813743
0.31872271467571,-40,0.847852902077836,27.5,0.3,20,2.42444930665735,1.43026031668154,20,10,0,3.13475998969076,0.344836594189614,20,72,-5.64225888283118
0.31872271467571,-40,0.847852902077836,27.5,0.3,20,2.42444930665735,1.43026031668154,20,10,0,3.13475998969076,0.344836594189614,20,74,-5.92933305123625
0.31872271467571,-40,0.847852902077836,27.5,0.3,20,2.42444930665735,1.43026031668154,20,10,0,3.13475998969076,0.344836594189614,20,76,-6.20296688277025
0.31872271467571,-40,0.847852902077836,27.5,0.3,20,2.42444930665735,1.43026031668154,20,10,0,3.13475998969076,0.344836594189614,20,78,-6.51936123084783
0.31872271467571,-40,0.847852902077836,27.5,0.3,20,2.42444930665735,1.43026031668154,20,10,0,3.13475998969076,0.344836594189614,20,80,-6.91916962644809
0.31872271467571,-40,0.847852902077836,27.5,0.3,20,2.42444930665735,1.43026031668154,20,10,0,3.13475998969076,0.344836594189614,20,82,-7.42234308734898
0.31872271467571,-40,0.847852902077836,27.5,0.3,20,2.42444930665735,1.43026031668154,20,10,0,3.13475998969076,0.344836594189614,20,84,-8.02668448655193
0.31872271467571,-40,0.847852902077836,27.5,0.3,20,2.42444930665735,1.43026031668154,20,10,0,3.13475998969076,0.344836594189614,20,86,-8.70560151914725
0.31872271467571,-40,0.847852902077836,27.5,0.3,20,2.42444930665735,1.43026031668154,20,10,0,3.13475998969076,0.344836594189614,20,88,-9.40537070969262
0.31872271467571,-40,0.847852902077836,27.5,0.3,20,2.42444930665735,1.43026031668154,20,10,0,3.13475998969076,0.344836594189614,20,90,-10.0489839704567
0.31872271467571,-40,0.847852902077836,27.5,0.3,20,2.42444930665735,1.43026031668154,20,10,0,3.13475998969076,0.344836594189614,20,92,-10.558342622188
0.31872271467571,-40,0.847852902077836,27.5,0.3,20,2.42444930665735,1.43026031668154,20,10,0,3.13475998969076,0.344836594189614,20,94,-10.8953513486328
0.31872271467571,-40,0.847852902077836,27.5,0.3,20,2.42444930665735,1.43026031668154,20,10,0,3.13475998969076,0.344836594189614,20,96,-11.0930310746461
0.31872271467571,-40,0.847852902077836,27.5,0.3,20,2.42444930665735,1.43026031668154,20,10,0,3.13475998969076,0.344836594189614,20,98,-11.2442115230714
0.31872271467571,-40,0.847852902077836,27.5,0.3,20,2.42444930665735,1.43026031668154,20,10,0,3.13475998969076,0.344836594189614,20,100,-11.4599318944831
0.31872271467571,-40,0.847852902077836,27.5,0.3,20,2.42444930665735,1.43026031668154,20,10,0,3.13475998969076,0.344836594189614,20,102,-11.835134448013
0.31872271467571,-40,0.847852902077836,27.5,0.3,20,2.42444930665735,1.43026031668154,20,10,0,3.13475998969076,0.344836594189614,20,104,-12.4354983938117
0.31872271467571,-40,0.847852902077836,27.5,0.3,20,2.42444930665735,1.43026031668154,20,10,0,3.13475998969076,0.344836594189614,20,106,-13.2942965074165
0.31872271467571,-40,0.847852902077836,27.5,0.3,20,2.42444930665735,1.43026031668154,20,10,0,3.13475998969076,0.344836594189614,20,108,-14.4028189280704
0.31872271467571,-40,0.847852902077836,27.5,0.3,20,2.42444930665735,1.43026031668154,20,10,0,3.13475998969076,0.344836594189614,20,110,-15.6797830930013
0.31872271467571,-40,0.847852902077836,27.5,0.3,20,2.42444930665735,1.43026031668154,20,10,0,3.13475998969076,0.344836594189614,20,112,-16.9214269091008
0.31872271467571,-40,0.847852902077836,27.5,0.3,20,2.42444930665735,1.43026031668154,20,10,0,3.13475998969076,0.344836594189614,20,114,-17.8144631797636
0.31872271467571,-40,0.847852902077836,27.5,0.3,20,2.42444930665735,1.43026031668154,20,10,0,3.13475998969076,0.344836594189614,20,116,-18.1634087671302
0.31872271467571,-40,0.847852902077836,27.5,0.3,20,2.42444930665735,1.43026031668154,20,10,0,3.13475998969076,0.344836594189614,20,118,-18.13027449068
0.31872271467571,-40,0.847852902077836,27.5,0.3,20,2.42444930665735,1.43026031668154,20,10,0,3.13475998969076,0.344836594189614,20,120,-18.0671019557111
0.31872271467571,-40,0.847852902077836,27.5,0.3,20,2.42444930665735,1.43026031668154,20,10,0,3.13475998969076,0.344836594189614,20,122,-18.2313138334377
0.31872271467571,-40,0.847852902077836,27.5,0.3,20,2.42444930665735,1.43026031668154,20,10,0,3.13475998969076,0.344836594189614,20,124,-18.7100521396237
0.31872271467571,-40,0.847852902077836,27.5,0.3,20,2.42444930665735,1.43026031668154,20,10,0,3.13475998969076,0.344836594189614,20,126,-19.4364070800899
0.31872271467571,-40,0.847852902077836,27.5,0.3,20,2.42444930665735,1.43026031668154,20,10,0,3.13475998969076,0.344836594189614,20,128,-20.2061478866797
0.31872271467571,-40,0.847852902077836,27.5,0.3,20,2.42444930665735,1.43026031668154,20,10,0,3.13475998969076,0.344836594189614,20,130,-20.7410112757144
0.31872271467571,-40,0.847852902077836,27.5,0.3,20,2.42444930665735,1.43026031668154,20,10,0,3.13475998969076,0.344836594189614,20,132,-20.8028040255837
0.31872271467571,-40,0.847852902077836,27.5,0.3,20,2.42444930665735,1.43026031668154,20,10,0,3.13475998969076,0.344836594189614,20,134,-20.2151137136806
0.31872271467571,-40,0.847852902077836,27.5,0.3,20,2.42444930665735,1.43026031668154,20,10,0,3.13475998969076,0.344836594189614,20,136,-18.8974427859903
0.31872271467571,-40,0.847852902077836,27.5,0.3,20,2.42444930665735,1.43026031668154,20,10,0,3.13475998969076,0.344836594189614,20,138,-17.0653175498699
0.31872271467571,-40,0.847852902077836,27.5,0.3,20,2.42444930665735,1.43026031668154,20,10,0,3.13475998969076,0.344836594189614,20,140,-15.1494252220195
0.31872271467571,-40,0.847852902077836,27.5,0.3,20,2.42444930665735,1.43026031668154,20,10,0,3.13475998969076,0.344836594189614,20,142,-13.4905116279146
0.31872271467571,-40,0.847852902077836,27.5,0.3,20,2.42444930665735,1.43026031668154,20,10,0,3.13475998969076,0.344836594189614,20,144,-12.2555594250525
0.31872271467571,-40,0.847852902077836,27.5,0.3,20,2.42444930665735,1.43026031668154,20,10,0,3.13475998969076,0.344836594189614,20,146,-11.5033646952211
0.31872271467571,-40,0.847852902077836,27.5,0.3,20,2.42444930665735,1.43026031668154,20,10,0,3.13475998969076,0.344836594189614,20,148,-11.2432798661558
0.31872271467571,-40,0.847852902077836,27.5,0.3,20,2.42444930665735,1.43026031668154,20,10,0,3.13475998969076,0.344836594189614,20,150,-11.4573406849704
0.31872271467571,-40,0.847852902077836,27.5,0.3,20,2.42444930665735,1.43026031668154,20,10,0,3.13475998969076,0.344836594189614,20,152,-12.088174544871
0.31872271467571,-40,0.847852902077836,27.5,0.3,20,2.42444930665735,1.43026031668154,20,10,0,3.13475998969076,0.344836594189614,20,154,-12.9822421076359
0.31872271467571,-40,0.847852902077836,27.5,0.3,20,2.42444930665735,1.43026031668154,20,10,0,3.13475998969076,0.344836594189614,20,156,-13.791454721388
0.31872271467571,-40,0.847852902077836,27.5,0.3,20,2.42444930665735,1.43026031668154,20,10,0,3.13475998969076,0.344836594189614,20,158,-14.0102444855125
0.31872271467571,-40,0.847852902077836,27.5,0.3,20,2.42444930665735,1.43026031668154,20,10,0,3.13475998969076,0.344836594189614,20,160,-13.4273878407857
0.31872271467571,-40,0.847852902077836,27.5,0.3,20,2.42444930665735,1.43026031668154,20,10,0,3.13475998969076,0.344836594189614,20,162,-12.3794868655473
0.31872271467571,-40,0.847852902077836,27.5,0.3,20,2.42444930665735,1.43026031668154,20,10,0,3.13475998969076,0.344836594189614,20,164,-11.2886907369476
0.31872271467571,-40,0.847852902077836,27.5,0.3,20,2.42444930665735,1.43026031668154,20,10,0,3.13475998969076,0.344836594189614,20,166,-10.3631233339751
0.31872271467571,-40,0.847852902077836,27.5,0.3,20,2.42444930665735,1.43026031668154,20,10,0,3.13475998969076,0.344836594189614,20,168,-9.65121832246519
0.31872271467571,-40,0.847852902077836,27.5,0.3,20,2.42444930665735,1.43026031668154,20,10,0,3.13475998969076,0.344836594189614,20,170,-9.13350901718451
0.31872271467571,-40,0.847852902077836,27.5,0.3,20,2.42444930665735,1.43026031668154,20,10,0,3.13475998969076,0.344836594189614,20,172,-8.76920251150213
0.31872271467571,-40,0.847852902077836,27.5,0.3,20,2.42444930665735,1.43026031668154,20,10,0,3.13475998969076,0.344836594189614,20,174,-8.51571115699568
0.31872271467571,-40,0.847852902077836,27.5,0.3,20,2.42444930665735,1.43026031668154,20,10,0,3.13475998969076,0.344836594189614,20,176,-8.33735316248219
0.31872271467571,-40,0.847852902077836,27.5,0.3,20,2.42444930665735,1.43026031668154,20,10,0,3.13475998969076,0.344836594189614,20,178,-8.20972290652176
0.31872271467571,-40,0.847852902077836,27.5,0.3,20,2.42444930665735,1.43026031668154,20,10,0,3.13475998969076,0.344836594189614,20,180,-8.12186797434768
0.31872271467571,-40,0.847852902077836,27.6,0.3,20,2.42444930665735,1.43026031668154,20,10,0,3.13475998969076,0.344836594189614,20,-180,-8.06069451465695
0.31872271467571,-40,0.847852902077836,27.6,0.3,20,2.42444930665735,1.43026031668154,20,10,0,3.13475998969076,0.344836594189614,20,-178,-8.01022827185074
0.31872271467571,-40,0.847852902077836,27.6,0.3,20,2.42444930665735,1.43026031668154,20,10,0,3.13475998969076,0.344836594189614,20,-176,-8.00821862077645
0.31872271467571,-40,0.847852902077836,27.6,0.3,20,2.42444930665735,1.43026031668154,20,10,0,3.13475998969076,0.344836594189614,20,-174,-8.08484371114551
0.31872271467571,-40,0.847852902077836,27.6,0.3,20,2.42444930665735,1.43026031668154,20,10,0,3.13475998969076,0.344836594189614,20,-172,-8.27881896706137
0.31872271467571,-40,0.847852902077836,27.6,0.3,20,2.42444930665735,1.43026031668154,20,10,0,3.13475998969076,0.344836594189614,20,-170,-8.63304155428273
0.31872271467571,-40,0.847852902077836,27.6,0.3,20,2.42444930665735,1.43026031668154,20,10,0,3.13475998969076,0.344836594189614,20,-168,-9.19016776328371
0.31872271467571,-40,0.847852902077836,27.6,0.3,20,2.42444930665735,1.43026031668154,20,10,0,3.13475998969076,0.344836594189614,20,-166,-9.98664846896005
0.31872271467571,-40,0.847852902077836,27.6,0.3,20,2.42444930665735,1.43026031668154,20,10,0,3.13475998969076,0.344836594189614,20,-164,-11.0389086693751
0.31872271467571,-40,0.847852902077836,27.6,0.3,20,2.42444930665735,1.43026031668154,20,10,0,3.13475998969076,0.344836594189614,20,-162,-12.3047830490394
0.31872271467571,-40,0.847852902077836,27.6,0.3,20,2.42444930665735,1.43026031668154,20,10,0,3.13475998969076,0.344836594189614,20,-160,-13.5924748605261
0.31872271467571,-40,0.847852902077836,27.6,0.3,20,2.42444930665735,1.43026031668154,20,10,0,3.13475998969076,0.344836594189614,20,-158,-14.4625461288694
0.31872271467571,-40,0.847852902077836,27.6,0.3,20,2.42444930665735,1.43026031668154,20,10,0,3.13475998969076,0.344836594189614,20,-156,-14.4648822581843
0.31872271467571,-40,0.847852902077836,27.6,0.3,20,2.42444930665735,1.43026031668154,20,10,0,3.13475998969076,0.344836594189614,20,-154,-13.7255602692276
0.31872271467571,-40,0.847852902077836,27.6,0.3,20,2.42444930665735,1.43026031668154,20,10,0,3.13475998969076,0.344836594189614,20,-152,-12.7951577918812
0.31872271467571,-40,0.847852902077836,27.6,0.3,20,2.42444930665735,1.43026031668154,20,10,0,3.13475998969076,0.344836594189614,20,-150,-12.0811949110503
0.31872271467571,-40,0.847852902077836,27.6,0.3,20,2.42444930665735,1.43026031668154,20,10,0,3.13475998969076,0.344836594189614,20,-148,-11.7627891172818
0.31872271467571,-40,0.847852902077836,27.6,0.3,20,2.42444930665735,1.43026031668154,20,10,0,3.13475998969076,0.344836594189614,20,-146,-11.906513726933
0.31872271467571,-40,0.847852902077836,27.6,0.3,20,2.42444930665735,1.43026031668154,20,10,0,3.13475998969076,0.344836594189614,20,-144,-12.5379914357448
0.31872271467571,-40,0.847852902077836,27.6,0.3,20,2.42444930665735,1.43026031668154,20,10,0,3.13475998969076,0.344836594189614,20,-142,-13.662757932327
0.31872271467571,-40,0.847852902077836,27.6,0.3,20,2.42444930665735,1.43026031668154,20,10,0,3.13475998969076,0.344836594189614,20,-140,-15.2529233750987
0.31872271467571,-40,0.847852902077836,27.6,0.3,20,2.42444930665735,1.43026031668154,20,10,0,3.13475998969076,0.344836594189614,20,-138,-17.1913944127326
0.31872271467571,-40,0.847852902077836,27.6,0.3,20,2.42444930665735,1.43026031668154,20,10,0,3.13475998969076,0.344836594189614,20,-136,-19.1593201618992
0.31872271467571,-40,0.847852902077836,27.6,0.3,20,2.42444930665735,1.43026031668154,20,10,0,3.13475998969076,0.344836594189614,20,-134,-20.5837336250865
0.31872271467571,-40,0.847852902077836,27.6,0.3,20,2.42444930665735,1.43026031668154,20,10,0,3.13475998969076,0.344836594189614,20,-132,-21.0006525409411
0.31872271467571,-40,0.847852902077836,27.6,0.3,20,2.42444930665735,1.43026031668154,20,10,0,3.13475998969076,0.344836594189614,20,-130,-20.5081877219497
0.31872271467571,-40,0.847852902077836,27.6,0.3,20,2.42444930665735,1.43026031668154,20,10,0,3.13475998969076,0.344836594189614,20,-128,-19.4920182357665
0.31872271467571,-40,0.847852902077836,27.6,0.3,20,2.42444930665735,1.43026031668154,20,10,0,3.13475998969076,0.344836594189614,20,-126,-18.2906189218002
0.31872271467571,-40,0.847852902077836,27.6,0.3,20,2.42444930665735,1.43026031668154,20,10,0,3.13475998969076,0.344836594189614,20,-124,-17.163440777726
0.31872271467571,-40,0.847852902077836,27.6,0.3,20,2.42444930665735,1.43026031668154,20,10,0,3.13475998969076,0.344836594189614,20,-122,-16.2857112716363
0.31872271467571,-40,0.847852902077836,27.6,0.3,20,2.42444930665735,1.43026031668154,20,10,0,3.13475998969076,0.344836594189614,20,-120,-15.7459176773851
0.31872271467571,-40,0.847852902077836,27.6,0.3,20,2.42444930665735,1.43026031668154,20,10,0,3.13475998969076,0.344836594189614,20,-118,-15.5617085773508
0.31872271467571,-40,0.847852902077836,27.6,0.3,20,2.42444930665735,1.43026031668154,20,10,0,3.13475998969076,0.344836594189614,20,-116,-15.6889127272733
0.31872271467571,-40,0.847852902077836,27.6,0.3,20,2.42444930665735,1.43026031668154,20,10,0,3.13475998969076,0.344836594189614,20,-114,-16.0071285148289
0.31872271467571,-40,0.847852902077836,27.6,0.3,20,2.42444930665735,1.43026031668154,20,10,0,3.13475998969076,0.344836594189614,20,-112,-16.293111576625
0.31872271467571,-40,0.847852902077836,27.6,0.3,20,2.42444930665735,1.43026031668154,20,10,0,3.13475998969076,0.344836594189614,20,-110,-16.2547262010337
0.31872271467571,-40,0.847852902077836,27.6,0.3,20,2.42444930665735,1.43026031668154,20,10,0,3.13475998969076,0.344836594189614,20,-108,-15.7122626863961
0.31872271467571,-40,0.847852902077836,27.6,0.3,20,2.42444930665735,1.43026031668154,20,10,0,3.13475998969076,0.344836594189614,20,-106,-14.758244610117
0.31872271467571,-40,0.847852902077836,27.6,0.3,20,2.42444930665735,1.43026031668154,20,10,0,3.13475998969076,0.344836594189614,20,-104,-13.6386528042509
0.31872271467571,-40,0.847852902077836,27.6,0.3,20,2.42444930665735,1.43026031668154,20,10,0,3.13475998969076,0.344836594189614,20,-102,-12.5545354868154
0.31872271467571,-40,0.847852902077836,27.6,0.3,20,2.42444930665735,1.43026031668154,20,10,0,3.13475998969076,0.344836594189614,20,-100,-11.6092691983261
0.31872271467571,-40,0.847852902077836,27.6,0.3,20,2.42444930665735,1.43026031668154,20,10,0,3.13475998969076,0.344836594189614,20,-98,-10.8399916442824
0.31872271467571,-40,0.847852902077836,27.6,0.3,20,2.42444930665735,1.43026031668154,20,10,0,3.13475998969076,0.344836594189614,20,-96,-10.2502618587613
0.31872271467571,-40,0.847852902077836,27.6,0.3,20,2.42444930665735,1.43026031668154,20,10,0,3.13475998969076,0.344836594189614,20,-94,-9.82548703194017
0.31872271467571,-40,0.847852902077836,27.6,0.3,20,2.42444930665735,1.43026031668154,20,10,0,3.13475998969076,0.344836594189614,20,-92,-9.53533591358958
0.31872271467571,-40,0.847852902077836,27.6,0.3,20,2.42444930665735,1.43026031668154,20,10,0,3.13475998969076,0.344836594189614,20,-90,-9.32970113593852
0.31872271467571,-40,0.847852902077836,27.6,0.3,20,2.42444930665735,1.43026031668154,20,10,0,3.13475998969076,0.344836594189614,20,-88,-9.13638560059362
0.31872271467571,-40,0.847852902077836,27.6,0.3,20,2.42444930665735,1.43026031668154,20,10,0,3.13475998969076,0.344836594189614,20,-86,-8.87216619924531
0.31872271467571,-40,0.847852902077836,27.6,0.3,20,2.42444930665735,1.43026031668154,20,10,0,3.13475998969076,0.344836594189614,20,-84,-8.47452758498925
0.31872271467571,-40,0.847852902077836,27.6,0.3,20,2.42444930665735,1.43026031668154,20,10,0,3.13475998969076,0.344836594189614,20,-82,-7.937930607752
0.31872271467571,-40,0.847852902077836,27.6,0.3,20,2.42444930665735,1.43026031668154,20,10,0,3.13475998969076,0.344836594189614,20,-80,-7.31951507600133
0.31872271467571,-40,0.847852902077836,27.6,0.3,20,2.42444930665735,1.43026031668154,20,10,0,3.13475998969076,0.344836594189614,20,-78,-6.705843497495
0.31872271467571,-40,0.847852902077836,27.6,0.3,20,2.42444930665735,1.43026031668154,20,10,0,3.13475998969076,0.344836594189614,20,-76,-6.17135267266168
0.31872271467571,-40,0.847852902077836,27.6,0.3,20,2.42444930665735,1.43026031668154,20,10,0,3.13475998969076,0.344836594189614,20,-74,-5.75356204199486
0.31872271467571,-40,0.847852902077836,27.6,0.3,20,2.42444930665735,1.43026031668154,20,10,0,3.13475998969076,0.344836594189614,20,-72,-5.44454024581006
0.31872271467571,-40,0.847852902077836,27.6,0.3,20,2.42444930665735,1.43026031668154,20,10,0,3.13475998969076,0.344836594189614,20,-70,-5.19194819762863
0.31872271467571,-40,0.847852902077836,27.6,0.3,20,2.42444930665735,1.43026031668154,20,10,0,3.13475998969076,0.344836594189614,20,-68,-4.91289035452239
0.31872271467571,-40,0.847852902077836,27.6,0.3,20,2.42444930665735,1.43026031668154,20,10,0,3.13475998969076,0.344836594189614,20,-66,-4.52909747530506
0.31872271467571,-40,0.847852902077836,27.6,0.3,20,2.42444930665735,1.43026031668154,20,10,0,3.13475998969076,0.344836594189614,20,-64,-4.01318002654612
0.31872271467571,-40,0.847852902077836,27.6,0.3,20,2.42444930665735,1.43026031668154,20,10,0,3.13475998969076,0.344836594189614,20,-62,-3.40780517932753
0.31872271467571,-40,0.847852902077836,27.6,0.3,20,2.42444930665735,1.43026031668154,20,10,0,3.13475998969076,0.344836594189614,20,-60,-2.79775944183249
0.31872271467571,-40,0.847852902077836,27.6,0.3,20,2.42444930665735,1.43026031668154,20,10,0,3.13475998969076,0.344836594189614,20,-58,-2.26466170505914
0.31872271467571,-40,0.847852902077836,27.6,0.3,20,2.42444930665735,1.43026031668154,20,10,0,3.13475998969076,0.344836594189614,20,-56,-1.85862703367527
0.31872271467571,-40,0.847852902077836,27.6,0.3,20,2.42444930665735,1.43026031668154,20,10,0,3.13475998969076,0.344836594189614,20,-54,-1.59046515497075
0.31872271467571,-40,0.847852902077836,27.6,0.3,20,2.42444930665735,1.43026031668154,20,10,0,3.13475998969076,0.344836594189614,20,-52,-1.43392586719482
0.31872271467571,-40,0.847852902077836,27.6,0.3,20,2.42444930665735,1.43026031668154,20,10,0,3.13475998969076,0.344836594189614,20,-50,-1.33320160713734
0.31872271467571,-40,0.847852902077836,27.6,0.3,20,2.42444930665735,1.43026031668154,20,10,0,3.13475998969076,0.344836594189614,20,-48,-1.21873276307471
0.31872271467571,-40,0.847852902077836,27.6,0.3,20,2.42444930665735,1.43026031668154,20,10,0,3.13475998969076,0.344836594189614,20,-46,-1.0331894361615
0.31872271467571,-40,0.847852902077836,27.6,0.3,20,2.42444930665735,1.43026031668154,20,10,0,3.13475998969076,0.344836594189614,20,-44,-0.756877887284177
0.31872271467571,-40,0.847852902077836,27.6,0.3,20,2.42444930665735,1.43026031668154,20,10,0,3.13475998969076,0.344836594189614,20,-42,-0.413272524292684
0.31872271467571,-40,0.847852902077836,27.6,0.3,20,2.42444930665735,1.43026031668154,20,10,0,3.13475998969076,0.344836594189614,20,-40,-0.0501363342633359
0.31872271467571,-40,0.847852902077836,27.6,0.3,20,2.42444930665735,1.43026031668154,20,10,0,3.13475998969076,0.344836594189614,20,-38,0.286683974111677
0.31872271467571,-40,0.847852902077836,27.6,0.3,20,2.42444930665735,1.43026031668154,20,10,0,3.13475998969076,0.344836594189614,20,-36,0.569841720925556
0.31872271467571,-40,0.847852902077836,27.6,0.3,20,2.42444930665735,1.43026031668154,20,10,0,3.13475998969076,0.344836594189614,20,-34,0.794466812099606
0.31872271467571,-40,0.847852902077836,27.6,0.3,20,2.42444930665735,1.43026031668154,20,10,0,3.13475998969076,0.344836594189614,20,-32,0.974093907828706
0.31872271467571,-40,0.847852902077836,27.6,0.3,20,2.42444930665735,1.43026031668154,20,10,0,3.13475998969076,0.344836594189614,20,-30,1.13257533909528
0.31872271467571,-40,0.847852902077836,27.6,0.3,20,2.42444930665735,1.43026031668154,20,10,0,3.13475998969076,0.344836594189614,20,-28,1.29432018637474
0.31872271467571,-40,0.847852902077836,27.6,0.3,20,2.42444930665735,1.43026031668154,20,10,0,3.13475998969076,0.344836594189614,20,-26,1.4754132891689
0.31872271467571,-40,0.847852902077836,27.6,0.3,20,2.42444930665735,1.43026031668154,20,10,0,3.13475998969076,0.344836594189614,20,-24,1.67883005133173
0.31872271467571,-40,0.847852902077836,27.6,0.3,20,2.42444930665735,1.43026031668154,20,10,0,3.13475998969076,0.344836594189614,20,-22,1.89557257812617
0.31872271467571,-40,0.847852902077836,27.6,0.3,20,2.42444930665735,1.43026031668154,20,10,0,3.13475998969076,0.344836594189614,20,-20,2.11030707583507
0.31872271467571,-40,0.847852902077836,27.6,0.3,20,2.42444930665735,1.43026031668154,20,10,0,3.13475998969076,0.344836594189614,20,-18,2.30793191522175
0.31872271467571,-40,0.847852902077836,27.6,0.3,20,2.42444930665735,1.43026031668154,20,10,0,3.13475998969076,0.344836594189614,20,-16,2.47812709688501
0.31872271467571,-40,0.847852902077836,27.6,0.3,20,2.42444930665735,1.43026031668154,20,10,0,3.13475998969076,0.344836594189614,20,-14,2.61696344858073
0.31872271467571,-40,0.847852902077836,27.6,0.3,20,2.42444930665735,1.43026031668154,20,10,0,3.13475998969076,0.344836594189614,20,-12,2.72615265305517
0.31872271467571,-40,0.847852902077836,27.6,0.3,20,2.42444930665735,1.43026031668154,20,10,0,3.13475998969076,0.344836594189614,20,-10,2.81099161827957
0.31872271467571,-40,0.847852902077836,27.6,0.3,20,2.42444930665735,1.43026031668154,20,10,0,3.13475998969076,0.344836594189614,20,-8,2.87795460042909
0.31872271467571,-40,0.847852902077836,27.6,0.3,20,2.42444930665735,1.43026031668154,20,10,0,3.13475998969076,0.344836594189614,20,-6,2.93264319971674
0.31872271467571,-40,0.847852902077836,27.6,0.3,20,2.42444930665735,1.43026031668154,20,10,0,3.13475998969076,0.344836594189614,20,-4,2.97853201311173
0.31872271467571,-40,0.847852902077836,27.6,0.3,20,2.42444930665735,1.43026031668154,20,10,0,3.13475998969076,0.344836594189614,20,-2,3.01662927571133
0.31872271467571,-40,0.847852902077836,27.6,0.3,20,2.42444930665735,1.43026031668154,20,10,0,3.13475998969076,0.344836594189614,20,0,3.04585296033719
0.31872271467571,-40,0.847852902077836,27.6,0.3,20,2.42444930665735,1.43026031668154,20,10,0,3.13475998969076,0.344836594189614,20,2,3.06372611656295
0.31872271467571,-40,0.847852902077836,27.6,0.3,20,2.42444930665735,1.43026031668154,20,10,0,3.13475998969076,0.344836594189614,20,4,3.06700731418382
0.31872271467571,-40,0.847852902077836,27.6,0.3,20,2.42444930665735,1.43026031668154,20,10,0,3.13475998969076,0.344836594189614,20,6,3.05206064984117
0.31872271467571,-40,0.847852902077836,27.6,0.3,20,2.42444930665735,1.43026031668154,20,10,0,3.13475998969076,0.344836594189614,20,8,3.01501189815361
0.31872271467571,-40,0.847852902077836,27.6,0.3,20,2.42444930665735,1.43026031668154,20,10,0,3.13475998969076,0.344836594189614,20,10,2.95190655341806
0.31872271467571,-40,0.847852902077836,27.6,0.3,20,2.42444930665735,1.43026031668154,20,10,0,3.13475998969076,0.344836594189614,20,12,2.85911554476283
0.31872271467571,-40,0.847852902077836,27.6,0.3,20,2.42444930665735,1.43026031668154,20,10,0,3.13475998969076,0.344836594189614,20,14,2.73413090712151
0.31872271467571,-40,0.847852902077836,27.6,0.3,20,2.42444930665735,1.43026031668154,20,10,0,3.13475998969076,0.344836594189614,20,16,2.57670457672096
0.31872271467571,-40,0.847852902077836,27.6,0.3,20,2.42444930665735,1.43026031668154,20,10,0,3.13475998969076,0.344836594189614,20,18,2.39005475352886
0.31872271467571,-40,0.847852902077836,27.6,0.3,20,2.42444930665735,1.43026031668154,20,10,0,3.13475998969076,0.344836594189614,20,20,2.18162302977593
0.31872271467571,-40,0.847852902077836,27.6,0.3,20,2.42444930665735,1.43026031668154,20,10,0,3.13475998969076,0.344836594189614,20,22,1.9626723466299
0.31872271467571,-40,0.847852902077836,27.6,0.3,20,2.42444930665735,1.43026031668154,20,10,0,3.13475998969076,0.344836594189614,20,24,1.74606661305985
0.31872271467571,-40,0.847852902077836,27.6,0.3,20,2.42444930665735,1.43026031668154,20,10,0,3.13475998969076,0.344836594189614,20,26,1.54218604572951
0.31872271467571,-40,0.847852902077836,27.6,0.3,20,2.42444930665735,1.43026031668154,20,10,0,3.13475998969076,0.344836594189614,20,28,1.35417938002737
0.31872271467571,-40,0.847852902077836,27.6,0.3,20,2.42444930665735,1.43026031668154,20,10,0,3.13475998969076,0.344836594189614,20,30,1.17490328611895
0.31872271467571,-40,0.847852902077836,27.6,0.3,20,2.42444930665735,1.43026031668154,20,10,0,3.13475998969076,0.344836594189614,20,32,0.987680991948801
0.31872271467571,-40,0.847852902077836,27.6,0.3,20,2.42444930665735,1.43026031668154,20,10,0,3.13475998969076,0.344836594189614,20,34,0.771161843684272
0.31872271467571,-40,0.847852902077836,27.6,0.3,20,2.42444930665735,1.43026031668154,20,10,0,3.13475998969076,0.344836594189614,20,36,0.506608174361527
0.31872271467571,-40,0.847852902077836,27.6,0.3,20,2.42444930665735,1.43026031668154,20,10,0,3.13475998969076,0.344836594189614,20,38,0.185424952811026
0.31872271467571,-40,0.847852902077836,27.6,0.3,20,2.42444930665735,1.43026031668154,20,10,0,3.13475998969076,0.344836594189614,20,40,-0.18469755368167
0.31872271467571,-40,0.847852902077836,27.6,0.3,20,2.42444930665735,1.43026031668154,20,10,0,3.13475998969076,0.344836594189614,20,42,-0.576702547835686
0.31872271467571,-40,0.847852902077836,27.6,0.3,20,2.42444930665735,1.43026031668154,20,10,0,3.13475998969076,0.344836594189614,20,44,-0.947234599829634
0.31872271467571,-40,0.847852902077836,27.6,0.3,20,2.42444930665735,1.43026031668154,20,10,0,3.13475998969076,0.344836594189614,20,46,-1.24959285611901
0.31872271467571,-40,0.847852902077836,27.6,0.3,20,2.42444930665735,1.43026031668154,20,10,0,3.13475998969076,0.344836594189614,20,48,-1.45528495491933
0.31872271467571,-40,0.847852902077836,27.6,0.3,20,2.42444930665735,1.43026031668154,20,10,0,3.13475998969076,0.344836594189614,20,50,-1.57219496417769
0.31872271467571,-40,0.847852902077836,27.6,0.3,20,2.42444930665735,1.43026031668154,20,10,0,3.13475998969076,0.344836594189614,20,52,-1.64453708884286
0.31872271467571,-40,0.847852902077836,27.6,0.3,20,2.42444930665735,1.43026031668154,20,10,0,3.13475998969076,0.344836594189614,20,54,-1.7344147360365
0.31872271467571,-40,0.847852902077836,27.6,0.3,20,2.42444930665735,1.43026031668154,20,10,0,3.13475998969076,0.344836594189614,20,56,-1.89947979335582
0.31872271467571,-40,0.847852902077836,27.6,0.3,20,2.42444930665735,1.43026031668154,20,10,0,3.13475998969076,0.344836594189614,20,58,-2.17828668366865
0.31872271467571,-40,0.847852902077836,27.6,0.3,20,2.42444930665735,1.43026031668154,20,10,0,3.13475998969076,0.344836594189614,20,60,-2.58407263039726
0.31872271467571,-40,0.847852902077836,27.6,0.3,20,2.42444930665735,1.43026031668154,20,10,0,3.13475998969076,0.344836594189614,20,62,-3.10290890712674
0.31872271467571,-40,0.847852902077836,27.6,0.3,20,2.42444930665735,1.43026031668154,20,10,0,3.13475998969076,0.344836594189614,20,64,-3.69430465226952
0.31872271467571,-40,0.847852902077836,27.6,0.3,20,2.42444930665735,1.43026031668154,20,10,0,3.13475998969076,0.344836594189614,20,66,-4.29692077973042
0.31872271467571,-40,0.847852902077836,27.6,0.3,20,2.42444930665735,1.43026031668154,20,10,0,3.13475998969076,0.344836594189614,20,68,-4.8444915471011
0.31872271467571,-40,0.847852902077836,27.6,0.3,20,2.42444930665735,1.43026031668154,20,10,0,3.13475998969076,0.344836594189614,20,70,-5.29141926405243
0.31872271467571,-40,0.847852902077836,27.6,0.3,20,2.42444930665735,1.43026031668154,20,10,0,3.13475998969076,0.344836594189614,20,72,-5.63407695810205
0.31872271467571,-40,0.847852902077836,27.6,0.3,20,2.42444930665735,1.43026031668154,20,10,0,3.13475998969076,0.344836594189614,20,74,-5.91035926882996
0.31872271467571,-40,0.847852902077836,27.6,0.3,20,2.42444930665735,1.43026031668154,20,10,0,3.13475998969076,0.344836594189614,20,76,-6.17853355303948
0.31872271467571,-40,0.847852902077836,27.6,0.3,20,2.42444930665735,1.43026031668154,20,10,0,3.13475998969076,0.344836594189614,20,78,-6.49351517490271
0.31872271467571,-40,0.847852902077836,27.6,0.3,20,2.42444930665735,1.43026031668154,20,10,0,3.13475998969076,0.344836594189614,20,80,-6.89333223089447
0.31872271467571,-40,0.847852902077836,27.6,0.3,20,2.42444930665735,1.43026031668154,20,10,0,3.13475998969076,0.344836594189614,20,82,-7.3949694047371
0.31872271467571,-40,0.847852902077836,27.6,0.3,20,2.42444930665735,1.43026031668154,20,10,0,3.13475998969076,0.344836594189614,20,84,-7.99338041575557
0.31872271467571,-40,0.847852902077836,27.6,0.3,20,2.42444930665735,1.43026031668154,20,10,0,3.13475998969076,0.344836594189614,20,86,-8.65954439019733
0.31872271467571,-40,0.847852902077836,27.6,0.3,20,2.42444930665735,1.43026031668154,20,10,0,3.13475998969076,0.344836594189614,20,88,-9.33844410198279
0.31872271467571,-40,0.847852902077836,27.6,0.3,20,2.42444930665735,1.43026031668154,20,10,0,3.13475998969076,0.344836594189614,20,90,-9.95436148042936
0.31872271467571,-40,0.847852902077836,27.6,0.3,20,2.42444930665735,1.43026031668154,20,10,0,3.13475998969076,0.344836594189614,20,92,-10.4343351460875
0.31872271467571,-40,0.847852902077836,27.6,0.3,20,2.42444930665735,1.43026031668154,20,10,0,3.13475998969076,0.344836594189614,20,94,-10.747855960552
0.31872271467571,-40,0.847852902077836,27.6,0.3,20,2.42444930665735,1.43026031668154,20,10,0,3.13475998969076,0.344836594189614,20,96,-10.9335363185987
0.31872271467571,-40,0.847852902077836,27.6,0.3,20,2.42444930665735,1.43026031668154,20,10,0,3.13475998969076,0.344836594189614,20,98,-11.0848189920798
0.31872271467571,-40,0.847852902077836,27.6,0.3,20,2.42444930665735,1.43026031668154,20,10,0,3.13475998969076,0.344836594189614,20,100,-11.3096967622354
0.31872271467571,-40,0.847852902077836,27.6,0.3,20,2.42444930665735,1.43026031668154,20,10,0,3.13475998969076,0.344836594189614,20,102,-11.6990966802729
0.31872271467571,-40,0.847852902077836,27.6,0.3,20,2.42444930665735,1.43026031668154,20,10,0,3.13475998969076,0.344836594189614,20,104,-12.3147663069758
0.31872271467571,-40,0.847852902077836,27.6,0.3,20,2.42444930665735,1.43026031668154,20,10,0,3.13475998969076,0.344836594189614,20,106,-13.1852765908781
0.31872271467571,-40,0.847852902077836,27.6,0.3,20,2.42444930665735,1.43026031668154,20,10,0,3.13475998969076,0.344836594189614,20,108,-14.2941792965811
0.31872271467571,-40,0.847852902077836,27.6,0.3,20,2.42444930665735,1.43026031668154,20,10,0,3.13475998969076,0.344836594189614,20,110,-15.5466542003129
0.31872271467571,-40,0.847852902077836,27.6,0.3,20,2.42444930665735,1.43026031668154,20,10,0,3.13475998969076,0.344836594189614,20,112,-16.7224148765812
0.31872271467571,-40,0.847852902077836,27.6,0.3,20,2.42444930665735,1.43026031668154,20,10,0,3.13475998969076,0.344836594189614,20,114,-17.5110708993978
0.31872271467571,-40,0.847852902077836,27.6,0.3,20,2.42444930665735,1.43026031668154,20,10,0,3.13475998969076,0.344836594189614,20,116,-17.7604799356985
0.31872271467571,-40,0.847852902077836,27.6,0.3,20,2.42444930665735,1.43026031668154,20,10,0,3.13475998969076,0.344836594189614,20,118,-17.6729518068162
0.31872271467571,-40,0.847852902077836,27.6,0.3,20,2.42444930665735,1.43026031668154,20,10,0,3.13475998969076,0.344836594189614,20,120,-17.5997921944072
0.31872271467571,-40,0.847852902077836,27.6,0.3,20,2.42444930665735,1.43026031668154,20,10,0,3.13475998969076,0.344836594189614,20,122,-17.7861069630966
0.31872271467571,-40,0.847852902077836,27.6,0.3,20,2.42444930665735,1.43026031668154,20,10,0,3.13475998969076,0.344836594189614,20,124,-18.3205607173634
0.31872271467571,-40,0.847852902077836,27.6,0.3,20,2.42444930665735,1.43026031668154,20,10,0,3.13475998969076,0.344836594189614,20,126,-19.1528613060694
0.31872271467571,-40,0.847852902077836,27.6,0.3,20,2.42444930665735,1.43026031668154,20,10,0,3.13475998969076,0.344836594189614,20,128,-20.0927657868612
0.31872271467571,-40,0.847852902077836,27.6,0.3,20,2.42444930665735,1.43026031668154,20,10,0,3.13475998969076,0.344836594189614,20,130,-20.8314828251546
0.31872271467571,-40,0.847852902077836,27.6,0.3,20,2.42444930665735,1.43026031668154,20,10,0,3.13475998969076,0.344836594189614,20,132,-21.0386260901555
0.31872271467571,-40,0.847852902077836,27.6,0.3,20,2.42444930665735,1.43026031668154,20,10,0,3.13475998969076,0.344836594189614,20,134,-20.4642115291974
0.31872271467571,-40,0.847852902077836,27.6,0.3,20,2.42444930665735,1.43026031668154,20,10,0,3.13475998969076,0.344836594189614,20,136,-19.0657261253501
0.31872271467571,-40,0.847852902077836,27.6,0.3,20,2.42444930665735,1.43026031668154,20,10,0,3.13475998969076,0.344836594189614,20,138,-17.157014203772
0.31872271467571,-40,0.847852902077836,27.6,0.3,20,2.42444930665735,1.43026031668154,20,10,0,3.13475998969076,0.344836594189614,20,140,-15.2102428684766
0.31872271467571,-40,0.847852902077836,27.6,0.3,20,2.42444930665735,1.43026031668154,20,10,0,3.13475998969076,0.344836594189614,20,142,-13.5561730366632
0.31872271467571,-40,0.847852902077836,27.6,0.3,20,2.42444930665735,1.43026031668154,20,10,0,3.13475998969076,0.344836594189614,20,144,-12.3466155345872
0.31872271467571,-40,0.847852902077836,27.6,0.3,20,2.42444930665735,1.43026031668154,20,10,0,3.13475998969076,0.344836594189614,20,146,-11.6321916208322
0.31872271467571,-40,0.847852902077836,27.6,0.3,20,2.42444930665735,1.43026031668154,20,10,0,3.13475998969076,0.344836594189614,20,148,-11.4181927215379
0.31872271467571,-40,0.847852902077836,27.6,0.3,20,2.42444930665735,1.43026031668154,20,10,0,3.13475998969076,0.344836594189614,20,150,-11.681855321358
0.31872271467571,-40,0.847852902077836,27.6,0.3,20,2.42444930665735,1.43026031668154,20,10,0,3.13475998969076,0.344836594189614,20,152,-12.3528232405438
0.31872271467571,-40,0.847852902077836,27.6,0.3,20,2.42444930665735,1.43026031668154,20,10,0,3.13475998969076,0.344836594189614,20,154,-13.2431660742826
0.31872271467571,-40,0.847852902077836,27.6,0.3,20,2.42444930665735,1.43026031668154,20,10,0,3.13475998969076,0.344836594189614,20,156,-13.9469811189409
0.31872271467571,-40,0.847852902077836,27.6,0.3,20,2.42444930665735,1.43026031668154,20,10,0,3.13475998969076,0.344836594189614,20,158,-13.9562203545374
0.31872271467571,-40,0.847852902077836,27.6,0.3,20,2.42444930665735,1.43026031668154,20,10,0,3.13475998969076,0.344836594189614,20,160,-13.186262049855
0.31872271467571,-40,0.847852902077836,27.6,0.3,20,2.42444930665735,1.43026031668154,20,10,0,3.13475998969076,0.344836594189614,20,162,-12.0583778842956
0.31872271467571,-40,0.847852902077836,27.6,0.3,20,2.42444930665735,1.43026031668154,20,10,0,3.13475998969076,0.344836594189614,20,164,-10.9656819631316
0.31872271467571,-40,0.847852902077836,27.6,0.3,20,2.42444930665735,1.43026031668154,20,10,0,3.13475998969076,0.344836594189614,20,166,-10.0728370148124
0.31872271467571,-40,0.847852902077836,27.6,0.3,20,2.42444930665735,1.43026031668154,20,10,0,3.13475998969076,0.344836594189614,20,168,-9.40545062495315
0.31872271467571,-40,0.847852902077836,27.6,0.3,20,2.42444930665735,1.43026031668154,20,10,0,3.13475998969076,0.344836594189614,20,170,-8.93435217970567
0.31872271467571,-40,0.847852902077836,27.6,0.3,20,2.42444930665735,1.43026031668154,20,10,0,3.13475998969076,0.344836594189614,20,172,-8.61410848243306
0.31872271467571,-40,0.847852902077836,27.6,0.3,20,2.42444930665735,1.43026031668154,20,10,0,3.13475998969076,0.344836594189614,20,174,-8.398954140257
0.31872271467571,-40,0.847852902077836,27.6,0.3,20,2.42444930665735,1.43026031668154,20,10,0,3.13475998969076,0.344836594189614,20,176,-8.25042042407906
0.31872271467571,-40,0.847852902077836,27.6,0.3,20,2.42444930665735,1.43026031668154,20,10,0,3.13475998969076,0.344836594189614,20,178,-8.14178265372915
0.31872271467571,-40,0.847852902077836,27.6,0.3,20,2.42444930665735,1.43026031668154,20,10,0,3.13475998969076,0.344836594189614,20,180,-8.06069451465695
0.31872271467571,-40,0.847852902077836,27.7,0.3,20,2.42444930665735,1.43026031668154,20,10,0,3.13475998969076,0.344836594189614,20,-180,-8.01954338775291
0.31872271467571,-40,0.847852902077836,27.7,0.3,20,2.42444930665735,1.43026031668154,20,10,0,3.13475998969076,0.344836594189614,20,-178,-7.96306791962049
0.31872271467571,-40,0.847852902077836,27.7,0.3,20,2.42444930665735,1.43026031668154,20,10,0,3.13475998969076,0.344836594189614,20,-176,-7.94362830472053
0.31872271467571,-40,0.847852902077836,27.7,0.3,20,2.42444930665735,1.43026031668154,20,10,0,3.13475998969076,0.344836594189614,20,-174,-7.99353593583013
0.31872271467571,-40,0.847852902077836,27.7,0.3,20,2.42444930665735,1.43026031668154,20,10,0,3.13475998969076,0.344836594189614,20,-172,-8.15387396045191
0.31872271467571,-40,0.847852902077836,27.7,0.3,20,2.42444930665735,1.43026031668154,20,10,0,3.13475998969076,0.344836594189614,20,-170,-8.46966488844956
0.31872271467571,-40,0.847852902077836,27.7,0.3,20,2.42444930665735,1.43026031668154,20,10,0,3.13475998969076,0.344836594189614,20,-168,-8.98553638184533
0.31872271467571,-40,0.847852902077836,27.7,0.3,20,2.42444930665735,1.43026031668154,20,10,0,3.13475998969076,0.344836594189614,20,-166,-9.74088640513577
0.31872271467571,-40,0.847852902077836,27.7,0.3,20,2.42444930665735,1.43026031668154,20,10,0,3.13475998969076,0.344836594189614,20,-164,-10.7593572926966
0.31872271467571,-40,0.847852902077836,27.7,0.3,20,2.42444930665735,1.43026031668154,20,10,0,3.13475998969076,0.344836594189614,20,-162,-12.0180820535193
0.31872271467571,-40,0.847852902077836,27.7,0.3,20,2.42444930665735,1.43026031668154,20,10,0,3.13475998969076,0.344836594189614,20,-160,-13.3678028776937
0.31872271467571,-40,0.847852902077836,27.7,0.3,20,2.42444930665735,1.43026031668154,20,10,0,3.13475998969076,0.344836594189614,20,-158,-14.4133122271332
0.31872271467571,-40,0.847852902077836,27.7,0.3,20,2.42444930665735,1.43026031668154,20,10,0,3.13475998969076,0.344836594189614,20,-156,-14.6393004195338
0.31872271467571,-40,0.847852902077836,27.7,0.3,20,2.42444930665735,1.43026031668154,20,10,0,3.13475998969076,0.344836594189614,20,-154,-14.02333815315
0.31872271467571,-40,0.847852902077836,27.7,0.3,20,2.42444930665735,1.43026031668154,20,10,0,3.13475998969076,0.344836594189614,20,-152,-13.1008978516436
0.31872271467571,-40,0.847852902077836,27.7,0.3,20,2.42444930665735,1.43026031668154,20,10,0,3.13475998969076,0.344836594189614,20,-150,-12.3433931111362
0.31872271467571,-40,0.847852902077836,27.7,0.3,20,2.42444930665735,1.43026031668154,20,10,0,3.13475998969076,0.344836594189614,20,-148,-11.9698791714595
0.31872271467571,-40,0.847852902077836,27.7,0.3,20,2.42444930665735,1.43026031668154,20,10,0,3.13475998969076,0.344836594189614,20,-146,-12.0613848721104
0.31872271467571,-40,0.847852902077836,27.7,0.3,20,2.42444930665735,1.43026031668154,20,10,0,3.13475998969076,0.344836594189614,20,-144,-12.6479861772866
0.31872271467571,-40,0.847852902077836,27.7,0.3,20,2.42444930665735,1.43026031668154,20,10,0,3.13475998969076,0.344836594189614,20,-142,-13.7380068502175
0.31872271467571,-40,0.847852902077836,27.7,0.3,20,2.42444930665735,1.43026031668154,20,10,0,3.13475998969076,0.344836594189614,20,-140,-15.3100147571431
0.31872271467571,-40,0.847852902077836,27.7,0.3,20,2.42444930665735,1.43026031668154,20,10,0,3.13475998969076,0.344836594189614,20,-138,-17.2632474178931
0.31872271467571,-40,0.847852902077836,27.7,0.3,20,2.42444930665735,1.43026031668154,20,10,0,3.13475998969076,0.344836594189614,20,-136,-19.304654742561
0.31872271467571,-40,0.847852902077836,27.7,0.3,20,2.42444930665735,1.43026031668154,20,10,0,3.13475998969076,0.344836594189614,20,-134,-20.8487644901659
0.31872271467571,-40,0.847852902077836,27.7,0.3,20,2.42444930665735,1.43026031668154,20,10,0,3.13475998969076,0.344836594189614,20,-132,-21.3159168752765
0.31872271467571,-40,0.847852902077836,27.7,0.3,20,2.42444930665735,1.43026031668154,20,10,0,3.13475998969076,0.344836594189614,20,-130,-20.7279720783823
0.31872271467571,-40,0.847852902077836,27.7,0.3,20,2.42444930665735,1.43026031668154,20,10,0,3.13475998969076,0.344836594189614,20,-128,-19.5437927853692
0.31872271467571,-40,0.847852902077836,27.7,0.3,20,2.42444930665735,1.43026031668154,20,10,0,3.13475998969076,0.344836594189614,20,-126,-18.190560980316
0.31872271467571,-40,0.847852902077836,27.7,0.3,20,2.42444930665735,1.43026031668154,20,10,0,3.13475998969076,0.344836594189614,20,-124,-16.9573812166459
0.31872271467571,-40,0.847852902077836,27.7,0.3,20,2.42444930665735,1.43026031668154,20,10,0,3.13475998969076,0.344836594189614,20,-122,-16.0110034374887
0.31872271467571,-40,0.847852902077836,27.7,0.3,20,2.42444930665735,1.43026031668154,20,10,0,3.13475998969076,0.344836594189614,20,-120,-15.4236795232615
0.31872271467571,-40,0.847852902077836,27.7,0.3,20,2.42444930665735,1.43026031668154,20,10,0,3.13475998969076,0.344836594189614,20,-118,-15.2015249004773
0.31872271467571,-40,0.847852902077836,27.7,0.3,20,2.42444930665735,1.43026031668154,20,10,0,3.13475998969076,0.344836594189614,20,-116,-15.2965078768196
0.31872271467571,-40,0.847852902077836,27.7,0.3,20,2.42444930665735,1.43026031668154,20,10,0,3.13475998969076,0.344836594189614,20,-114,-15.5946109853314
0.31872271467571,-40,0.847852902077836,27.7,0.3,20,2.42444930665735,1.43026031668154,20,10,0,3.13475998969076,0.344836594189614,20,-112,-15.8914800449702
0.31872271467571,-40,0.847852902077836,27.7,0.3,20,2.42444930665735,1.43026031668154,20,10,0,3.13475998969076,0.344836594189614,20,-110,-15.914543774698
0.31872271467571,-40,0.847852902077836,27.7,0.3,20,2.42444930665735,1.43026031668154,20,10,0,3.13475998969076,0.344836594189614,20,-108,-15.4722156420337
0.31872271467571,-40,0.847852902077836,27.7,0.3,20,2.42444930665735,1.43026031668154,20,10,0,3.13475998969076,0.344836594189614,20,-106,-14.6142448381618
0.31872271467571,-40,0.847852902077836,27.7,0.3,20,2.42444930665735,1.43026031668154,20,10,0,3.13475998969076,0.344836594189614,20,-104,-13.5586842366593
0.31872271467571,-40,0.847852902077836,27.7,0.3,20,2.42444930665735,1.43026031668154,20,10,0,3.13475998969076,0.344836594189614,20,-102,-12.5062359368257
0.31872271467571,-40,0.847852902077836,27.7,0.3,20,2.42444930665735,1.43026031668154,20,10,0,3.13475998969076,0.344836594189614,20,-100,-11.5697542566021
0.31872271467571,-40,0.847852902077836,27.7,0.3,20,2.42444930665735,1.43026031668154,20,10,0,3.13475998969076,0.344836594189614,20,-98,-10.7949368886892
0.31872271467571,-40,0.847852902077836,27.7,0.3,20,2.42444930665735,1.43026031668154,20,10,0,3.13475998969076,0.344836594189614,20,-96,-10.1915301571265
0.31872271467571,-40,0.847852902077836,27.7,0.3,20,2.42444930665735,1.43026031668154,20,10,0,3.13475998969076,0.344836594189614,20,-94,-9.74997440018429
0.31872271467571,-40,0.847852902077836,27.7,0.3,20,2.42444930665735,1.43026031668154,20,10,0,3.13475998969076,0.344836594189614,20,-92,-9.4450042994118
0.31872271467571,-40,0.847852902077836,27.7,0.3,20,2.42444930665735,1.43026031668154,20,10,0,3.13475998969076,0.344836594189614,20,-90,-9.2320363546209
0.31872271467571,-40,0.847852902077836,27.7,0.3,20,2.42444930665735,1.43026031668154,20,10,0,3.13475998969076,0.344836594189614,20,-88,-9.04386755378058
0.31872271467571,-40,0.847852902077836,27.7,0.3,20,2.42444930665735,1.43026031668154,20,10,0,3.13475998969076,0.344836594189614,20,-86,-8.7988314014601
0.31872271467571,-40,0.847852902077836,27.7,0.3,20,2.42444930665735,1.43026031668154,20,10,0,3.13475998969076,0.344836594189614,20,-84,-8.42946339056441
0.31872271467571,-40,0.847852902077836,27.7,0.3,20,2.42444930665735,1.43026031668154,20,10,0,3.13475998969076,0.344836594189614,20,-82,-7.92017678714085
0.31872271467571,-40,0.847852902077836,27.7,0.3,20,2.42444930665735,1.43026031668154,20,10,0,3.13475998969076,0.344836594189614,20,-80,-7.31958097954189
0.31872271467571,-40,0.847852902077836,27.7,0.3,20,2.42444930665735,1.43026031668154,20,10,0,3.13475998969076,0.344836594189614,20,-78,-6.71211069686414
0.31872271467571,-40,0.847852902077836,27.7,0.3,20,2.42444930665735,1.43026031668154,20,10,0,3.13475998969076,0.344836594189614,20,-76,-6.17554962215299
0.31872271467571,-40,0.847852902077836,27.7,0.3,20,2.42444930665735,1.43026031668154,20,10,0,3.13475998969076,0.344836594189614,20,-74,-5.75296155878024
0.31872271467571,-40,0.847852902077836,27.7,0.3,20,2.42444930665735,1.43026031668154,20,10,0,3.13475998969076,0.344836594189614,20,-72,-5.44186359346194
0.31872271467571,-40,0.847852902077836,27.7,0.3,20,2.42444930665735,1.43026031668154,20,10,0,3.13475998969076,0.344836594189614,20,-70,-5.19380445663556
0.31872271467571,-40,0.847852902077836,27.7,0.3,20,2.42444930665735,1.43026031668154,20,10,0,3.13475998969076,0.344836594189614,20,-68,-4.92642374645775
0.31872271467571,-40,0.847852902077836,27.7,0.3,20,2.42444930665735,1.43026031668154,20,10,0,3.13475998969076,0.344836594189614,20,-66,-4.55721212785501
0.31872271467571,-40,0.847852902077836,27.7,0.3,20,2.42444930665735,1.43026031668154,20,10,0,3.13475998969076,0.344836594189614,20,-64,-4.05160898421148
0.31872271467571,-40,0.847852902077836,27.7,0.3,20,2.42444930665735,1.43026031668154,20,10,0,3.13475998969076,0.344836594189614,20,-62,-3.4472734008612
0.31872271467571,-40,0.847852902077836,27.7,0.3,20,2.42444930665735,1.43026031668154,20,10,0,3.13475998969076,0.344836594189614,20,-60,-2.82908402501381
0.31872271467571,-40,0.847852902077836,27.7,0.3,20,2.42444930665735,1.43026031668154,20,10,0,3.13475998969076,0.344836594189614,20,-58,-2.28222242712511
0.31872271467571,-40,0.847852902077836,27.7,0.3,20,2.42444930665735,1.43026031668154,20,10,0,3.13475998969076,0.344836594189614,20,-56,-1.86107408563324
0.31872271467571,-40,0.847852902077836,27.7,0.3,20,2.42444930665735,1.43026031668154,20,10,0,3.13475998969076,0.344836594189614,20,-54,-1.580079222323
0.31872271467571,-40,0.847852902077836,27.7,0.3,20,2.42444930665735,1.43026031668154,20,10,0,3.13475998969076,0.344836594189614,20,-52,-1.41567996315256
0.31872271467571,-40,0.847852902077836,27.7,0.3,20,2.42444930665735,1.43026031668154,20,10,0,3.13475998969076,0.344836594189614,20,-50,-1.31352542714934
0.31872271467571,-40,0.847852902077836,27.7,0.3,20,2.42444930665735,1.43026031668154,20,10,0,3.13475998969076,0.344836594189614,20,-48,-1.20360144774598
0.31872271467571,-40,0.847852902077836,27.7,0.3,20,2.42444930665735,1.43026031668154,20,10,0,3.13475998969076,0.344836594189614,20,-46,-1.02584988132562
0.31872271467571,-40,0.847852902077836,27.7,0.3,20,2.42444930665735,1.43026031668154,20,10,0,3.13475998969076,0.344836594189614,20,-44,-0.756668091380613
0.31872271467571,-40,0.847852902077836,27.7,0.3,20,2.42444930665735,1.43026031668154,20,10,0,3.13475998969076,0.344836594189614,20,-42,-0.416639270016605
0.31872271467571,-40,0.847852902077836,27.7,0.3,20,2.42444930665735,1.43026031668154,20,10,0,3.13475998969076,0.344836594189614,20,-40,-0.0529435444960614
0.31872271467571,-40,0.847852902077836,27.7,0.3,20,2.42444930665735,1.43026031668154,20,10,0,3.13475998969076,0.344836594189614,20,-38,0.287327602277027
0.31872271467571,-40,0.847852902077836,27.7,0.3,20,2.42444930665735,1.43026031668154,20,10,0,3.13475998969076,0.344836594189614,20,-36,0.574934845201618
0.31872271467571,-40,0.847852902077836,27.7,0.3,20,2.42444930665735,1.43026031668154,20,10,0,3.13475998969076,0.344836594189614,20,-34,0.803316629632852
0.31872271467571,-40,0.847852902077836,27.7,0.3,20,2.42444930665735,1.43026031668154,20,10,0,3.13475998969076,0.344836594189614,20,-32,0.984906452620388
0.31872271467571,-40,0.847852902077836,27.7,0.3,20,2.42444930665735,1.43026031668154,20,10,0,3.13475998969076,0.344836594189614,20,-30,1.1431874489486
0.31872271467571,-40,0.847852902077836,27.7,0.3,20,2.42444930665735,1.43026031668154,20,10,0,3.13475998969076,0.344836594189614,20,-28,1.30291548906325
0.31872271467571,-40,0.847852902077836,27.7,0.3,20,2.42444930665735,1.43026031668154,20,10,0,3.13475998969076,0.344836594189614,20,-26,1.4810223807915
0.31872271467571,-40,0.847852902077836,27.7,0.3,20,2.42444930665735,1.43026031668154,20,10,0,3.13475998969076,0.344836594189614,20,-24,1.68143729925879
0.31872271467571,-40,0.847852902077836,27.7,0.3,20,2.42444930665735,1.43026031668154,20,10,0,3.13475998969076,0.344836594189614,20,-22,1.89583908124898
0.31872271467571,-40,0.847852902077836,27.7,0.3,20,2.42444930665735,1.43026031668154,20,10,0,3.13475998969076,0.344836594189614,20,-20,2.10912389099557
0.31872271467571,-40,0.847852902077836,27.7,0.3,20,2.42444930665735,1.43026031668154,20,10,0,3.13475998969076,0.344836594189614,20,-18,2.30604702194544
0.31872271467571,-40,0.847852902077836,27.7,0.3,20,2.42444930665735,1.43026031668154,20,10,0,3.13475998969076,0.344836594189614,20,-16,2.47596318662459
0.31872271467571,-40,0.847852902077836,27.7,0.3,20,2.42444930665735,1.43026031668154,20,10,0,3.13475998969076,0.344836594189614,20,-14,2.61461299539126
0.31872271467571,-40,0.847852902077836,27.7,0.3,20,2.42444930665735,1.43026031668154,20,10,0,3.13475998969076,0.344836594189614,20,-12,2.72348144566685
0.31872271467571,-40,0.847852902077836,27.7,0.3,20,2.42444930665735,1.43026031668154,20,10,0,3.13475998969076,0.344836594189614,20,-10,2.80778275004673
0.31872271467571,-40,0.847852902077836,27.7,0.3,20,2.42444930665735,1.43026031668154,20,10,0,3.13475998969076,0.344836594189614,20,-8,2.87404238907057
0.31872271467571,-40,0.847852902077836,27.7,0.3,20,2.42444930665735,1.43026031668154,20,10,0,3.13475998969076,0.344836594189614,20,-6,2.92800371504787
0.31872271467571,-40,0.847852902077836,27.7,0.3,20,2.42444930665735,1.43026031668154,20,10,0,3.13475998969076,0.344836594189614,20,-4,2.97331399396009
0.31872271467571,-40,0.847852902077836,27.7,0.3,20,2.42444930665735,1.43026031668154,20,10,0,3.13475998969076,0.344836594189614,20,-2,3.01112729894878
0.31872271467571,-40,0.847852902077836,27.7,0.3,20,2.42444930665735,1.43026031668154,20,10,0,3.13475998969076,0.344836594189614,20,0,3.04043959778962
0.31872271467571,-40,0.847852902077836,27.7,0.3,20,2.42444930665735,1.43026031668154,20,10,0,3.13475998969076,0.344836594189614,20,2,3.05876654524941
0.31872271467571,-40,0.847852902077836,27.7,0.3,20,2.42444930665735,1.43026031668154,20,10,0,3.13475998969076,0.344836594189614,20,4,3.062778509089
0.31872271467571,-40,0.847852902077836,27.7,0.3,20,2.42444930665735,1.43026031668154,20,10,0,3.13475998969076,0.344836594189614,20,6,3.04869237131957
0.31872271467571,-40,0.847852902077836,27.7,0.3,20,2.42444930665735,1.43026031668154,20,10,0,3.13475998969076,0.344836594189614,20,8,3.01246198215711
0.31872271467571,-40,0.847852902077836,27.7,0.3,20,2.42444930665735,1.43026031668154,20,10,0,3.13475998969076,0.344836594189614,20,10,2.94997862117522
0.31872271467571,-40,0.847852902077836,27.7,0.3,20,2.42444930665735,1.43026031668154,20,10,0,3.13475998969076,0.344836594189614,20,12,2.85752117701386
0.31872271467571,-40,0.847852902077836,27.7,0.3,20,2.42444930665735,1.43026031668154,20,10,0,3.13475998969076,0.344836594189614,20,14,2.73258959980021
0.31872271467571,-40,0.847852902077836,27.7,0.3,20,2.42444930665735,1.43026031668154,20,10,0,3.13475998969076,0.344836594189614,20,16,2.57506418386484
0.31872271467571,-40,0.847852902077836,27.7,0.3,20,2.42444930665735,1.43026031668154,20,10,0,3.13475998969076,0.344836594189614,20,18,2.38840336223221
0.31872271467571,-40,0.847852902077836,27.7,0.3,20,2.42444930665735,1.43026031668154,20,10,0,3.13475998969076,0.344836594189614,20,20,2.18035051842315
0.31872271467571,-40,0.847852902077836,27.7,0.3,20,2.42444930665735,1.43026031668154,20,10,0,3.13475998969076,0.344836594189614,20,22,1.96243073492876
0.31872271467571,-40,0.847852902077836,27.7,0.3,20,2.42444930665735,1.43026031668154,20,10,0,3.13475998969076,0.344836594189614,20,24,1.74758899085314
0.31872271467571,-40,0.847852902077836,27.7,0.3,20,2.42444930665735,1.43026031668154,20,10,0,3.13475998969076,0.344836594189614,20,26,1.54597759421409
0.31872271467571,-40,0.847852902077836,27.7,0.3,20,2.42444930665735,1.43026031668154,20,10,0,3.13475998969076,0.344836594189614,20,28,1.36018702257985
0.31872271467571,-40,0.847852902077836,27.7,0.3,20,2.42444930665735,1.43026031668154,20,10,0,3.13475998969076,0.344836594189614,20,30,1.18233712880052
0.31872271467571,-40,0.847852902077836,27.7,0.3,20,2.42444930665735,1.43026031668154,20,10,0,3.13475998969076,0.344836594189614,20,32,0.995118942507701
0.31872271467571,-40,0.847852902077836,27.7,0.3,20,2.42444930665735,1.43026031668154,20,10,0,3.13475998969076,0.344836594189614,20,34,0.77693432827768
0.31872271467571,-40,0.847852902077836,27.7,0.3,20,2.42444930665735,1.43026031668154,20,10,0,3.13475998969076,0.344836594189614,20,36,0.509349213228678
0.31872271467571,-40,0.847852902077836,27.7,0.3,20,2.42444930665735,1.43026031668154,20,10,0,3.13475998969076,0.344836594189614,20,38,0.184655060033804
0.31872271467571,-40,0.847852902077836,27.7,0.3,20,2.42444930665735,1.43026031668154,20,10,0,3.13475998969076,0.344836594189614,20,40,-0.188089472887607
0.31872271467571,-40,0.847852902077836,27.7,0.3,20,2.42444930665735,1.43026031668154,20,10,0,3.13475998969076,0.344836594189614,20,42,-0.580294011486478
0.31872271467571,-40,0.847852902077836,27.7,0.3,20,2.42444930665735,1.43026031668154,20,10,0,3.13475998969076,0.344836594189614,20,44,-0.947579343921839
0.31872271467571,-40,0.847852902077836,27.7,0.3,20,2.42444930665735,1.43026031668154,20,10,0,3.13475998969076,0.344836594189614,20,46,-1.24365360245353
0.31872271467571,-40,0.847852902077836,27.7,0.3,20,2.42444930665735,1.43026031668154,20,10,0,3.13475998969076,0.344836594189614,20,48,-1.44229689113276
0.31872271467571,-40,0.847852902077836,27.7,0.3,20,2.42444930665735,1.43026031668154,20,10,0,3.13475998969076,0.344836594189614,20,50,-1.55462997385164
0.31872271467571,-40,0.847852902077836,27.7,0.3,20,2.42444930665735,1.43026031668154,20,10,0,3.13475998969076,0.344836594189614,20,52,-1.6273232489683
0.31872271467571,-40,0.847852902077836,27.7,0.3,20,2.42444930665735,1.43026031668154,20,10,0,3.13475998969076,0.344836594189614,20,54,-1.72311543615712
0.31872271467571,-40,0.847852902077836,27.7,0.3,20,2.42444930665735,1.43026031668154,20,10,0,3.13475998969076,0.344836594189614,20,56,-1.89868120136045
0.31872271467571,-40,0.847852902077836,27.7,0.3,20,2.42444930665735,1.43026031668154,20,10,0,3.13475998969076,0.344836594189614,20,58,-2.19065869841052
0.31872271467571,-40,0.847852902077836,27.7,0.3,20,2.42444930665735,1.43026031668154,20,10,0,3.13475998969076,0.344836594189614,20,60,-2.60984681161166
0.31872271467571,-40,0.847852902077836,27.7,0.3,20,2.42444930665735,1.43026031668154,20,10,0,3.13475998969076,0.344836594189614,20,62,-3.13947785986155
0.31872271467571,-40,0.847852902077836,27.7,0.3,20,2.42444930665735,1.43026031668154,20,10,0,3.13475998969076,0.344836594189614,20,64,-3.73605602606324
0.31872271467571,-40,0.847852902077836,27.7,0.3,20,2.42444930665735,1.43026031668154,20,10,0,3.13475998969076,0.344836594189614,20,66,-4.33594215497677
0.31872271467571,-40,0.847852902077836,27.7,0.3,20,2.42444930665735,1.43026031668154,20,10,0,3.13475998969076,0.344836594189614,20,68,-4.87282658725292
0.31872271467571,-40,0.847852902077836,27.7,0.3,20,2.42444930665735,1.43026031668154,20,10,0,3.13475998969076,0.344836594189614,20,70,-5.30430576565142
0.31872271467571,-40,0.847852902077836,27.7,0.3,20,2.42444930665735,1.43026031668154,20,10,0,3.13475998969076,0.344836594189614,20,72,-5.63185399295119
0.31872271467571,-40,0.847852902077836,27.7,0.3,20,2.42444930665735,1.43026031668154,20,10,0,3.13475998969076,0.344836594189614,20,74,-5.89735726175823
0.31872271467571,-40,0.847852902077836,27.7,0.3,20,2.42444930665735,1.43026031668154,20,10,0,3.13475998969076,0.344836594189614,20,76,-6.16010988562046
0.31872271467571,-40,0.847852902077836,27.7,0.3,20,2.42444930665735,1.43026031668154,20,10,0,3.13475998969076,0.344836594189614,20,78,-6.47350694323647
0.31872271467571,-40,0.847852902077836,27.7,0.3,20,2.42444930665735,1.43026031668154,20,10,0,3.13475998969076,0.344836594189614,20,80,-6.87284426078861
0.31872271467571,-40,0.847852902077836,27.7,0.3,20,2.42444930665735,1.43026031668154,20,10,0,3.13475998969076,0.344836594189614,20,82,-7.37214095951152
0.31872271467571,-40,0.847852902077836,27.7,0.3,20,2.42444930665735,1.43026031668154,20,10,0,3.13475998969076,0.344836594189614,20,84,-7.96360431290893
0.31872271467571,-40,0.847852902077836,27.7,0.3,20,2.42444930665735,1.43026031668154,20,10,0,3.13475998969076,0.344836594189614,20,86,-8.61602694445087
0.31872271467571,-40,0.847852902077836,27.7,0.3,20,2.42444930665735,1.43026031668154,20,10,0,3.13475998969076,0.344836594189614,20,88,-9.27351815758947
0.31872271467571,-40,0.847852902077836,27.7,0.3,20,2.42444930665735,1.43026031668154,20,10,0,3.13475998969076,0.344836594189614,20,90,-9.86215442846
0.31872271467571,-40,0.847852902077836,27.7,0.3,20,2.42444930665735,1.43026031668154,20,10,0,3.13475998969076,0.344836594189614,20,92,-10.3143349123313
0.31872271467571,-40,0.847852902077836,27.7,0.3,20,2.42444930665735,1.43026031668154,20,10,0,3.13475998969076,0.344836594189614,20,94,-10.6067047009662
0.31872271467571,-40,0.847852902077836,27.7,0.3,20,2.42444930665735,1.43026031668154,20,10,0,3.13475998969076,0.344836594189614,20,96,-10.7826273576569
0.31872271467571,-40,0.847852902077836,27.7,0.3,20,2.42444930665735,1.43026031668154,20,10,0,3.13475998969076,0.344836594189614,20,98,-10.9355940921357
0.31872271467571,-40,0.847852902077836,27.7,0.3,20,2.42444930665735,1.43026031668154,20,10,0,3.13475998969076,0.344836594189614,20,100,-11.1704967382124
0.31872271467571,-40,0.847852902077836,27.7,0.3,20,2.42444930665735,1.43026031668154,20,10,0,3.13475998969076,0.344836594189614,20,102,-11.574425807516
0.31872271467571,-40,0.847852902077836,27.7,0.3,20,2.42444930665735,1.43026031668154,20,10,0,3.13475998969076,0.344836594189614,20,104,-12.2053103906157
0.31872271467571,-40,0.847852902077836,27.7,0.3,20,2.42444930665735,1.43026031668154,20,10,0,3.13475998969076,0.344836594189614,20,106,-13.0869192566801
0.31872271467571,-40,0.847852902077836,27.7,0.3,20,2.42444930665735,1.43026031668154,20,10,0,3.13475998969076,0.344836594189614,20,108,-14.1947429272052
0.31872271467571,-40,0.847852902077836,27.7,0.3,20,2.42444930665735,1.43026031668154,20,10,0,3.13475998969076,0.344836594189614,20,110,-15.4203126409393
0.31872271467571,-40,0.847852902077836,27.7,0.3,20,2.42444930665735,1.43026031668154,20,10,0,3.13475998969076,0.344836594189614,20,112,-16.5286508816446
0.31872271467571,-40,0.847852902077836,27.7,0.3,20,2.42444930665735,1.43026031668154,20,10,0,3.13475998969076,0.344836594189614,20,114,-17.217075385171
0.31872271467571,-40,0.847852902077836,27.7,0.3,20,2.42444930665735,1.43026031668154,20,10,0,3.13475998969076,0.344836594189614,20,116,-17.377043551107
0.31872271467571,-40,0.847852902077836,27.7,0.3,20,2.42444930665735,1.43026031668154,20,10,0,3.13475998969076,0.344836594189614,20,118,-17.2432413294975
0.31872271467571,-40,0.847852902077836,27.7,0.3,20,2.42444930665735,1.43026031668154,20,10,0,3.13475998969076,0.344836594189614,20,120,-17.1614527578814
0.31872271467571,-40,0.847852902077836,27.7,0.3,20,2.42444930665735,1.43026031668154,20,10,0,3.13475998969076,0.344836594189614,20,122,-17.3638364394944
0.31872271467571,-40,0.847852902077836,27.7,0.3,20,2.42444930665735,1.43026031668154,20,10,0,3.13475998969076,0.344836594189614,20,124,-17.9389692578842
0.31872271467571,-40,0.847852902077836,27.7,0.3,20,2.42444930665735,1.43026031668154,20,10,0,3.13475998969076,0.344836594189614,20,126,-18.850484926817
0.31872271467571,-40,0.847852902077836,27.7,0.3,20,2.42444930665735,1.43026031668154,20,10,0,3.13475998969076,0.344836594189614,20,128,-19.9248580210265
0.31872271467571,-40,0.847852902077836,27.7,0.3,20,2.42444930665735,1.43026031668154,20,10,0,3.13475998969076,0.344836594189614,20,130,-20.8380808962429
0.31872271467571,-40,0.847852902077836,27.7,0.3,20,2.42444930665735,1.43026031668154,20,10,0,3.13475998969076,0.344836594189614,20,132,-21.1814629600876
0.31872271467571,-40,0.847852902077836,27.7,0.3,20,2.42444930665735,1.43026031668154,20,10,0,3.13475998969076,0.344836594189614,20,134,-20.6291635773354
0.31872271467571,-40,0.847852902077836,27.7,0.3,20,2.42444930665735,1.43026031668154,20,10,0,3.13475998969076,0.344836594189614,20,136,-19.1731789306319
0.31872271467571,-40,0.847852902077836,27.7,0.3,20,2.42444930665735,1.43026031668154,20,10,0,3.13475998969076,0.344836594189614,20,138,-17.2152530645251
0.31872271467571,-40,0.847852902077836,27.7,0.3,20,2.42444930665735,1.43026031668154,20,10,0,3.13475998969076,0.344836594189614,20,140,-15.2573911988164
0.31872271467571,-40,0.847852902077836,27.7,0.3,20,2.42444930665735,1.43026031668154,20,10,0,3.13475998969076,0.344836594189614,20,142,-13.6195912389149
0.31872271467571,-40,0.847852902077836,27.7,0.3,20,2.42444930665735,1.43026031668154,20,10,0,3.13475998969076,0.344836594189614,20,144,-12.4418175384146
0.31872271467571,-40,0.847852902077836,27.7,0.3,20,2.42444930665735,1.43026031668154,20,10,0,3.13475998969076,0.344836594189614,20,146,-11.7689951261169
0.31872271467571,-40,0.847852902077836,27.7,0.3,20,2.42444930665735,1.43026031668154,20,10,0,3.13475998969076,0.344836594189614,20,148,-11.6034100687604
0.31872271467571,-40,0.847852902077836,27.7,0.3,20,2.42444930665735,1.43026031668154,20,10,0,3.13475998969076,0.344836594189614,20,150,-11.9170740318508
0.31872271467571,-40,0.847852902077836,27.7,0.3,20,2.42444930665735,1.43026031668154,20,10,0,3.13475998969076,0.344836594189614,20,152,-12.6237213958285
0.31872271467571,-40,0.847852902077836,27.7,0.3,20,2.42444930665735,1.43026031668154,20,10,0,3.13475998969076,0.344836594189614,20,154,-13.4945717293587
0.31872271467571,-40,0.847852902077836,27.7,0.3,20,2.42444930665735,1.43026031668154,20,10,0,3.13475998969076,0.344836594189614,20,156,-14.0658264667277
0.31872271467571,-40,0.847852902077836,27.7,0.3,20,2.42444930665735,1.43026031668154,20,10,0,3.13475998969076,0.344836594189614,20,158,-13.855963415993
0.31872271467571,-40,0.847852902077836,27.7,0.3,20,2.42444930665735,1.43026031668154,20,10,0,3.13475998969076,0.344836594189614,20,160,-12.9209514600825
0.31872271467571,-40,0.847852902077836,27.7,0.3,20,2.42444930665735,1.43026031668154,20,10,0,3.13475998969076,0.344836594189614,20,162,-11.7367280558783
0.31872271467571,-40,0.847852902077836,27.7,0.3,20,2.42444930665735,1.43026031668154,20,10,0,3.13475998969076,0.344836594189614,20,164,-10.6544967910235
0.31872271467571,-40,0.847852902077836,27.7,0.3,20,2.42444930665735,1.43026031668154,20,10,0,3.13475998969076,0.344836594189614,20,166,-9.79931090814361
0.31872271467571,-40,0.847852902077836,27.7,0.3,20,2.42444930665735,1.43026031668154,20,10,0,3.13475998969076,0.344836594189614,20,168,-9.17816015353474
0.31872271467571,-40,0.847852902077836,27.7,0.3,20,2.42444930665735,1.43026031668154,20,10,0,3.13475998969076,0.344836594189614,20,170,-8.75425689798334
0.31872271467571,-40,0.847852902077836,27.7,0.3,20,2.42444930665735,1.43026031668154,20,10,0,3.13475998969076,0.344836594189614,20,172,-8.47838773202097
0.31872271467571,-40,0.847852902077836,27.7,0.3,20,2.42444930665735,1.43026031668154,20,10,0,3.13475998969076,0.344836594189614,20,174,-8.30188594130195
0.31872271467571,-40,0.847852902077836,27.7,0.3,20,2.42444930665735,1.43026031668154,20,10,0,3.13475998969076,0.344836594189614,20,176,-8.18348128985278
0.31872271467571,-40,0.847852902077836,27.7,0.3,20,2.42444930665735,1.43026031668154,20,10,0,3.13475998969076,0.344836594189614,20,178,-8.09399047506547
0.31872271467571,-40,0.847852902077836,27.7,0.3,20,2.42444930665735,1.43026031668154,20,10,0,3.13475998969076,0.344836594189614,20,180,-8.01954338775291
0.31872271467571,-40,0.847852902077836,27.8,0.3,20,2.42444930665735,1.43026031668154,20,10,0,3.13475998969076,0.344836594189614,20,-180,-7.99836288813687
0.31872271467571,-40,0.847852902077836,27.8,0.3,20,2.42444930665735,1.43026031668154,20,10,0,3.13475998969076,0.344836594189614,20,-178,-7.93544691799424
0.31872271467571,-40,0.847852902077836,27.8,0.3,20,2.42444930665735,1.43026031668154,20,10,0,3.13475998969076,0.344836594189614,20,-176,-7.89793444019546
0.31872271467571,-40,0.847852902077836,27.8,0.3,20,2.42444930665735,1.43026031668154,20,10,0,3.13475998969076,0.344836594189614,20,-174,-7.92042214462557
0.31872271467571,-40,0.847852902077836,27.8,0.3,20,2.42444930665735,1.43026031668154,20,10,0,3.13475998969076,0.344836594189614,20,-172,-8.04646481312159
0.31872271467571,-40,0.847852902077836,27.8,0.3,20,2.42444930665735,1.43026031668154,20,10,0,3.13475998969076,0.344836594189614,20,-170,-8.32317722770131
0.31872271467571,-40,0.847852902077836,27.8,0.3,20,2.42444930665735,1.43026031668154,20,10,0,3.13475998969076,0.344836594189614,20,-168,-8.79688961851269
0.31872271467571,-40,0.847852902077836,27.8,0.3,20,2.42444930665735,1.43026031668154,20,10,0,3.13475998969076,0.344836594189614,20,-166,-9.50921736331201
0.31872271467571,-40,0.847852902077836,27.8,0.3,20,2.42444930665735,1.43026031668154,20,10,0,3.13475998969076,0.344836594189614,20,-164,-10.4892486273141
0.31872271467571,-40,0.847852902077836,27.8,0.3,20,2.42444930665735,1.43026031668154,20,10,0,3.13475998969076,0.344836594189614,20,-162,-11.7295401598606
0.31872271467571,-40,0.847852902077836,27.8,0.3,20,2.42444930665735,1.43026031668154,20,10,0,3.13475998969076,0.344836594189614,20,-160,-13.1183623091108
0.31872271467571,-40,0.847852902077836,27.8,0.3,20,2.42444930665735,1.43026031668154,20,10,0,3.13475998969076,0.344836594189614,20,-158,-14.3134416887977
0.31872271467571,-40,0.847852902077836,27.8,0.3,20,2.42444930665735,1.43026031668154,20,10,0,3.13475998969076,0.344836594189614,20,-156,-14.7684428131644
0.31872271467571,-40,0.847852902077836,27.8,0.3,20,2.42444930665735,1.43026031668154,20,10,0,3.13475998969076,0.344836594189614,20,-154,-14.3057956044725
0.31872271467571,-40,0.847852902077836,27.8,0.3,20,2.42444930665735,1.43026031668154,20,10,0,3.13475998969076,0.344836594189614,20,-152,-13.4099957245525
0.31872271467571,-40,0.847852902077836,27.8,0.3,20,2.42444930665735,1.43026031668154,20,10,0,3.13475998969076,0.344836594189614,20,-150,-12.6141090037187
0.31872271467571,-40,0.847852902077836,27.8,0.3,20,2.42444930665735,1.43026031668154,20,10,0,3.13475998969076,0.344836594189614,20,-148,-12.1847636872481
0.31872271467571,-40,0.847852902077836,27.8,0.3,20,2.42444930665735,1.43026031668154,20,10,0,3.13475998969076,0.344836594189614,20,-146,-12.2210565045177
0.31872271467571,-40,0.847852902077836,27.8,0.3,20,2.42444930665735,1.43026031668154,20,10,0,3.13475998969076,0.344836594189614,20,-144,-12.7581967582228
0.31872271467571,-40,0.847852902077836,27.8,0.3,20,2.42444930665735,1.43026031668154,20,10,0,3.13475998969076,0.344836594189614,20,-142,-13.8064267419988
0.31872271467571,-40,0.847852902077836,27.8,0.3,20,2.42444930665735,1.43026031668154,20,10,0,3.13475998969076,0.344836594189614,20,-140,-15.3485457003108
0.31872271467571,-40,0.847852902077836,27.8,0.3,20,2.42444930665735,1.43026031668154,20,10,0,3.13475998969076,0.344836594189614,20,-138,-17.2968705141106
0.31872271467571,-40,0.847852902077836,27.8,0.3,20,2.42444930665735,1.43026031668154,20,10,0,3.13475998969076,0.344836594189614,20,-136,-19.3851864062793
0.31872271467571,-40,0.847852902077836,27.8,0.3,20,2.42444930665735,1.43026031668154,20,10,0,3.13475998969076,0.344836594189614,20,-134,-21.0350341720938
0.31872271467571,-40,0.847852902077836,27.8,0.3,20,2.42444930665735,1.43026031668154,20,10,0,3.13475998969076,0.344836594189614,20,-132,-21.5697349650464
0.31872271467571,-40,0.847852902077836,27.8,0.3,20,2.42444930665735,1.43026031668154,20,10,0,3.13475998969076,0.344836594189614,20,-130,-20.9140118974464
0.31872271467571,-40,0.847852902077836,27.8,0.3,20,2.42444930665735,1.43026031668154,20,10,0,3.13475998969076,0.344836594189614,20,-128,-19.5867425692803
0.31872271467571,-40,0.847852902077836,27.8,0.3,20,2.42444930665735,1.43026031668154,20,10,0,3.13475998969076,0.344836594189614,20,-126,-18.1025584045583
0.31872271467571,-40,0.847852902077836,27.8,0.3,20,2.42444930665735,1.43026031668154,20,10,0,3.13475998969076,0.344836594189614,20,-124,-16.7778332629524
0.31872271467571,-40,0.847852902077836,27.8,0.3,20,2.42444930665735,1.43026031668154,20,10,0,3.13475998969076,0.344836594189614,20,-122,-15.7712310895502
0.31872271467571,-40,0.847852902077836,27.8,0.3,20,2.42444930665735,1.43026031668154,20,10,0,3.13475998969076,0.344836594189614,20,-120,-15.1409611301785
0.31872271467571,-40,0.847852902077836,27.8,0.3,20,2.42444930665735,1.43026031668154,20,10,0,3.13475998969076,0.344836594189614,20,-118,-14.8833581264671
0.31872271467571,-40,0.847852902077836,27.8,0.3,20,2.42444930665735,1.43026031668154,20,10,0,3.13475998969076,0.344836594189614,20,-116,-14.9469956819858
0.31872271467571,-40,0.847852902077836,27.8,0.3,20,2.42444930665735,1.43026031668154,20,10,0,3.13475998969076,0.344836594189614,20,-114,-15.2229414788238
0.31872271467571,-40,0.847852902077836,27.8,0.3,20,2.42444930665735,1.43026031668154,20,10,0,3.13475998969076,0.344836594189614,20,-112,-15.5227676692374
0.31872271467571,-40,0.847852902077836,27.8,0.3,20,2.42444930665735,1.43026031668154,20,10,0,3.13475998969076,0.344836594189614,20,-110,-15.5927042790186
0.31872271467571,-40,0.847852902077836,27.8,0.3,20,2.42444930665735,1.43026031668154,20,10,0,3.13475998969076,0.344836594189614,20,-108,-15.2362984672623
0.31872271467571,-40,0.847852902077836,27.8,0.3,20,2.42444930665735,1.43026031668154,20,10,0,3.13475998969076,0.344836594189614,20,-106,-14.4680909886854
0.31872271467571,-40,0.847852902077836,27.8,0.3,20,2.42444930665735,1.43026031668154,20,10,0,3.13475998969076,0.344836594189614,20,-104,-13.4771021731377
0.31872271467571,-40,0.847852902077836,27.8,0.3,20,2.42444930665735,1.43026031668154,20,10,0,3.13475998969076,0.344836594189614,20,-102,-12.4593926328126
0.31872271467571,-40,0.847852902077836,27.8,0.3,20,2.42444930665735,1.43026031668154,20,10,0,3.13475998969076,0.344836594189614,20,-100,-11.5348705503947
0.31872271467571,-40,0.847852902077836,27.8,0.3,20,2.42444930665735,1.43026031668154,20,10,0,3.13475998969076,0.344836594189614,20,-98,-10.7570050627976
0.31872271467571,-40,0.847852902077836,27.8,0.3,20,2.42444930665735,1.43026031668154,20,10,0,3.13475998969076,0.344836594189614,20,-96,-10.1415480469161
0.31872271467571,-40,0.847852902077836,27.8,0.3,20,2.42444930665735,1.43026031668154,20,10,0,3.13475998969076,0.344836594189614,20,-94,-9.68391394509606
0.31872271467571,-40,0.847852902077836,27.8,0.3,20,2.42444930665735,1.43026031668154,20,10,0,3.13475998969076,0.344836594189614,20,-92,-9.36382167586492
0.31872271467571,-40,0.847852902077836,27.8,0.3,20,2.42444930665735,1.43026031668154,20,10,0,3.13475998969076,0.344836594189614,20,-90,-9.14214672174
0.31872271467571,-40,0.847852902077836,27.8,0.3,20,2.42444930665735,1.43026031668154,20,10,0,3.13475998969076,0.344836594189614,20,-88,-8.95686393961724
0.31872271467571,-40,0.847852902077836,27.8,0.3,20,2.42444930665735,1.43026031668154,20,10,0,3.13475998969076,0.344836594189614,20,-86,-8.72860487765034
0.31872271467571,-40,0.847852902077836,27.8,0.3,20,2.42444930665735,1.43026031668154,20,10,0,3.13475998969076,0.344836594189614,20,-84,-8.38609883662004
0.31872271467571,-40,0.847852902077836,27.8,0.3,20,2.42444930665735,1.43026031668154,20,10,0,3.13475998969076,0.344836594189614,20,-82,-7.90433298274913
0.31872271467571,-40,0.847852902077836,27.8,0.3,20,2.42444930665735,1.43026031668154,20,10,0,3.13475998969076,0.344836594189614,20,-80,-7.32290742677768
0.31872271467571,-40,0.847852902077836,27.8,0.3,20,2.42444930665735,1.43026031668154,20,10,0,3.13475998969076,0.344836594189614,20,-78,-6.72318937866586
0.31872271467571,-40,0.847852902077836,27.8,0.3,20,2.42444930665735,1.43026031668154,20,10,0,3.13475998969076,0.344836594189614,20,-76,-6.18570147162445
0.31872271467571,-40,0.847852902077836,27.8,0.3,20,2.42444930665735,1.43026031668154,20,10,0,3.13475998969076,0.344836594189614,20,-74,-5.75889275838486
0.31872271467571,-40,0.847852902077836,27.8,0.3,20,2.42444930665735,1.43026031668154,20,10,0,3.13475998969076,0.344836594189614,20,-72,-5.44583233350136
0.31872271467571,-40,0.847852902077836,27.8,0.3,20,2.42444930665735,1.43026031668154,20,10,0,3.13475998969076,0.344836594189614,20,-70,-5.20223083682319
0.31872271467571,-40,0.847852902077836,27.8,0.3,20,2.42444930665735,1.43026031668154,20,10,0,3.13475998969076,0.344836594189614,20,-68,-4.94667528307314
0.31872271467571,-40,0.847852902077836,27.8,0.3,20,2.42444930665735,1.43026031668154,20,10,0,3.13475998969076,0.344836594189614,20,-66,-4.59274323246554
0.31872271467571,-40,0.847852902077836,27.8,0.3,20,2.42444930665735,1.43026031668154,20,10,0,3.13475998969076,0.344836594189614,20,-64,-4.09858276958512
0.31872271467571,-40,0.847852902077836,27.8,0.3,20,2.42444930665735,1.43026031668154,20,10,0,3.13475998969076,0.344836594189614,20,-62,-3.49635030015084
0.31872271467571,-40,0.847852902077836,27.8,0.3,20,2.42444930665735,1.43026031668154,20,10,0,3.13475998969076,0.344836594189614,20,-60,-2.87064923180273
0.31872271467571,-40,0.847852902077836,27.8,0.3,20,2.42444930665735,1.43026031668154,20,10,0,3.13475998969076,0.344836594189614,20,-58,-2.31018796820096
0.31872271467571,-40,0.847852902077836,27.8,0.3,20,2.42444930665735,1.43026031668154,20,10,0,3.13475998969076,0.344836594189614,20,-56,-1.87374694080608
0.31872271467571,-40,0.847852902077836,27.8,0.3,20,2.42444930665735,1.43026031668154,20,10,0,3.13475998969076,0.344836594189614,20,-54,-1.57951898063709
0.31872271467571,-40,0.847852902077836,27.8,0.3,20,2.42444930665735,1.43026031668154,20,10,0,3.13475998969076,0.344836594189614,20,-52,-1.40673071833382
0.31872271467571,-40,0.847852902077836,27.8,0.3,20,2.42444930665735,1.43026031668154,20,10,0,3.13475998969076,0.344836594189614,20,-50,-1.30259382410801
0.31872271467571,-40,0.847852902077836,27.8,0.3,20,2.42444930665735,1.43026031668154,20,10,0,3.13475998969076,0.344836594189614,20,-48,-1.19678495034755
0.31872271467571,-40,0.847852902077836,27.8,0.3,20,2.42444930665735,1.43026031668154,20,10,0,3.13475998969076,0.344836594189614,20,-46,-1.02663742132464
0.31872271467571,-40,0.847852902077836,27.8,0.3,20,2.42444930665735,1.43026031668154,20,10,0,3.13475998969076,0.344836594189614,20,-44,-0.764619978901589
0.31872271467571,-40,0.847852902077836,27.8,0.3,20,2.42444930665735,1.43026031668154,20,10,0,3.13475998969076,0.344836594189614,20,-42,-0.428268140262336
0.31872271467571,-40,0.847852902077836,27.8,0.3,20,2.42444930665735,1.43026031668154,20,10,0,3.13475998969076,0.344836594189614,20,-40,-0.0640200412741125
0.31872271467571,-40,0.847852902077836,27.8,0.3,20,2.42444930665735,1.43026031668154,20,10,0,3.13475998969076,0.344836594189614,20,-38,0.279857529207081
0.31872271467571,-40,0.847852902077836,27.8,0.3,20,2.42444930665735,1.43026031668154,20,10,0,3.13475998969076,0.344836594189614,20,-36,0.572224184715524
0.31872271467571,-40,0.847852902077836,27.8,0.3,20,2.42444930665735,1.43026031668154,20,10,0,3.13475998969076,0.344836594189614,20,-34,0.804783772541971
0.31872271467571,-40,0.847852902077836,27.8,0.3,20,2.42444930665735,1.43026031668154,20,10,0,3.13475998969076,0.344836594189614,20,-32,0.988815444996346
0.31872271467571,-40,0.847852902077836,27.8,0.3,20,2.42444930665735,1.43026031668154,20,10,0,3.13475998969076,0.344836594189614,20,-30,1.14737899860851
0.31872271467571,-40,0.847852902077836,27.8,0.3,20,2.42444930665735,1.43026031668154,20,10,0,3.13475998969076,0.344836594189614,20,-28,1.30553124404343
0.31872271467571,-40,0.847852902077836,27.8,0.3,20,2.42444930665735,1.43026031668154,20,10,0,3.13475998969076,0.344836594189614,20,-26,1.48102676462921
0.31872271467571,-40,0.847852902077836,27.8,0.3,20,2.42444930665735,1.43026031668154,20,10,0,3.13475998969076,0.344836594189614,20,-24,1.67875328082095
0.31872271467571,-40,0.847852902077836,27.8,0.3,20,2.42444930665735,1.43026031668154,20,10,0,3.13475998969076,0.344836594189614,20,-22,1.89109228131251
0.31872271467571,-40,0.847852902077836,27.8,0.3,20,2.42444930665735,1.43026031668154,20,10,0,3.13475998969076,0.344836594189614,20,-20,2.10319975798167
0.31872271467571,-40,0.847852902077836,27.8,0.3,20,2.42444930665735,1.43026031668154,20,10,0,3.13475998969076,0.344836594189614,20,-18,2.29970828928985
0.31872271467571,-40,0.847852902077836,27.8,0.3,20,2.42444930665735,1.43026031668154,20,10,0,3.13475998969076,0.344836594189614,20,-16,2.46965407573766
0.31872271467571,-40,0.847852902077836,27.8,0.3,20,2.42444930665735,1.43026031668154,20,10,0,3.13475998969076,0.344836594189614,20,-14,2.60844292153865
0.31872271467571,-40,0.847852902077836,27.8,0.3,20,2.42444930665735,1.43026031668154,20,10,0,3.13475998969076,0.344836594189614,20,-12,2.71732122705487
0.31872271467571,-40,0.847852902077836,27.8,0.3,20,2.42444930665735,1.43026031668154,20,10,0,3.13475998969076,0.344836594189614,20,-10,2.8014050769798
0.31872271467571,-40,0.847852902077836,27.8,0.3,20,2.42444930665735,1.43026031668154,20,10,0,3.13475998969076,0.344836594189614,20,-8,2.86725543404149
0.31872271467571,-40,0.847852902077836,27.8,0.3,20,2.42444930665735,1.43026031668154,20,10,0,3.13475998969076,0.344836594189614,20,-6,2.92074382118849
0.31872271467571,-40,0.847852902077836,27.8,0.3,20,2.42444930665735,1.43026031668154,20,10,0,3.13475998969076,0.344836594189614,20,-4,2.96568007365643
0.31872271467571,-40,0.847852902077836,27.8,0.3,20,2.42444930665735,1.43026031668154,20,10,0,3.13475998969076,0.344836594189614,20,-2,3.00335740009654
0.31872271467571,-40,0.847852902077836,27.8,0.3,20,2.42444930665735,1.43026031668154,20,10,0,3.13475998969076,0.344836594189614,20,0,3.03284531648156
0.31872271467571,-40,0.847852902077836,27.8,0.3,20,2.42444930665735,1.43026031668154,20,10,0,3.13475998969076,0.344836594189614,20,2,3.0516485687138
0.31872271467571,-40,0.847852902077836,27.8,0.3,20,2.42444930665735,1.43026031668154,20,10,0,3.13475998969076,0.344836594189614,20,4,3.0563461232018
0.31872271467571,-40,0.847852902077836,27.8,0.3,20,2.42444930665735,1.43026031668154,20,10,0,3.13475998969076,0.344836594189614,20,6,3.04300526134643
0.31872271467571,-40,0.847852902077836,27.8,0.3,20,2.42444930665735,1.43026031668154,20,10,0,3.13475998969076,0.344836594189614,20,8,3.00740773728787
0.31872271467571,-40,0.847852902077836,27.8,0.3,20,2.42444930665735,1.43026031668154,20,10,0,3.13475998969076,0.344836594189614,20,10,2.94529430648606
0.31872271467571,-40,0.847852902077836,27.8,0.3,20,2.42444930665735,1.43026031668154,20,10,0,3.13475998969076,0.344836594189614,20,12,2.85286052779585
0.31872271467571,-40,0.847852902077836,27.8,0.3,20,2.42444930665735,1.43026031668154,20,10,0,3.13475998969076,0.344836594189614,20,14,2.72762816610806
0.31872271467571,-40,0.847852902077836,27.8,0.3,20,2.42444930665735,1.43026031668154,20,10,0,3.13475998969076,0.344836594189614,20,16,2.56962396610944
0.31872271467571,-40,0.847852902077836,27.8,0.3,20,2.42444930665735,1.43026031668154,20,10,0,3.13475998969076,0.344836594189614,20,18,2.38256669183456
0.31872271467571,-40,0.847852902077836,27.8,0.3,20,2.42444930665735,1.43026031668154,20,10,0,3.13475998969076,0.344836594189614,20,20,2.17452020561123
0.31872271467571,-40,0.847852902077836,27.8,0.3,20,2.42444930665735,1.43026031668154,20,10,0,3.13475998969076,0.344836594189614,20,22,1.95728460574952
0.31872271467571,-40,0.847852902077836,27.8,0.3,20,2.42444930665735,1.43026031668154,20,10,0,3.13475998969076,0.344836594189614,20,24,1.74388901752424
0.31872271467571,-40,0.847852902077836,27.8,0.3,20,2.42444930665735,1.43026031668154,20,10,0,3.13475998969076,0.344836594189614,20,26,1.54425051808865
0.31872271467571,-40,0.847852902077836,27.8,0.3,20,2.42444930665735,1.43026031668154,20,10,0,3.13475998969076,0.344836594189614,20,28,1.36038882246755
0.31872271467571,-40,0.847852902077836,27.8,0.3,20,2.42444930665735,1.43026031668154,20,10,0,3.13475998969076,0.344836594189614,20,30,1.18367832031824
0.31872271467571,-40,0.847852902077836,27.8,0.3,20,2.42444930665735,1.43026031668154,20,10,0,3.13475998969076,0.344836594189614,20,32,0.996179740163349
0.31872271467571,-40,0.847852902077836,27.8,0.3,20,2.42444930665735,1.43026031668154,20,10,0,3.13475998969076,0.344836594189614,20,34,0.776060317265322
0.31872271467571,-40,0.847852902077836,27.8,0.3,20,2.42444930665735,1.43026031668154,20,10,0,3.13475998969076,0.344836594189614,20,36,0.505209580733348
0.31872271467571,-40,0.847852902077836,27.8,0.3,20,2.42444930665735,1.43026031668154,20,10,0,3.13475998969076,0.344836594189614,20,38,0.17682760985099
0.31872271467571,-40,0.847852902077836,27.8,0.3,20,2.42444930665735,1.43026031668154,20,10,0,3.13475998969076,0.344836594189614,20,40,-0.198643163829711
0.31872271467571,-40,0.847852902077836,27.8,0.3,20,2.42444930665735,1.43026031668154,20,10,0,3.13475998969076,0.344836594189614,20,42,-0.591089532047957
0.31872271467571,-40,0.847852902077836,27.8,0.3,20,2.42444930665735,1.43026031668154,20,10,0,3.13475998969076,0.344836594189614,20,44,-0.955171688655712
0.31872271467571,-40,0.847852902077836,27.8,0.3,20,2.42444930665735,1.43026031668154,20,10,0,3.13475998969076,0.344836594189614,20,46,-1.24512083493801
0.31872271467571,-40,0.847852902077836,27.8,0.3,20,2.42444930665735,1.43026031668154,20,10,0,3.13475998969076,0.344836594189614,20,48,-1.43708375151842
0.31872271467571,-40,0.847852902077836,27.8,0.3,20,2.42444930665735,1.43026031668154,20,10,0,3.13475998969076,0.344836594189614,20,50,-1.54540077502932
0.31872271467571,-40,0.847852902077836,27.8,0.3,20,2.42444930665735,1.43026031668154,20,10,0,3.13475998969076,0.344836594189614,20,52,-1.61907632902499
0.31872271467571,-40,0.847852902077836,27.8,0.3,20,2.42444930665735,1.43026031668154,20,10,0,3.13475998969076,0.344836594189614,20,54,-1.72135222280479
0.31872271467571,-40,0.847852902077836,27.8,0.3,20,2.42444930665735,1.43026031668154,20,10,0,3.13475998969076,0.344836594189614,20,56,-1.90784336747141
0.31872271467571,-40,0.847852902077836,27.8,0.3,20,2.42444930665735,1.43026031668154,20,10,0,3.13475998969076,0.344836594189614,20,58,-2.21322263893927
0.31872271467571,-40,0.847852902077836,27.8,0.3,20,2.42444930665735,1.43026031668154,20,10,0,3.13475998969076,0.344836594189614,20,60,-2.64579338066921
0.31872271467571,-40,0.847852902077836,27.8,0.3,20,2.42444930665735,1.43026031668154,20,10,0,3.13475998969076,0.344836594189614,20,62,-3.18586711219041
0.31872271467571,-40,0.847852902077836,27.8,0.3,20,2.42444930665735,1.43026031668154,20,10,0,3.13475998969076,0.344836594189614,20,64,-3.78687953348752
0.31872271467571,-40,0.847852902077836,27.8,0.3,20,2.42444930665735,1.43026031668154,20,10,0,3.13475998969076,0.344836594189614,20,66,-4.38295801943516
0.31872271467571,-40,0.847852902077836,27.8,0.3,20,2.42444930665735,1.43026031668154,20,10,0,3.13475998969076,0.344836594189614,20,68,-4.90803502992948
0.31872271467571,-40,0.847852902077836,27.8,0.3,20,2.42444930665735,1.43026031668154,20,10,0,3.13475998969076,0.344836594189614,20,70,-5.32328203803754
0.31872271467571,-40,0.847852902077836,27.8,0.3,20,2.42444930665735,1.43026031668154,20,10,0,3.13475998969076,0.344836594189614,20,72,-5.63543962010167
0.31872271467571,-40,0.847852902077836,27.8,0.3,20,2.42444930665735,1.43026031668154,20,10,0,3.13475998969076,0.344836594189614,20,74,-5.89021395130048
0.31872271467571,-40,0.847852902077836,27.8,0.3,20,2.42444930665735,1.43026031668154,20,10,0,3.13475998969076,0.344836594189614,20,76,-6.14761674699053
0.31872271467571,-40,0.847852902077836,27.8,0.3,20,2.42444930665735,1.43026031668154,20,10,0,3.13475998969076,0.344836594189614,20,78,-6.45928888250363
0.31872271467571,-40,0.847852902077836,27.8,0.3,20,2.42444930665735,1.43026031668154,20,10,0,3.13475998969076,0.344836594189614,20,80,-6.85769164766124
0.31872271467571,-40,0.847852902077836,27.8,0.3,20,2.42444930665735,1.43026031668154,20,10,0,3.13475998969076,0.344836594189614,20,82,-7.35388688902036
0.31872271467571,-40,0.847852902077836,27.8,0.3,20,2.42444930665735,1.43026031668154,20,10,0,3.13475998969076,0.344836594189614,20,84,-7.93745145434266
0.31872271467571,-40,0.847852902077836,27.8,0.3,20,2.42444930665735,1.43026031668154,20,10,0,3.13475998969076,0.344836594189614,20,86,-8.57524957475927
0.31872271467571,-40,0.847852902077836,27.8,0.3,20,2.42444930665735,1.43026031668154,20,10,0,3.13475998969076,0.344836594189614,20,88,-9.21093713582114
0.31872271467571,-40,0.847852902077836,27.8,0.3,20,2.42444930665735,1.43026031668154,20,10,0,3.13475998969076,0.344836594189614,20,90,-9.77284087321067
0.31872271467571,-40,0.847852902077836,27.8,0.3,20,2.42444930665735,1.43026031668154,20,10,0,3.13475998969076,0.344836594189614,20,92,-10.1988489526243
0.31872271467571,-40,0.847852902077836,27.8,0.3,20,2.42444930665735,1.43026031668154,20,10,0,3.13475998969076,0.344836594189614,20,94,-10.4722759074792
0.31872271467571,-40,0.847852902077836,27.8,0.3,20,2.42444930665735,1.43026031668154,20,10,0,3.13475998969076,0.344836594189614,20,96,-10.640455341094
0.31872271467571,-40,0.847852902077836,27.8,0.3,20,2.42444930665735,1.43026031668154,20,10,0,3.13475998969076,0.344836594189614,20,98,-10.7964639570848
0.31872271467571,-40,0.847852902077836,27.8,0.3,20,2.42444930665735,1.43026031668154,20,10,0,3.13475998969076,0.344836594189614,20,100,-11.0420932219247
0.31872271467571,-40,0.847852902077836,27.8,0.3,20,2.42444930665735,1.43026031668154,20,10,0,3.13475998969076,0.344836594189614,20,102,-11.4607847637944
0.31872271467571,-40,0.847852902077836,27.8,0.3,20,2.42444930665735,1.43026031668154,20,10,0,3.13475998969076,0.344836594189614,20,104,-12.1067613564019
0.31872271467571,-40,0.847852902077836,27.8,0.3,20,2.42444930665735,1.43026031668154,20,10,0,3.13475998969076,0.344836594189614,20,106,-12.9989032366069
0.31872271467571,-40,0.847852902077836,27.8,0.3,20,2.42444930665735,1.43026031668154,20,10,0,3.13475998969076,0.344836594189614,20,108,-14.1043749098912
0.31872271467571,-40,0.847852902077836,27.8,0.3,20,2.42444930665735,1.43026031668154,20,10,0,3.13475998969076,0.344836594189614,20,110,-15.3011183433382
0.31872271467571,-40,0.847852902077836,27.8,0.3,20,2.42444930665735,1.43026031668154,20,10,0,3.13475998969076,0.344836594189614,20,112,-16.3415250712878
0.31872271467571,-40,0.847852902077836,27.8,0.3,20,2.42444930665735,1.43026031668154,20,10,0,3.13475998969076,0.344836594189614,20,114,-16.934871667961
0.31872271467571,-40,0.847852902077836,27.8,0.3,20,2.42444930665735,1.43026031668154,20,10,0,3.13475998969076,0.344836594189614,20,116,-17.0151971786535
0.31872271467571,-40,0.847852902077836,27.8,0.3,20,2.42444930665735,1.43026031668154,20,10,0,3.13475998969076,0.344836594189614,20,118,-16.8424036682023
0.31872271467571,-40,0.847852902077836,27.8,0.3,20,2.42444930665735,1.43026031668154,20,10,0,3.13475998969076,0.344836594189614,20,120,-16.7534921823918
0.31872271467571,-40,0.847852902077836,27.8,0.3,20,2.42444930665735,1.43026031668154,20,10,0,3.13475998969076,0.344836594189614,20,122,-16.9675980094294
0.31872271467571,-40,0.847852902077836,27.8,0.3,20,2.42444930665735,1.43026031668154,20,10,0,3.13475998969076,0.344836594189614,20,124,-17.5717899012938
0.31872271467571,-40,0.847852902077836,27.8,0.3,20,2.42444930665735,1.43026031668154,20,10,0,3.13475998969076,0.344836594189614,20,126,-18.5402185298799
0.31872271467571,-40,0.847852902077836,27.8,0.3,20,2.42444930665735,1.43026031668154,20,10,0,3.13475998969076,0.344836594189614,20,128,-19.7149108475461
0.31872271467571,-40,0.847852902077836,27.8,0.3,20,2.42444930665735,1.43026031668154,20,10,0,3.13475998969076,0.344836594189614,20,130,-20.7667119891082
0.31872271467571,-40,0.847852902077836,27.8,0.3,20,2.42444930665735,1.43026031668154,20,10,0,3.13475998969076,0.344836594189614,20,132,-21.2275430582132
0.31872271467571,-40,0.847852902077836,27.8,0.3,20,2.42444930665735,1.43026031668154,20,10,0,3.13475998969076,0.344836594189614,20,134,-20.7049008080637
0.31872271467571,-40,0.847852902077836,27.8,0.3,20,2.42444930665735,1.43026031668154,20,10,0,3.13475998969076,0.344836594189614,20,136,-19.2192964378376
0.31872271467571,-40,0.847852902077836,27.8,0.3,20,2.42444930665735,1.43026031668154,20,10,0,3.13475998969076,0.344836594189614,20,138,-17.2417409991476
0.31872271467571,-40,0.847852902077836,27.8,0.3,20,2.42444930665735,1.43026031668154,20,10,0,3.13475998969076,0.344836594189614,20,140,-15.2924886836616
0.31872271467571,-40,0.847852902077836,27.8,0.3,20,2.42444930665735,1.43026031668154,20,10,0,3.13475998969076,0.344836594189614,20,142,-13.6818956852579
0.31872271467571,-40,0.847852902077836,27.8,0.3,20,2.42444930665735,1.43026031668154,20,10,0,3.13475998969076,0.344836594189614,20,144,-12.5419348864148
0.31872271467571,-40,0.847852902077836,27.8,0.3,20,2.42444930665735,1.43026031668154,20,10,0,3.13475998969076,0.344836594189614,20,146,-11.9142988399434
0.31872271467571,-40,0.847852902077836,27.8,0.3,20,2.42444930665735,1.43026031668154,20,10,0,3.13475998969076,0.344836594189614,20,148,-11.7991859066555
0.31872271467571,-40,0.847852902077836,27.8,0.3,20,2.42444930665735,1.43026031668154,20,10,0,3.13475998969076,0.344836594189614,20,150,-12.1626538100587
0.31872271467571,-40,0.847852902077836,27.8,0.3,20,2.42444930665735,1.43026031668154,20,10,0,3.13475998969076,0.344836594189614,20,152,-12.8989264003508
0.31872271467571,-40,0.847852902077836,27.8,0.3,20,2.42444930665735,1.43026031668154,20,10,0,3.13475998969076,0.344836594189614,20,154,-13.7316233869745
0.31872271467571,-40,0.847852902077836,27.8,0.3,20,2.42444930665735,1.43026031668154,20,10,0,3.13475998969076,0.344836594189614,20,156,-14.1437875749852
0.31872271467571,-40,0.847852902077836,27.8,0.3,20,2.42444930665735,1.43026031668154,20,10,0,3.13475998969076,0.344836594189614,20,158,-13.7135670288557
0.31872271467571,-40,0.847852902077836,27.8,0.3,20,2.42444930665735,1.43026031668154,20,10,0,3.13475998969076,0.344836594189614,20,160,-12.638823515284
0.31872271467571,-40,0.847852902077836,27.8,0.3,20,2.42444930665735,1.43026031668154,20,10,0,3.13475998969076,0.344836594189614,20,162,-11.4192405455091
0.31872271467571,-40,0.847852902077836,27.8,0.3,20,2.42444930665735,1.43026031668154,20,10,0,3.13475998969076,0.344836594189614,20,164,-10.3573370508476
0.31872271467571,-40,0.847852902077836,27.8,0.3,20,2.42444930665735,1.43026031668154,20,10,0,3.13475998969076,0.344836594189614,20,166,-9.54346731605427
0.31872271467571,-40,0.847852902077836,27.8,0.3,20,2.42444930665735,1.43026031668154,20,10,0,3.13475998969076,0.344836594189614,20,168,-8.96969881386901
0.31872271467571,-40,0.847852902077836,27.8,0.3,20,2.42444930665735,1.43026031668154,20,10,0,3.13475998969076,0.344836594189614,20,170,-8.59332513946965
0.31872271467571,-40,0.847852902077836,27.8,0.3,20,2.42444930665735,1.43026031668154,20,10,0,3.13475998969076,0.344836594189614,20,172,-8.36203324448593
0.31872271467571,-40,0.847852902077836,27.8,0.3,20,2.42444930665735,1.43026031668154,20,10,0,3.13475998969076,0.344836594189614,20,174,-8.22445716686395
0.31872271467571,-40,0.847852902077836,27.8,0.3,20,2.42444930665735,1.43026031668154,20,10,0,3.13475998969076,0.344836594189614,20,176,-8.13647708301904
0.31872271467571,-40,0.847852902077836,27.8,0.3,20,2.42444930665735,1.43026031668154,20,10,0,3.13475998969076,0.344836594189614,20,178,-8.06629113460801
0.31872271467571,-40,0.847852902077836,27.8,0.3,20,2.42444930665735,1.43026031668154,20,10,0,3.13475998969076,0.344836594189614,20,180,-7.99836288813688
0.31872271467571,-40,0.847852902077836,27.9,0.3,20,2.42444930665735,1.43026031668154,20,10,0,3.13475998969076,0.344836594189614,20,-180,-7.9971293951715
0.31872271467571,-40,0.847852902077836,27.9,0.3,20,2.42444930665735,1.43026031668154,20,10,0,3.13475998969076,0.344836594189614,20,-178,-7.92734002440346
0.31872271467571,-40,0.847852902077836,27.9,0.3,20,2.42444930665735,1.43026031668154,20,10,0,3.13475998969076,0.344836594189614,20,-176,-7.87111679465209
0.31872271467571,-40,0.847852902077836,27.9,0.3,20,2.42444930665735,1.43026031668154,20,10,0,3.13475998969076,0.344836594189614,20,-174,-7.86550656193162
0.31872271467571,-40,0.847852902077836,27.9,0.3,20,2.42444930665735,1.43026031668154,20,10,0,3.13475998969076,0.344836594189614,20,-172,-7.95665324579146
0.31872271467571,-40,0.847852902077836,27.9,0.3,20,2.42444930665735,1.43026031668154,20,10,0,3.13475998969076,0.344836594189614,20,-170,-8.19375426835322
0.31872271467571,-40,0.847852902077836,27.9,0.3,20,2.42444930665735,1.43026031668154,20,10,0,3.13475998969076,0.344836594189614,20,-168,-8.62463171582573
0.31872271467571,-40,0.847852902077836,27.9,0.3,20,2.42444930665735,1.43026031668154,20,10,0,3.13475998969076,0.344836594189614,20,-166,-9.29253293522502
0.31872271467571,-40,0.847852902077836,27.9,0.3,20,2.42444930665735,1.43026031668154,20,10,0,3.13475998969076,0.344836594189614,20,-164,-10.2305452636389
0.31872271467571,-40,0.847852902077836,27.9,0.3,20,2.42444930665735,1.43026031668154,20,10,0,3.13475998969076,0.344836594189614,20,-162,-11.4432858288785
0.31872271467571,-40,0.847852902077836,27.9,0.3,20,2.42444930665735,1.43026031668154,20,10,0,3.13475998969076,0.344836594189614,20,-160,-12.8509722030068
0.31872271467571,-40,0.847852902077836,27.9,0.3,20,2.42444930665735,1.43026031668154,20,10,0,3.13475998969076,0.344836594189614,20,-158,-14.1670944388605
0.31872271467571,-40,0.847852902077836,27.9,0.3,20,2.42444930665735,1.43026031668154,20,10,0,3.13475998969076,0.344836594189614,20,-156,-14.8466427897649
0.31872271467571,-40,0.847852902077836,27.9,0.3,20,2.42444930665735,1.43026031668154,20,10,0,3.13475998969076,0.344836594189614,20,-154,-14.5656406132345
0.31872271467571,-40,0.847852902077836,27.9,0.3,20,2.42444930665735,1.43026031668154,20,10,0,3.13475998969076,0.344836594189614,20,-152,-13.7188415144941
0.31872271467571,-40,0.847852902077836,27.9,0.3,20,2.42444930665735,1.43026031668154,20,10,0,3.13475998969076,0.344836594189614,20,-150,-12.8919310350698
0.31872271467571,-40,0.847852902077836,27.9,0.3,20,2.42444930665735,1.43026031668154,20,10,0,3.13475998969076,0.344836594189614,20,-148,-12.4068668177137
0.31872271467571,-40,0.847852902077836,27.9,0.3,20,2.42444930665735,1.43026031668154,20,10,0,3.13475998969076,0.344836594189614,20,-146,-12.3852891261472
0.31872271467571,-40,0.847852902077836,27.9,0.3,20,2.42444930665735,1.43026031668154,20,10,0,3.13475998969076,0.344836594189614,20,-144,-12.8686120422563
0.31872271467571,-40,0.847852902077836,27.9,0.3,20,2.42444930665735,1.43026031668154,20,10,0,3.13475998969076,0.344836594189614,20,-142,-13.8682991662608
0.31872271467571,-40,0.847852902077836,27.9,0.3,20,2.42444930665735,1.43026031668154,20,10,0,3.13475998969076,0.344836594189614,20,-140,-15.3692214413663
0.31872271467571,-40,0.847852902077836,27.9,0.3,20,2.42444930665735,1.43026031668154,20,10,0,3.13475998969076,0.344836594189614,20,-138,-17.2931239854262
0.31872271467571,-40,0.847852902077836,27.9,0.3,20,2.42444930665735,1.43026031668154,20,10,0,3.13475998969076,0.344836594189614,20,-136,-19.3993361185789
0.31872271467571,-40,0.847852902077836,27.9,0.3,20,2.42444930665735,1.43026031668154,20,10,0,3.13475998969076,0.344836594189614,20,-134,-21.133613881551
0.31872271467571,-40,0.847852902077836,27.9,0.3,20,2.42444930665735,1.43026031668154,20,10,0,3.13475998969076,0.344836594189614,20,-132,-21.7516330127327
0.31872271467571,-40,0.847852902077836,27.9,0.3,20,2.42444930665735,1.43026031668154,20,10,0,3.13475998969076,0.344836594189614,20,-130,-21.0640692486018
0.31872271467571,-40,0.847852902077836,27.9,0.3,20,2.42444930665735,1.43026031668154,20,10,0,3.13475998969076,0.344836594189614,20,-128,-19.6241428512216
0.31872271467571,-40,0.847852902077836,27.9,0.3,20,2.42444930665735,1.43026031668154,20,10,0,3.13475998969076,0.344836594189614,20,-126,-18.0300213701685
0.31872271467571,-40,0.847852902077836,27.9,0.3,20,2.42444930665735,1.43026031668154,20,10,0,3.13475998969076,0.344836594189614,20,-124,-16.6263296813034
0.31872271467571,-40,0.847852902077836,27.9,0.3,20,2.42444930665735,1.43026031668154,20,10,0,3.13475998969076,0.344836594189614,20,-122,-15.5661887430786
0.31872271467571,-40,0.847852902077836,27.9,0.3,20,2.42444930665735,1.43026031668154,20,10,0,3.13475998969076,0.344836594189614,20,-120,-14.8963974166138
0.31872271467571,-40,0.847852902077836,27.9,0.3,20,2.42444930665735,1.43026031668154,20,10,0,3.13475998969076,0.344836594189614,20,-118,-14.6051531602671
0.31872271467571,-40,0.847852902077836,27.9,0.3,20,2.42444930665735,1.43026031668154,20,10,0,3.13475998969076,0.344836594189614,20,-116,-14.6380628968113
0.31872271467571,-40,0.847852902077836,27.9,0.3,20,2.42444930665735,1.43026031668154,20,10,0,3.13475998969076,0.344836594189614,20,-114,-14.8902544688264
0.31872271467571,-40,0.847852902077836,27.9,0.3,20,2.42444930665735,1.43026031668154,20,10,0,3.13475998969076,0.344836594189614,20,-112,-15.1867251462201
0.31872271467571,-40,0.847852902077836,27.9,0.3,20,2.42444930665735,1.43026031668154,20,10,0,3.13475998969076,0.344836594189614,20,-110,-15.2912200378986
0.31872271467571,-40,0.847852902077836,27.9,0.3,20,2.42444930665735,1.43026031668154,20,10,0,3.13475998969076,0.344836594189614,20,-108,-15.0073563345537
0.31872271467571,-40,0.847852902077836,27.9,0.3,20,2.42444930665735,1.43026031668154,20,10,0,3.13475998969076,0.344836594189614,20,-106,-14.3216115900797
0.31872271467571,-40,0.847852902077836,27.9,0.3,20,2.42444930665735,1.43026031668154,20,10,0,3.13475998969076,0.344836594189614,20,-104,-13.3944697577548
0.31872271467571,-40,0.847852902077836,27.9,0.3,20,2.42444930665735,1.43026031668154,20,10,0,3.13475998969076,0.344836594189614,20,-102,-12.4138549225354
0.31872271467571,-40,0.847852902077836,27.9,0.3,20,2.42444930665735,1.43026031668154,20,10,0,3.13475998969076,0.344836594189614,20,-100,-11.5042196804856
0.31872271467571,-40,0.847852902077836,27.9,0.3,20,2.42444930665735,1.43026031668154,20,10,0,3.13475998969076,0.344836594189614,20,-98,-10.7257963351096
0.31872271467571,-40,0.847852902077836,27.9,0.3,20,2.42444930665735,1.43026031668154,20,10,0,3.13475998969076,0.344836594189614,20,-96,-10.1000274356525
0.31872271467571,-40,0.847852902077836,27.9,0.3,20,2.42444930665735,1.43026031668154,20,10,0,3.13475998969076,0.344836594189614,20,-94,-9.62718771290865
0.31872271467571,-40,0.847852902077836,27.9,0.3,20,2.42444930665735,1.43026031668154,20,10,0,3.13475998969076,0.344836594189614,20,-92,-9.29188447743126
0.31872271467571,-40,0.847852902077836,27.9,0.3,20,2.42444930665735,1.43026031668154,20,10,0,3.13475998969076,0.344836594189614,20,-90,-9.06037207110439
0.31872271467571,-40,0.847852902077836,27.9,0.3,20,2.42444930665735,1.43026031668154,20,10,0,3.13475998969076,0.344836594189614,20,-88,-8.87592338359284
0.31872271467571,-40,0.847852902077836,27.9,0.3,20,2.42444930665735,1.43026031668154,20,10,0,3.13475998969076,0.344836594189614,20,-86,-8.66209138408836
0.31872271467571,-40,0.847852902077836,27.9,0.3,20,2.42444930665735,1.43026031668154,20,10,0,3.13475998969076,0.344836594189614,20,-84,-8.34488187357293
0.31872271467571,-40,0.847852902077836,27.9,0.3,20,2.42444930665735,1.43026031668154,20,10,0,3.13475998969076,0.344836594189614,20,-82,-7.8905889719992
0.31872271467571,-40,0.847852902077836,27.9,0.3,20,2.42444930665735,1.43026031668154,20,10,0,3.13475998969076,0.344836594189614,20,-80,-7.32948794962866
0.31872271467571,-40,0.847852902077836,27.9,0.3,20,2.42444930665735,1.43026031668154,20,10,0,3.13475998969076,0.344836594189614,20,-78,-6.7389837387098
0.31872271467571,-40,0.847852902077836,27.9,0.3,20,2.42444930665735,1.43026031668154,20,10,0,3.13475998969076,0.344836594189614,20,-76,-6.20168701751131
0.31872271467571,-40,0.847852902077836,27.9,0.3,20,2.42444930665735,1.43026031668154,20,10,0,3.13475998969076,0.344836594189614,20,-74,-5.77122940699909
0.31872271467571,-40,0.847852902077836,27.9,0.3,20,2.42444930665735,1.43026031668154,20,10,0,3.13475998969076,0.344836594189614,20,-72,-5.45631299368048
0.31872271467571,-40,0.847852902077836,27.9,0.3,20,2.42444930665735,1.43026031668154,20,10,0,3.13475998969076,0.344836594189614,20,-70,-5.21707309281081
0.31872271467571,-40,0.847852902077836,27.9,0.3,20,2.42444930665735,1.43026031668154,20,10,0,3.13475998969076,0.344836594189614,20,-68,-4.97345891373963
0.31872271467571,-40,0.847852902077836,27.9,0.3,20,2.42444930665735,1.43026031668154,20,10,0,3.13475998969076,0.344836594189614,20,-66,-4.635490571991
0.31872271467571,-40,0.847852902077836,27.9,0.3,20,2.42444930665735,1.43026031668154,20,10,0,3.13475998969076,0.344836594189614,20,-64,-4.15393321938878
0.31872271467571,-40,0.847852902077836,27.9,0.3,20,2.42444930665735,1.43026031668154,20,10,0,3.13475998969076,0.344836594189614,20,-62,-3.55492718861133
0.31872271467571,-40,0.847852902077836,27.9,0.3,20,2.42444930665735,1.43026031668154,20,10,0,3.13475998969076,0.344836594189614,20,-60,-2.9223906984872
0.31872271467571,-40,0.847852902077836,27.9,0.3,20,2.42444930665735,1.43026031668154,20,10,0,3.13475998969076,0.344836594189614,20,-58,-2.34850600273591
0.31872271467571,-40,0.847852902077836,27.9,0.3,20,2.42444930665735,1.43026031668154,20,10,0,3.13475998969076,0.344836594189614,20,-56,-1.896581266664
0.31872271467571,-40,0.847852902077836,27.9,0.3,20,2.42444930665735,1.43026031668154,20,10,0,3.13475998969076,0.344836594189614,20,-54,-1.58869740247152
0.31872271467571,-40,0.847852902077836,27.9,0.3,20,2.42444930665735,1.43026031668154,20,10,0,3.13475998969076,0.344836594189614,20,-52,-1.40696601360724
0.31872271467571,-40,0.847852902077836,27.9,0.3,20,2.42444930665735,1.43026031668154,20,10,0,3.13475998969076,0.344836594189614,20,-50,-1.3002695999125
0.31872271467571,-40,0.847852902077836,27.9,0.3,20,2.42444930665735,1.43026031668154,20,10,0,3.13475998969076,0.344836594189614,20,-48,-1.19812194135996
0.31872271467571,-40,0.847852902077836,27.9,0.3,20,2.42444930665735,1.43026031668154,20,10,0,3.13475998969076,0.344836594189614,20,-46,-1.03537253162276
0.31872271467571,-40,0.847852902077836,27.9,0.3,20,2.42444930665735,1.43026031668154,20,10,0,3.13475998969076,0.344836594189614,20,-44,-0.78054802098233
0.31872271467571,-40,0.847852902077836,27.9,0.3,20,2.42444930665735,1.43026031668154,20,10,0,3.13475998969076,0.344836594189614,20,-42,-0.4479781946416
0.31872271467571,-40,0.847852902077836,27.9,0.3,20,2.42444930665735,1.43026031668154,20,10,0,3.13475998969076,0.344836594189614,20,-40,-0.0831916387507551
0.31872271467571,-40,0.847852902077836,27.9,0.3,20,2.42444930665735,1.43026031668154,20,10,0,3.13475998969076,0.344836594189614,20,-38,0.264445184181374
0.31872271467571,-40,0.847852902077836,27.9,0.3,20,2.42444930665735,1.43026031668154,20,10,0,3.13475998969076,0.344836594189614,20,-36,0.561882938645242
0.31872271467571,-40,0.847852902077836,27.9,0.3,20,2.42444930665735,1.43026031668154,20,10,0,3.13475998969076,0.344836594189614,20,-34,0.799045258261112
0.31872271467571,-40,0.847852902077836,27.9,0.3,20,2.42444930665735,1.43026031668154,20,10,0,3.13475998969076,0.344836594189614,20,-32,0.986001129459221
0.31872271467571,-40,0.847852902077836,27.9,0.3,20,2.42444930665735,1.43026031668154,20,10,0,3.13475998969076,0.344836594189614,20,-30,1.14533101730899
0.31872271467571,-40,0.847852902077836,27.9,0.3,20,2.42444930665735,1.43026031668154,20,10,0,3.13475998969076,0.344836594189614,20,-28,1.30234545532218
0.31872271467571,-40,0.847852902077836,27.9,0.3,20,2.42444930665735,1.43026031668154,20,10,0,3.13475998969076,0.344836594189614,20,-26,1.47559641675525
0.31872271467571,-40,0.847852902077836,27.9,0.3,20,2.42444930665735,1.43026031668154,20,10,0,3.13475998969076,0.344836594189614,20,-24,1.6709342991076
0.31872271467571,-40,0.847852902077836,27.9,0.3,20,2.42444930665735,1.43026031668154,20,10,0,3.13475998969076,0.344836594189614,20,-22,1.88146963483748
0.31872271467571,-40,0.847852902077836,27.9,0.3,20,2.42444930665735,1.43026031668154,20,10,0,3.13475998969076,0.344836594189614,20,-20,2.09264964608862
0.31872271467571,-40,0.847852902077836,27.9,0.3,20,2.42444930665735,1.43026031668154,20,10,0,3.13475998969076,0.344836594189614,20,-18,2.28900656704395
0.31872271467571,-40,0.847852902077836,27.9,0.3,20,2.42444930665735,1.43026031668154,20,10,0,3.13475998969076,0.344836594189614,20,-16,2.45926682536156
0.31872271467571,-40,0.847852902077836,27.9,0.3,20,2.42444930665735,1.43026031668154,20,10,0,3.13475998969076,0.344836594189614,20,-14,2.598498532847
0.31872271467571,-40,0.847852902077836,27.9,0.3,20,2.42444930665735,1.43026031668154,20,10,0,3.13475998969076,0.344836594189614,20,-12,2.70769896067523
0.31872271467571,-40,0.847852902077836,27.9,0.3,20,2.42444930665735,1.43026031668154,20,10,0,3.13475998969076,0.344836594189614,20,-10,2.79187160990671
0.31872271467571,-40,0.847852902077836,27.9,0.3,20,2.42444930665735,1.43026031668154,20,10,0,3.13475998969076,0.344836594189614,20,-8,2.85759764018598
0.31872271467571,-40,0.847852902077836,27.9,0.3,20,2.42444930665735,1.43026031668154,20,10,0,3.13475998969076,0.344836594189614,20,-6,2.91086303447142
0.31872271467571,-40,0.847852902077836,27.9,0.3,20,2.42444930665735,1.43026031668154,20,10,0,3.13475998969076,0.344836594189614,20,-4,2.95562945401261
0.31872271467571,-40,0.847852902077836,27.9,0.3,20,2.42444930665735,1.43026031668154,20,10,0,3.13475998969076,0.344836594189614,20,-2,2.99332159910067
0.31872271467571,-40,0.847852902077836,27.9,0.3,20,2.42444930665735,1.43026031668154,20,10,0,3.13475998969076,0.344836594189614,20,0,3.02307713176964
0.31872271467571,-40,0.847852902077836,27.9,0.3,20,2.42444930665735,1.43026031668154,20,10,0,3.13475998969076,0.344836594189614,20,2,3.04238565279874
0.31872271467571,-40,0.847852902077836,27.9,0.3,20,2.42444930665735,1.43026031668154,20,10,0,3.13475998969076,0.344836594189614,20,4,3.04773117689681
0.31872271467571,-40,0.847852902077836,27.9,0.3,20,2.42444930665735,1.43026031668154,20,10,0,3.13475998969076,0.344836594189614,20,6,3.03502902563641
0.31872271467571,-40,0.847852902077836,27.9,0.3,20,2.42444930665735,1.43026031668154,20,10,0,3.13475998969076,0.344836594189614,20,8,2.99988898583822
0.31872271467571,-40,0.847852902077836,27.9,0.3,20,2.42444930665735,1.43026031668154,20,10,0,3.13475998969076,0.344836594189614,20,10,2.93790539111685
0.31872271467571,-40,0.847852902077836,27.9,0.3,20,2.42444930665735,1.43026031668154,20,10,0,3.13475998969076,0.344836594189614,20,12,2.84519955278599
0.31872271467571,-40,0.847852902077836,27.9,0.3,20,2.42444930665735,1.43026031668154,20,10,0,3.13475998969076,0.344836594189614,20,14,2.71932919668329
0.31872271467571,-40,0.847852902077836,27.9,0.3,20,2.42444930665735,1.43026031668154,20,10,0,3.13475998969076,0.344836594189614,20,16,2.56048571566916
0.31872271467571,-40,0.847852902077836,27.9,0.3,20,2.42444930665735,1.43026031668154,20,10,0,3.13475998969076,0.344836594189614,20,18,2.3726682522964
0.31872271467571,-40,0.847852902077836,27.9,0.3,20,2.42444930665735,1.43026031668154,20,10,0,3.13475998969076,0.344836594189614,20,20,2.16427951449432
0.31872271467571,-40,0.847852902077836,27.9,0.3,20,2.42444930665735,1.43026031668154,20,10,0,3.13475998969076,0.344836594189614,20,22,1.9474066496835
0.31872271467571,-40,0.847852902077836,27.9,0.3,20,2.42444930665735,1.43026031668154,20,10,0,3.13475998969076,0.344836594189614,20,24,1.73516439648882
0.31872271467571,-40,0.847852902077836,27.9,0.3,20,2.42444930665735,1.43026031668154,20,10,0,3.13475998969076,0.344836594189614,20,26,1.5372249562616
0.31872271467571,-40,0.847852902077836,27.9,0.3,20,2.42444930665735,1.43026031668154,20,10,0,3.13475998969076,0.344836594189614,20,28,1.35502227142325
0.31872271467571,-40,0.847852902077836,27.9,0.3,20,2.42444930665735,1.43026031668154,20,10,0,3.13475998969076,0.344836594189614,20,30,1.17917469768692
0.31872271467571,-40,0.847852902077836,27.9,0.3,20,2.42444930665735,1.43026031668154,20,10,0,3.13475998969076,0.344836594189614,20,32,0.991113739610568
0.31872271467571,-40,0.847852902077836,27.9,0.3,20,2.42444930665735,1.43026031668154,20,10,0,3.13475998969076,0.344836594189614,20,34,0.768785241468576
0.31872271467571,-40,0.847852902077836,27.9,0.3,20,2.42444930665735,1.43026031668154,20,10,0,3.13475998969076,0.344836594189614,20,36,0.494423756917291
0.31872271467571,-40,0.847852902077836,27.9,0.3,20,2.42444930665735,1.43026031668154,20,10,0,3.13475998969076,0.344836594189614,20,38,0.162162167698165
0.31872271467571,-40,0.847852902077836,27.9,0.3,20,2.42444930665735,1.43026031668154,20,10,0,3.13475998969076,0.344836594189614,20,40,-0.216155982132256
0.31872271467571,-40,0.847852902077836,27.9,0.3,20,2.42444930665735,1.43026031668154,20,10,0,3.13475998969076,0.344836594189614,20,42,-0.608904700764175
0.31872271467571,-40,0.847852902077836,27.9,0.3,20,2.42444930665735,1.43026031668154,20,10,0,3.13475998969076,0.344836594189614,20,44,-0.969847800962177
0.31872271467571,-40,0.847852902077836,27.9,0.3,20,2.42444930665735,1.43026031668154,20,10,0,3.13475998969076,0.344836594189614,20,46,-1.25385408506604
0.31872271467571,-40,0.847852902077836,27.9,0.3,20,2.42444930665735,1.43026031668154,20,10,0,3.13475998969076,0.344836594189614,20,48,-1.43952793545156
0.31872271467571,-40,0.847852902077836,27.9,0.3,20,2.42444930665735,1.43026031668154,20,10,0,3.13475998969076,0.344836594189614,20,50,-1.54440776407651
0.31872271467571,-40,0.847852902077836,27.9,0.3,20,2.42444930665735,1.43026031668154,20,10,0,3.13475998969076,0.344836594189614,20,52,-1.61971030273888
0.31872271467571,-40,0.847852902077836,27.9,0.3,20,2.42444930665735,1.43026031668154,20,10,0,3.13475998969076,0.344836594189614,20,54,-1.72905227842751
0.31872271467571,-40,0.847852902077836,27.9,0.3,20,2.42444930665735,1.43026031668154,20,10,0,3.13475998969076,0.344836594189614,20,56,-1.92690759810145
0.31872271467571,-40,0.847852902077836,27.9,0.3,20,2.42444930665735,1.43026031668154,20,10,0,3.13475998969076,0.344836594189614,20,58,-2.24592997827111
0.31872271467571,-40,0.847852902077836,27.9,0.3,20,2.42444930665735,1.43026031668154,20,10,0,3.13475998969076,0.344836594189614,20,60,-2.69185975958961
0.31872271467571,-40,0.847852902077836,27.9,0.3,20,2.42444930665735,1.43026031668154,20,10,0,3.13475998969076,0.344836594189614,20,62,-3.24199445939679
0.31872271467571,-40,0.847852902077836,27.9,0.3,20,2.42444930665735,1.43026031668154,20,10,0,3.13475998969076,0.344836594189614,20,64,-3.84663533920439
0.31872271467571,-40,0.847852902077836,27.9,0.3,20,2.42444930665735,1.43026031668154,20,10,0,3.13475998969076,0.344836594189614,20,66,-4.43776243797453
0.31872271467571,-40,0.847852902077836,27.9,0.3,20,2.42444930665735,1.43026031668154,20,10,0,3.13475998969076,0.344836594189614,20,68,-4.94987419650544
0.31872271467571,-40,0.847852902077836,27.9,0.3,20,2.42444930665735,1.43026031668154,20,10,0,3.13475998969076,0.344836594189614,20,70,-5.34812033155777
0.31872271467571,-40,0.847852902077836,27.9,0.3,20,2.42444930665735,1.43026031668154,20,10,0,3.13475998969076,0.344836594189614,20,72,-5.64465702774583
0.31872271467571,-40,0.847852902077836,27.9,0.3,20,2.42444930665735,1.43026031668154,20,10,0,3.13475998969076,0.344836594189614,20,74,-5.88881099442627
0.31872271467571,-40,0.847852902077836,27.9,0.3,20,2.42444930665735,1.43026031668154,20,10,0,3.13475998969076,0.344836594189614,20,76,-6.14098839201119
0.31872271467571,-40,0.847852902077836,27.9,0.3,20,2.42444930665735,1.43026031668154,20,10,0,3.13475998969076,0.344836594189614,20,78,-6.45084194611674
0.31872271467571,-40,0.847852902077836,27.9,0.3,20,2.42444930665735,1.43026031668154,20,10,0,3.13475998969076,0.344836594189614,20,80,-6.84790052438902
0.31872271467571,-40,0.847852902077836,27.9,0.3,20,2.42444930665735,1.43026031668154,20,10,0,3.13475998969076,0.344836594189614,20,82,-7.34028482424753
0.31872271467571,-40,0.847852902077836,27.9,0.3,20,2.42444930665735,1.43026031668154,20,10,0,3.13475998969076,0.344836594189614,20,84,-7.91507067994624
0.31872271467571,-40,0.847852902077836,27.9,0.3,20,2.42444930665735,1.43026031668154,20,10,0,3.13475998969076,0.344836594189614,20,86,-8.53746637411434
0.31872271467571,-40,0.847852902077836,27.9,0.3,20,2.42444930665735,1.43026031668154,20,10,0,3.13475998969076,0.344836594189614,20,88,-9.15108974004753
0.31872271467571,-40,0.847852902077836,27.9,0.3,20,2.42444930665735,1.43026031668154,20,10,0,3.13475998969076,0.344836594189614,20,90,-9.68692192957423
0.31872271467571,-40,0.847852902077836,27.9,0.3,20,2.42444930665735,1.43026031668154,20,10,0,3.13475998969076,0.344836594189614,20,92,-10.0883830682727
0.31872271467571,-40,0.847852902077836,27.9,0.3,20,2.42444930665735,1.43026031668154,20,10,0,3.13475998969076,0.344836594189614,20,94,-10.344937416368
0.31872271467571,-40,0.847852902077836,27.9,0.3,20,2.42444930665735,1.43026031668154,20,10,0,3.13475998969076,0.344836594189614,20,96,-10.5071707000702
0.31872271467571,-40,0.847852902077836,27.9,0.3,20,2.42444930665735,1.43026031668154,20,10,0,3.13475998969076,0.344836594189614,20,98,-10.6673703936281
0.31872271467571,-40,0.847852902077836,27.9,0.3,20,2.42444930665735,1.43026031668154,20,10,0,3.13475998969076,0.344836594189614,20,100,-10.9242703914266
0.31872271467571,-40,0.847852902077836,27.9,0.3,20,2.42444930665735,1.43026031668154,20,10,0,3.13475998969076,0.344836594189614,20,102,-11.3578553563237
0.31872271467571,-40,0.847852902077836,27.9,0.3,20,2.42444930665735,1.43026031668154,20,10,0,3.13475998969076,0.344836594189614,20,104,-12.0187525122689
0.31872271467571,-40,0.847852902077836,27.9,0.3,20,2.42444930665735,1.43026031668154,20,10,0,3.13475998969076,0.344836594189614,20,106,-12.9208812271332
0.31872271467571,-40,0.847852902077836,27.9,0.3,20,2.42444930665735,1.43026031668154,20,10,0,3.13475998969076,0.344836594189614,20,108,-14.0228709856359
0.31872271467571,-40,0.847852902077836,27.9,0.3,20,2.42444930665735,1.43026031668154,20,10,0,3.13475998969076,0.344836594189614,20,110,-15.1892866620497
0.31872271467571,-40,0.847852902077836,27.9,0.3,20,2.42444930665735,1.43026031668154,20,10,0,3.13475998969076,0.344836594189614,20,112,-16.162091964255
0.31872271467571,-40,0.847852902077836,27.9,0.3,20,2.42444930665735,1.43026031668154,20,10,0,3.13475998969076,0.344836594189614,20,114,-16.666140212727
0.31872271467571,-40,0.847852902077836,27.9,0.3,20,2.42444930665735,1.43026031668154,20,10,0,3.13475998969076,0.344836594189614,20,116,-16.6760922484772
0.31872271467571,-40,0.847852902077836,27.9,0.3,20,2.42444930665735,1.43026031668154,20,10,0,3.13475998969076,0.344836594189614,20,118,-16.4707896420076
0.31872271467571,-40,0.847852902077836,27.9,0.3,20,2.42444930665735,1.43026031668154,20,10,0,3.13475998969076,0.344836594189614,20,120,-16.3763367245758
0.31872271467571,-40,0.847852902077836,27.9,0.3,20,2.42444930665735,1.43026031668154,20,10,0,3.13475998969076,0.344836594189614,20,122,-16.59913013215
0.31872271467571,-40,0.847852902077836,27.9,0.3,20,2.42444930665735,1.43026031668154,20,10,0,3.13475998969076,0.344836594189614,20,124,-17.2235946050115
0.31872271467571,-40,0.847852902077836,27.9,0.3,20,2.42444930665735,1.43026031668154,20,10,0,3.13475998969076,0.344836594189614,20,126,-18.2309938294859
0.31872271467571,-40,0.847852902077836,27.9,0.3,20,2.42444930665735,1.43026031668154,20,10,0,3.13475998969076,0.344836594189614,20,128,-19.4756137808341
0.31872271467571,-40,0.847852902077836,27.9,0.3,20,2.42444930665735,1.43026031668154,20,10,0,3.13475998969076,0.344836594189614,20,130,-20.6282383729032
0.31872271467571,-40,0.847852902077836,27.9,0.3,20,2.42444930665735,1.43026031668154,20,10,0,3.13475998969076,0.344836594189614,20,132,-21.1810425917115
0.31872271467571,-40,0.847852902077836,27.9,0.3,20,2.42444930665735,1.43026031668154,20,10,0,3.13475998969076,0.344836594189614,20,134,-20.6932823211157
0.31872271467571,-40,0.847852902077836,27.9,0.3,20,2.42444930665735,1.43026031668154,20,10,0,3.13475998969076,0.344836594189614,20,136,-19.2073213486173
0.31872271467571,-40,0.847852902077836,27.9,0.3,20,2.42444930665735,1.43026031668154,20,10,0,3.13475998969076,0.344836594189614,20,138,-17.2395613153303
0.31872271467571,-40,0.847852902077836,27.9,0.3,20,2.42444930665735,1.43026031668154,20,10,0,3.13475998969076,0.344836594189614,20,140,-15.3176195136326
0.31872271467571,-40,0.847852902077836,27.9,0.3,20,2.42444930665735,1.43026031668154,20,10,0,3.13475998969076,0.344836594189614,20,142,-13.7444170438233
0.31872271467571,-40,0.847852902077836,27.9,0.3,20,2.42444930665735,1.43026031668154,20,10,0,3.13475998969076,0.344836594189614,20,144,-12.6478625358972
0.31872271467571,-40,0.847852902077836,27.9,0.3,20,2.42444930665735,1.43026031668154,20,10,0,3.13475998969076,0.344836594189614,20,146,-12.0687231655409
0.31872271467571,-40,0.847852902077836,27.9,0.3,20,2.42444930665735,1.43026031668154,20,10,0,3.13475998969076,0.344836594189614,20,148,-12.0058357505841
0.31872271467571,-40,0.847852902077836,27.9,0.3,20,2.42444930665735,1.43026031668154,20,10,0,3.13475998969076,0.344836594189614,20,150,-12.4182088329837
0.31872271467571,-40,0.847852902077836,27.9,0.3,20,2.42444930665735,1.43026031668154,20,10,0,3.13475998969076,0.344836594189614,20,152,-13.1762152147195
0.31872271467571,-40,0.847852902077836,27.9,0.3,20,2.42444930665735,1.43026031668154,20,10,0,3.13475998969076,0.344836594189614,20,154,-13.9493443103727
0.31872271467571,-40,0.847852902077836,27.9,0.3,20,2.42444930665735,1.43026031668154,20,10,0,3.13475998969076,0.344836594189614,20,156,-14.1783750294862
0.31872271467571,-40,0.847852902077836,27.9,0.3,20,2.42444930665735,1.43026031668154,20,10,0,3.13475998969076,0.344836594189614,20,158,-13.5348044315549
0.31872271467571,-40,0.847852902077836,27.9,0.3,20,2.42444930665735,1.43026031668154,20,10,0,3.13475998969076,0.344836594189614,20,160,-12.3467885222457
0.31872271467571,-40,0.847852902077836,27.9,0.3,20,2.42444930665735,1.43026031668154,20,10,0,3.13475998969076,0.344836594189614,20,162,-11.1098136086645
0.31872271467571,-40,0.847852902077836,27.9,0.3,20,2.42444930665735,1.43026031668154,20,10,0,3.13475998969076,0.344836594189614,20,164,-10.0759380689635
0.31872271467571,-40,0.847852902077836,27.9,0.3,20,2.42444930665735,1.43026031668154,20,10,0,3.13475998969076,0.344836594189614,20,166,-9.3060176081826
0.31872271467571,-40,0.847852902077836,27.9,0.3,20,2.42444930665735,1.43026031668154,20,10,0,3.13475998969076,0.344836594189614,20,168,-8.78033840504732
0.31872271467571,-40,0.847852902077836,27.9,0.3,20,2.42444930665735,1.43026031668154,20,10,0,3.13475998969076,0.344836594189614,20,170,-8.45164155989503
0.31872271467571,-40,0.847852902077836,27.9,0.3,20,2.42444930665735,1.43026031668154,20,10,0,3.13475998969076,0.344836594189614,20,172,-8.26505050804254
0.31872271467571,-40,0.847852902077836,27.9,0.3,20,2.42444930665735,1.43026031668154,20,10,0,3.13475998969076,0.344836594189614,20,174,-8.16664424977018
0.31872271467571,-40,0.847852902077836,27.9,0.3,20,2.42444930665735,1.43026031668154,20,10,0,3.13475998969076,0.344836594189614,20,176,-8.10937961545883
0.31872271467571,-40,0.847852902077836,27.9,0.3,20,2.42444930665735,1.43026031668154,20,10,0,3.13475998969076,0.344836594189614,20,178,-8.05865990764115
0.31872271467571,-40,0.847852902077836,27.9,0.3,20,2.42444930665735,1.43026031668154,20,10,0,3.13475998969076,0.344836594189614,20,180,-7.99712939517151
0.31872271467571,-40,0.847852902077836,28,0.3,20,2.42444930665735,1.43026031668154,20,10,0,3.13475998969076,0.344836594189614,20,-180,-8.01583964950246
0.31872271467571,-40,0.847852902077836,28,0.3,20,2.42444930665735,1.43026031668154,20,10,0,3.13475998969076,0.344836594189614,20,-178,-7.93873847677922
0.31872271467571,-40,0.847852902077836,28,0.3,20,2.42444930665735,1.43026031668154,20,10,0,3.13475998969076,0.344836594189614,20,-176,-7.86316699085758
0.31872271467571,-40,0.847852902077836,28,0.3,20,2.42444930665735,1.43026031668154,20,10,0,3.13475998969076,0.344836594189614,20,-174,-7.82879835194743
0.31872271467571,-40,0.847852902077836,28,0.3,20,2.42444930665735,1.43026031668154,20,10,0,3.13475998969076,0.344836594189614,20,-172,-7.88449324984673
0.31872271467571,-40,0.847852902077836,28,0.3,20,2.42444930665735,1.43026031668154,20,10,0,3.13475998969076,0.344836594189614,20,-170,-8.08153951134153
0.31872271467571,-40,0.847852902077836,28,0.3,20,2.42444930665735,1.43026031668154,20,10,0,3.13475998969076,0.344836594189614,20,-168,-8.46908657063051
0.31872271467571,-40,0.847852902077836,28,0.3,20,2.42444930665735,1.43026031668154,20,10,0,3.13475998969076,0.344836594189614,20,-166,-9.09154730877146
0.31872271467571,-40,0.847852902077836,28,0.3,20,2.42444930665735,1.43026031668154,20,10,0,3.13475998969076,0.344836594189614,20,-164,-9.98484324129983
0.31872271467571,-40,0.847852902077836,28,0.3,20,2.42444930665735,1.43026031668154,20,10,0,3.13475998969076,0.344836594189614,20,-162,-11.1628195716947
0.31872271467571,-40,0.847852902077836,28,0.3,20,2.42444930665735,1.43026031668154,20,10,0,3.13475998969076,0.344836594189614,20,-160,-12.5721155364049
0.31872271467571,-40,0.847852902077836,28,0.3,20,2.42444930665735,1.43026031668154,20,10,0,3.13475998969076,0.344836594189614,20,-158,-13.9803430691297
0.31872271467571,-40,0.847852902077836,28,0.3,20,2.42444930665735,1.43026031668154,20,10,0,3.13475998969076,0.344836594189614,20,-156,-14.8705533897199
0.31872271467571,-40,0.847852902077836,28,0.3,20,2.42444930665735,1.43026031668154,20,10,0,3.13475998969076,0.344836594189614,20,-154,-14.7952700059912
0.31872271467571,-40,0.847852902077836,28,0.3,20,2.42444930665735,1.43026031668154,20,10,0,3.13475998969076,0.344836594189614,20,-152,-14.0231789967786
0.31872271467571,-40,0.847852902077836,28,0.3,20,2.42444930665735,1.43026031668154,20,10,0,3.13475998969076,0.344836594189614,20,-150,-13.1751736293312
0.31872271467571,-40,0.847852902077836,28,0.3,20,2.42444930665735,1.43026031668154,20,10,0,3.13475998969076,0.344836594189614,20,-148,-12.6355404138689
0.31872271467571,-40,0.847852902077836,28,0.3,20,2.42444930665735,1.43026031668154,20,10,0,3.13475998969076,0.344836594189614,20,-146,-12.5538621674665
0.31872271467571,-40,0.847852902077836,28,0.3,20,2.42444930665735,1.43026031668154,20,10,0,3.13475998969076,0.344836594189614,20,-144,-12.9793105561642
0.31872271467571,-40,0.847852902077836,28,0.3,20,2.42444930665735,1.43026031668154,20,10,0,3.13475998969076,0.344836594189614,20,-142,-13.9241150370565
0.31872271467571,-40,0.847852902077836,28,0.3,20,2.42444930665735,1.43026031668154,20,10,0,3.13475998969076,0.344836594189614,20,-140,-15.373266516652
0.31872271467571,-40,0.847852902077836,28,0.3,20,2.42444930665735,1.43026031668154,20,10,0,3.13475998969076,0.344836594189614,20,-138,-17.2543103979214
0.31872271467571,-40,0.847852902077836,28,0.3,20,2.42444930665735,1.43026031668154,20,10,0,3.13475998969076,0.344836594189614,20,-136,-19.3492599100294
0.31872271467571,-40,0.847852902077836,28,0.3,20,2.42444930665735,1.43026031668154,20,10,0,3.13475998969076,0.344836594189614,20,-134,-21.1412451690842
0.31872271467571,-40,0.847852902077836,28,0.3,20,2.42444930665735,1.43026031668154,20,10,0,3.13475998969076,0.344836594189614,20,-132,-21.854279184265
0.31872271467571,-40,0.847852902077836,28,0.3,20,2.42444930665735,1.43026031668154,20,10,0,3.13475998969076,0.344836594189614,20,-130,-21.1765664932323
0.31872271467571,-40,0.847852902077836,28,0.3,20,2.42444930665735,1.43026031668154,20,10,0,3.13475998969076,0.344836594189614,20,-128,-19.6587830094769
0.31872271467571,-40,0.847852902077836,28,0.3,20,2.42444930665735,1.43026031668154,20,10,0,3.13475998969076,0.344836594189614,20,-126,-17.9755397862115
0.31872271467571,-40,0.847852902077836,28,0.3,20,2.42444930665735,1.43026031668154,20,10,0,3.13475998969076,0.344836594189614,20,-124,-16.503811114465
0.31872271467571,-40,0.847852902077836,28,0.3,20,2.42444930665735,1.43026031668154,20,10,0,3.13475998969076,0.344836594189614,20,-122,-15.395407640332
0.31872271467571,-40,0.847852902077836,28,0.3,20,2.42444930665735,1.43026031668154,20,10,0,3.13475998969076,0.344836594189614,20,-120,-14.6885978979874
0.31872271467571,-40,0.847852902077836,28,0.3,20,2.42444930665735,1.43026031668154,20,10,0,3.13475998969076,0.344836594189614,20,-118,-14.3649604003292
0.31872271467571,-40,0.847852902077836,28,0.3,20,2.42444930665735,1.43026031668154,20,10,0,3.13475998969076,0.344836594189614,20,-116,-14.3675209901991
0.31872271467571,-40,0.847852902077836,28,0.3,20,2.42444930665735,1.43026031668154,20,10,0,3.13475998969076,0.344836594189614,20,-114,-14.5946510271374
0.31872271467571,-40,0.847852902077836,28,0.3,20,2.42444930665735,1.43026031668154,20,10,0,3.13475998969076,0.344836594189614,20,-112,-14.8826756497932
0.31872271467571,-40,0.847852902077836,28,0.3,20,2.42444930665735,1.43026031668154,20,10,0,3.13475998969076,0.344836594189614,20,-110,-15.0113442193984
0.31872271467571,-40,0.847852902077836,28,0.3,20,2.42444930665735,1.43026031668154,20,10,0,3.13475998969076,0.344836594189614,20,-108,-14.7876885981983
0.31872271467571,-40,0.847852902077836,28,0.3,20,2.42444930665735,1.43026031668154,20,10,0,3.13475998969076,0.344836594189614,20,-106,-14.1765113479545
0.31872271467571,-40,0.847852902077836,28,0.3,20,2.42444930665735,1.43026031668154,20,10,0,3.13475998969076,0.344836594189614,20,-104,-13.3114073724102
0.31872271467571,-40,0.847852902077836,28,0.3,20,2.42444930665735,1.43026031668154,20,10,0,3.13475998969076,0.344836594189614,20,-102,-12.3695369579166
0.31872271467571,-40,0.847852902077836,28,0.3,20,2.42444930665735,1.43026031668154,20,10,0,3.13475998969076,0.344836594189614,20,-100,-11.4774377536402
0.31872271467571,-40,0.847852902077836,28,0.3,20,2.42444930665735,1.43026031668154,20,10,0,3.13475998969076,0.344836594189614,20,-98,-10.7009216437892
0.31872271467571,-40,0.847852902077836,28,0.3,20,2.42444930665735,1.43026031668154,20,10,0,3.13475998969076,0.344836594189614,20,-96,-10.0666754589398
0.31872271467571,-40,0.847852902077836,28,0.3,20,2.42444930665735,1.43026031668154,20,10,0,3.13475998969076,0.344836594189614,20,-94,-9.57965911497896
0.31872271467571,-40,0.847852902077836,28,0.3,20,2.42444930665735,1.43026031668154,20,10,0,3.13475998969076,0.344836594189614,20,-92,-9.22925494447159
0.31872271467571,-40,0.847852902077836,28,0.3,20,2.42444930665735,1.43026031668154,20,10,0,3.13475998969076,0.344836594189614,20,-90,-8.98700518603955
0.31872271467571,-40,0.847852902077836,28,0.3,20,2.42444930665735,1.43026031668154,20,10,0,3.13475998969076,0.344836594189614,20,-88,-8.80155095602679
0.31872271467571,-40,0.847852902077836,28,0.3,20,2.42444930665735,1.43026031668154,20,10,0,3.13475998969076,0.344836594189614,20,-86,-8.59988279744369
0.31872271467571,-40,0.847852902077836,28,0.3,20,2.42444930665735,1.43026031668154,20,10,0,3.13475998969076,0.344836594189614,20,-84,-8.30628921550485
0.31872271467571,-40,0.847852902077836,28,0.3,20,2.42444930665735,1.43026031668154,20,10,0,3.13475998969076,0.344836594189614,20,-82,-7.87918348752442
0.31872271467571,-40,0.847852902077836,28,0.3,20,2.42444930665735,1.43026031668154,20,10,0,3.13475998969076,0.344836594189614,20,-80,-7.33935820703379
0.31872271467571,-40,0.847852902077836,28,0.3,20,2.42444930665735,1.43026031668154,20,10,0,3.13475998969076,0.344836594189614,20,-78,-6.7594229196431
0.31872271467571,-40,0.847852902077836,28,0.3,20,2.42444930665735,1.43026031668154,20,10,0,3.13475998969076,0.344836594189614,20,-76,-6.2233928590941
0.31872271467571,-40,0.847852902077836,28,0.3,20,2.42444930665735,1.43026031668154,20,10,0,3.13475998969076,0.344836594189614,20,-74,-5.78983732949902
0.31872271467571,-40,0.847852902077836,28,0.3,20,2.42444930665735,1.43026031668154,20,10,0,3.13475998969076,0.344836594189614,20,-72,-5.47314901656431
0.31872271467571,-40,0.847852902077836,28,0.3,20,2.42444930665735,1.43026031668154,20,10,0,3.13475998969076,0.344836594189614,20,-70,-5.23813885746543
0.31872271467571,-40,0.847852902077836,28,0.3,20,2.42444930665735,1.43026031668154,20,10,0,3.13475998969076,0.344836594189614,20,-68,-5.00653535748941
0.31872271467571,-40,0.847852902077836,28,0.3,20,2.42444930665735,1.43026031668154,20,10,0,3.13475998969076,0.344836594189614,20,-66,-4.68518738091334
0.31872271467571,-40,0.847852902077836,28,0.3,20,2.42444930665735,1.43026031668154,20,10,0,3.13475998969076,0.344836594189614,20,-64,-4.21741932982345
0.31872271467571,-40,0.847852902077836,28,0.3,20,2.42444930665735,1.43026031668154,20,10,0,3.13475998969076,0.344836594189614,20,-62,-3.62282491191769
0.31872271467571,-40,0.847852902077836,28,0.3,20,2.42444930665735,1.43026031668154,20,10,0,3.13475998969076,0.344836594189614,20,-60,-2.98417913148465
0.31872271467571,-40,0.847852902077836,28,0.3,20,2.42444930665735,1.43026031668154,20,10,0,3.13475998969076,0.344836594189614,20,-58,-2.39706280074259
0.31872271467571,-40,0.847852902077836,28,0.3,20,2.42444930665735,1.43026031668154,20,10,0,3.13475998969076,0.344836594189614,20,-56,-1.92945159090328
0.31872271467571,-40,0.847852902077836,28,0.3,20,2.42444930665735,1.43026031668154,20,10,0,3.13475998969076,0.344836594189614,20,-54,-1.60746389428578
0.31872271467571,-40,0.847852902077836,28,0.3,20,2.42444930665735,1.43026031668154,20,10,0,3.13475998969076,0.344836594189614,20,-52,-1.41620574936665
0.31872271467571,-40,0.847852902077836,28,0.3,20,2.42444930665735,1.43026031668154,20,10,0,3.13475998969076,0.344836594189614,20,-50,-1.30634177796343
0.31872271467571,-40,0.847852902077836,28,0.3,20,2.42444930665735,1.43026031668154,20,10,0,3.13475998969076,0.344836594189614,20,-48,-1.20737087151125
0.31872271467571,-40,0.847852902077836,28,0.3,20,2.42444930665735,1.43026031668154,20,10,0,3.13475998969076,0.344836594189614,20,-46,-1.05178956078611
0.31872271467571,-40,0.847852902077836,28,0.3,20,2.42444930665735,1.43026031668154,20,10,0,3.13475998969076,0.344836594189614,20,-44,-0.804176765263836
0.31872271467571,-40,0.847852902077836,28,0.3,20,2.42444930665735,1.43026031668154,20,10,0,3.13475998969076,0.344836594189614,20,-42,-0.47549777570132
0.31872271467571,-40,0.847852902077836,28,0.3,20,2.42444930665735,1.43026031668154,20,10,0,3.13475998969076,0.344836594189614,20,-40,-0.110195059722124
0.31872271467571,-40,0.847852902077836,28,0.3,20,2.42444930665735,1.43026031668154,20,10,0,3.13475998969076,0.344836594189614,20,-38,0.24134825341293
0.31872271467571,-40,0.847852902077836,28,0.3,20,2.42444930665735,1.43026031668154,20,10,0,3.13475998969076,0.344836594189614,20,-36,0.544167344607505
0.31872271467571,-40,0.847852902077836,28,0.3,20,2.42444930665735,1.43026031668154,20,10,0,3.13475998969076,0.344836594189614,20,-34,0.786357836546113
0.31872271467571,-40,0.847852902077836,28,0.3,20,2.42444930665735,1.43026031668154,20,10,0,3.13475998969076,0.344836594189614,20,-32,0.97672010896031
0.31872271467571,-40,0.847852902077836,28,0.3,20,2.42444930665735,1.43026031668154,20,10,0,3.13475998969076,0.344836594189614,20,-30,1.13729739126489
0.31872271467571,-40,0.847852902077836,28,0.3,20,2.42444930665735,1.43026031668154,20,10,0,3.13475998969076,0.344836594189614,20,-28,1.29360529241314
0.31872271467571,-40,0.847852902077836,28,0.3,20,2.42444930665735,1.43026031668154,20,10,0,3.13475998969076,0.344836594189614,20,-26,1.46496654336639
0.31872271467571,-40,0.847852902077836,28,0.3,20,2.42444930665735,1.43026031668154,20,10,0,3.13475998969076,0.344836594189614,20,-24,1.65819767178412
0.31872271467571,-40,0.847852902077836,28,0.3,20,2.42444930665735,1.43026031668154,20,10,0,3.13475998969076,0.344836594189614,20,-22,1.86716513190878
0.31872271467571,-40,0.847852902077836,28,0.3,20,2.42444930665735,1.43026031668154,20,10,0,3.13475998969076,0.344836594189614,20,-20,2.07764039122408
0.31872271467571,-40,0.847852902077836,28,0.3,20,2.42444930665735,1.43026031668154,20,10,0,3.13475998969076,0.344836594189614,20,-18,2.27407982549908
0.31872271467571,-40,0.847852902077836,28,0.3,20,2.42444930665735,1.43026031668154,20,10,0,3.13475998969076,0.344836594189614,20,-16,2.44491087609017
0.31872271467571,-40,0.847852902077836,28,0.3,20,2.42444930665735,1.43026031668154,20,10,0,3.13475998969076,0.344836594189614,20,-14,2.58486282663704
0.31872271467571,-40,0.847852902077836,28,0.3,20,2.42444930665735,1.43026031668154,20,10,0,3.13475998969076,0.344836594189614,20,-12,2.69467470498325
0.31872271467571,-40,0.847852902077836,28,0.3,20,2.42444930665735,1.43026031668154,20,10,0,3.13475998969076,0.344836594189614,20,-10,2.77922401819561
0.31872271467571,-40,0.847852902077836,28,0.3,20,2.42444930665735,1.43026031668154,20,10,0,3.13475998969076,0.344836594189614,20,-8,2.84509741739298
0.31872271467571,-40,0.847852902077836,28,0.3,20,2.42444930665735,1.43026031668154,20,10,0,3.13475998969076,0.344836594189614,20,-6,2.89838167714702
0.31872271467571,-40,0.847852902077836,28,0.3,20,2.42444930665735,1.43026031668154,20,10,0,3.13475998969076,0.344836594189614,20,-4,2.94317908791206
0.31872271467571,-40,0.847852902077836,28,0.3,20,2.42444930665735,1.43026031668154,20,10,0,3.13475998969076,0.344836594189614,20,-2,2.98103743043353
0.31872271467571,-40,0.847852902077836,28,0.3,20,2.42444930665735,1.43026031668154,20,10,0,3.13475998969076,0.344836594189614,20,0,3.0111562920937
0.31872271467571,-40,0.847852902077836,28,0.3,20,2.42444930665735,1.43026031668154,20,10,0,3.13475998969076,0.344836594189614,20,2,3.03100526462645
0.31872271467571,-40,0.847852902077836,28,0.3,20,2.42444930665735,1.43026031668154,20,10,0,3.13475998969076,0.344836594189614,20,4,3.03696956396419
0.31872271467571,-40,0.847852902077836,28,0.3,20,2.42444930665735,1.43026031668154,20,10,0,3.13475998969076,0.344836594189614,20,6,3.02481023247641
0.31872271467571,-40,0.847852902077836,28,0.3,20,2.42444930665735,1.43026031668154,20,10,0,3.13475998969076,0.344836594189614,20,8,2.98996548471846
0.31872271467571,-40,0.847852902077836,28,0.3,20,2.42444930665735,1.43026031668154,20,10,0,3.13475998969076,0.344836594189614,20,10,2.92788765964029
0.31872271467571,-40,0.847852902077836,28,0.3,20,2.42444930665735,1.43026031668154,20,10,0,3.13475998969076,0.344836594189614,20,12,2.83463313645688
0.31872271467571,-40,0.847852902077836,28,0.3,20,2.42444930665735,1.43026031668154,20,10,0,3.13475998969076,0.344836594189614,20,14,2.70780981156959
0.31872271467571,-40,0.847852902077836,28,0.3,20,2.42444930665735,1.43026031668154,20,10,0,3.13475998969076,0.344836594189614,20,16,2.54779180650597
0.31872271467571,-40,0.847852902077836,28,0.3,20,2.42444930665735,1.43026031668154,20,10,0,3.13475998969076,0.344836594189614,20,18,2.35887837284989
0.31872271467571,-40,0.847852902077836,28,0.3,20,2.42444930665735,1.43026031668154,20,10,0,3.13475998969076,0.344836594189614,20,20,2.14982878914577
0.31872271467571,-40,0.847852902077836,28,0.3,20,2.42444930665735,1.43026031668154,20,10,0,3.13475998969076,0.344836594189614,20,22,1.93302807058635
0.31872271467571,-40,0.847852902077836,28,0.3,20,2.42444930665735,1.43026031668154,20,10,0,3.13475998969076,0.344836594189614,20,24,1.72167605069877
0.31872271467571,-40,0.847852902077836,28,0.3,20,2.42444930665735,1.43026031668154,20,10,0,3.13475998969076,0.344836594189614,20,26,1.52518781899405
0.31872271467571,-40,0.847852902077836,28,0.3,20,2.42444930665735,1.43026031668154,20,10,0,3.13475998969076,0.344836594189614,20,28,1.34439399400366
0.31872271467571,-40,0.847852902077836,28,0.3,20,2.42444930665735,1.43026031668154,20,10,0,3.13475998969076,0.344836594189614,20,30,1.1691446314988
0.31872271467571,-40,0.847852902077836,28,0.3,20,2.42444930665735,1.43026031668154,20,10,0,3.13475998969076,0.344836594189614,20,32,0.98024265946137
0.31872271467571,-40,0.847852902077836,28,0.3,20,2.42444930665735,1.43026031668154,20,10,0,3.13475998969076,0.344836594189614,20,34,0.755426540617421
0.31872271467571,-40,0.847852902077836,28,0.3,20,2.42444930665735,1.43026031668154,20,10,0,3.13475998969076,0.344836594189614,20,36,0.477298953779876
0.31872271467571,-40,0.847852902077836,28,0.3,20,2.42444930665735,1.43026031668154,20,10,0,3.13475998969076,0.344836594189614,20,38,0.140951933273951
0.31872271467571,-40,0.847852902077836,28,0.3,20,2.42444930665735,1.43026031668154,20,10,0,3.13475998969076,0.344836594189614,20,40,-0.240350650107222
0.31872271467571,-40,0.847852902077836,28,0.3,20,2.42444930665735,1.43026031668154,20,10,0,3.13475998969076,0.344836594189614,20,42,-0.633479682194951
0.31872271467571,-40,0.847852902077836,28,0.3,20,2.42444930665735,1.43026031668154,20,10,0,3.13475998969076,0.344836594189614,20,44,-0.991368305038412
0.31872271467571,-40,0.847852902077836,28,0.3,20,2.42444930665735,1.43026031668154,20,10,0,3.13475998969076,0.344836594189614,20,46,-1.26963830594426
0.31872271467571,-40,0.847852902077836,28,0.3,20,2.42444930665735,1.43026031668154,20,10,0,3.13475998969076,0.344836594189614,20,48,-1.44943947440568
0.31872271467571,-40,0.847852902077836,28,0.3,20,2.42444930665735,1.43026031668154,20,10,0,3.13475998969076,0.344836594189614,20,50,-1.55148238106555
0.31872271467571,-40,0.847852902077836,28,0.3,20,2.42444930665735,1.43026031668154,20,10,0,3.13475998969076,0.344836594189614,20,52,-1.6290743634998
0.31872271467571,-40,0.847852902077836,28,0.3,20,2.42444930665735,1.43026031668154,20,10,0,3.13475998969076,0.344836594189614,20,54,-1.74608202378785
0.31872271467571,-40,0.847852902077836,28,0.3,20,2.42444930665735,1.43026031668154,20,10,0,3.13475998969076,0.344836594189614,20,56,-1.95575722574263
0.31872271467571,-40,0.847852902077836,28,0.3,20,2.42444930665735,1.43026031668154,20,10,0,3.13475998969076,0.344836594189614,20,58,-2.28867478856436
0.31872271467571,-40,0.847852902077836,28,0.3,20,2.42444930665735,1.43026031668154,20,10,0,3.13475998969076,0.344836594189614,20,60,-2.74793352253563
0.31872271467571,-40,0.847852902077836,28,0.3,20,2.42444930665735,1.43026031668154,20,10,0,3.13475998969076,0.344836594189614,20,62,-3.30771239711085
0.31872271467571,-40,0.847852902077836,28,0.3,20,2.42444930665735,1.43026031668154,20,10,0,3.13475998969076,0.344836594189614,20,64,-3.91511233312394
0.31872271467571,-40,0.847852902077836,28,0.3,20,2.42444930665735,1.43026031668154,20,10,0,3.13475998969076,0.344836594189614,20,66,-4.50007756682472
0.31872271467571,-40,0.847852902077836,28,0.3,20,2.42444930665735,1.43026031668154,20,10,0,3.13475998969076,0.344836594189614,20,68,-4.99803963845144
0.31872271467571,-40,0.847852902077836,28,0.3,20,2.42444930665735,1.43026031668154,20,10,0,3.13475998969076,0.344836594189614,20,70,-5.37855076532282
0.31872271467571,-40,0.847852902077836,28,0.3,20,2.42444930665735,1.43026031668154,20,10,0,3.13475998969076,0.344836594189614,20,72,-5.65930998955468
0.31872271467571,-40,0.847852902077836,28,0.3,20,2.42444930665735,1.43026031668154,20,10,0,3.13475998969076,0.344836594189614,20,74,-5.89303157459284
0.31872271467571,-40,0.847852902077836,28,0.3,20,2.42444930665735,1.43026031668154,20,10,0,3.13475998969076,0.344836594189614,20,76,-6.14017786892265
0.31872271467571,-40,0.847852902077836,28,0.3,20,2.42444930665735,1.43026031668154,20,10,0,3.13475998969076,0.344836594189614,20,78,-6.44817881931635
0.31872271467571,-40,0.847852902077836,28,0.3,20,2.42444930665735,1.43026031668154,20,10,0,3.13475998969076,0.344836594189614,20,80,-6.84353732735939
0.31872271467571,-40,0.847852902077836,28,0.3,20,2.42444930665735,1.43026031668154,20,10,0,3.13475998969076,0.344836594189614,20,82,-7.33145737378531
0.31872271467571,-40,0.847852902077836,28,0.3,20,2.42444930665735,1.43026031668154,20,10,0,3.13475998969076,0.344836594189614,20,84,-7.89665693239085
0.31872271467571,-40,0.847852902077836,28,0.3,20,2.42444930665735,1.43026031668154,20,10,0,3.13475998969076,0.344836594189614,20,86,-8.50297396731462
0.31872271467571,-40,0.847852902077836,28,0.3,20,2.42444930665735,1.43026031668154,20,10,0,3.13475998969076,0.344836594189614,20,88,-9.09439577694653
0.31872271467571,-40,0.847852902077836,28,0.3,20,2.42444930665735,1.43026031668154,20,10,0,3.13475998969076,0.344836594189614,20,90,-9.60490999103772
0.31872271467571,-40,0.847852902077836,28,0.3,20,2.42444930665735,1.43026031668154,20,10,0,3.13475998969076,0.344836594189614,20,92,-9.98343619299884
0.31872271467571,-40,0.847852902077836,28,0.3,20,2.42444930665735,1.43026031668154,20,10,0,3.13475998969076,0.344836594189614,20,94,-10.225048228295
0.31872271467571,-40,0.847852902077836,28,0.3,20,2.42444930665735,1.43026031668154,20,10,0,3.13475998969076,0.344836594189614,20,96,-10.3829291764441
0.31872271467571,-40,0.847852902077836,28,0.3,20,2.42444930665735,1.43026031668154,20,10,0,3.13475998969076,0.344836594189614,20,98,-10.5482772820051
0.31872271467571,-40,0.847852902077836,28,0.3,20,2.42444930665735,1.43026031668154,20,10,0,3.13475998969076,0.344836594189614,20,100,-10.8168429660834
0.31872271467571,-40,0.847852902077836,28,0.3,20,2.42444930665735,1.43026031668154,20,10,0,3.13475998969076,0.344836594189614,20,102,-11.265346562304
0.31872271467571,-40,0.847852902077836,28,0.3,20,2.42444930665735,1.43026031668154,20,10,0,3.13475998969076,0.344836594189614,20,104,-11.9409290241517
0.31872271467571,-40,0.847852902077836,28,0.3,20,2.42444930665735,1.43026031668154,20,10,0,3.13475998969076,0.344836594189614,20,106,-12.8524906217913
0.31872271467571,-40,0.847852902077836,28,0.3,20,2.42444930665735,1.43026031668154,20,10,0,3.13475998969076,0.344836594189614,20,108,-13.9499707240725
0.31872271467571,-40,0.847852902077836,28,0.3,20,2.42444930665735,1.43026031668154,20,10,0,3.13475998969076,0.344836594189614,20,110,-15.0849067251105
0.31872271467571,-40,0.847852902077836,28,0.3,20,2.42444930665735,1.43026031668154,20,10,0,3.13475998969076,0.344836594189614,20,112,-15.9911115811339
0.31872271467571,-40,0.847852902077836,28,0.3,20,2.42444930665735,1.43026031668154,20,10,0,3.13475998969076,0.344836594189614,20,114,-16.4119833899256
0.31872271467571,-40,0.847852902077836,28,0.3,20,2.42444930665735,1.43026031668154,20,10,0,3.13475998969076,0.344836594189614,20,116,-16.3601961953092
0.31872271467571,-40,0.847852902077836,28,0.3,20,2.42444930665735,1.43026031668154,20,10,0,3.13475998969076,0.344836594189614,20,118,-16.1281468687391
0.31872271467571,-40,0.847852902077836,28,0.3,20,2.42444930665735,1.43026031668154,20,10,0,3.13475998969076,0.344836594189614,20,120,-16.0297688354551
0.31872271467571,-40,0.847852902077836,28,0.3,20,2.42444930665735,1.43026031668154,20,10,0,3.13475998969076,0.344836594189614,20,122,-16.2592247245998
0.31872271467571,-40,0.847852902077836,28,0.3,20,2.42444930665735,1.43026031668154,20,10,0,3.13475998969076,0.344836594189614,20,124,-16.89744940618
0.31872271467571,-40,0.847852902077836,28,0.3,20,2.42444930665735,1.43026031668154,20,10,0,3.13475998969076,0.344836594189614,20,126,-17.9297859353014
0.31872271467571,-40,0.847852902077836,28,0.3,20,2.42444930665735,1.43026031668154,20,10,0,3.13475998969076,0.344836594189614,20,128,-19.2187189530411
0.31872271467571,-40,0.847852902077836,28,0.3,20,2.42444930665735,1.43026031668154,20,10,0,3.13475998969076,0.344836594189614,20,130,-20.4364906712502
0.31872271467571,-40,0.847852902077836,28,0.3,20,2.42444930665735,1.43026031668154,20,10,0,3.13475998969076,0.344836594189614,20,132,-21.0530876453873
0.31872271467571,-40,0.847852902077836,28,0.3,20,2.42444930665735,1.43026031668154,20,10,0,3.13475998969076,0.344836594189614,20,134,-20.6026518532239
0.31872271467571,-40,0.847852902077836,28,0.3,20,2.42444930665735,1.43026031668154,20,10,0,3.13475998969076,0.344836594189614,20,136,-19.1436959139767
0.31872271467571,-40,0.847852902077836,28,0.3,20,2.42444930665735,1.43026031668154,20,10,0,3.13475998969076,0.344836594189614,20,138,-17.2128549700951
0.31872271467571,-40,0.847852902077836,28,0.3,20,2.42444930665735,1.43026031668154,20,10,0,3.13475998969076,0.344836594189614,20,140,-15.3352058613579
0.31872271467571,-40,0.847852902077836,28,0.3,20,2.42444930665735,1.43026031668154,20,10,0,3.13475998969076,0.344836594189614,20,142,-13.8086374317867
0.31872271467571,-40,0.847852902077836,28,0.3,20,2.42444930665735,1.43026031668154,20,10,0,3.13475998969076,0.344836594189614,20,144,-12.7606012698528
0.31872271467571,-40,0.847852902077836,28,0.3,20,2.42444930665735,1.43026031668154,20,10,0,3.13475998969076,0.344836594189614,20,146,-12.2329786419002
0.31872271467571,-40,0.847852902077836,28,0.3,20,2.42444930665735,1.43026031668154,20,10,0,3.13475998969076,0.344836594189614,20,148,-12.2237328573836
0.31872271467571,-40,0.847852902077836,28,0.3,20,2.42444930665735,1.43026031668154,20,10,0,3.13475998969076,0.344836594189614,20,150,-12.6832948210746
0.31872271467571,-40,0.847852902077836,28,0.3,20,2.42444930665735,1.43026031668154,20,10,0,3.13475998969076,0.344836594189614,20,152,-13.4530711108386
0.31872271467571,-40,0.847852902077836,28,0.3,20,2.42444930665735,1.43026031668154,20,10,0,3.13475998969076,0.344836594189614,20,154,-14.1428596610442
0.31872271467571,-40,0.847852902077836,28,0.3,20,2.42444930665735,1.43026031668154,20,10,0,3.13475998969076,0.344836594189614,20,156,-14.1690803688952
0.31872271467571,-40,0.847852902077836,28,0.3,20,2.42444930665735,1.43026031668154,20,10,0,3.13475998969076,0.344836594189614,20,158,-13.3264668678913
0.31872271467571,-40,0.847852902077836,28,0.3,20,2.42444930665735,1.43026031668154,20,10,0,3.13475998969076,0.344836594189614,20,160,-12.0510030301304
0.31872271467571,-40,0.847852902077836,28,0.3,20,2.42444930665735,1.43026031668154,20,10,0,3.13475998969076,0.344836594189614,20,162,-10.8115869261047
0.31872271467571,-40,0.847852902077836,28,0.3,20,2.42444930665735,1.43026031668154,20,10,0,3.13475998969076,0.344836594189614,20,164,-9.8116322103017
0.31872271467571,-40,0.847852902077836,28,0.3,20,2.42444930665735,1.43026031668154,20,10,0,3.13475998969076,0.344836594189614,20,166,-9.08749231057106
0.31872271467571,-40,0.847852902077836,28,0.3,20,2.42444930665735,1.43026031668154,20,10,0,3.13475998969076,0.344836594189614,20,168,-8.61027968895266
0.31872271467571,-40,0.847852902077836,28,0.3,20,2.42444930665735,1.43026031668154,20,10,0,3.13475998969076,0.344836594189614,20,170,-8.32927300902998
0.31872271467571,-40,0.847852902077836,28,0.3,20,2.42444930665735,1.43026031668154,20,10,0,3.13475998969076,0.344836594189614,20,172,-8.18745318864162
0.31872271467571,-40,0.847852902077836,28,0.3,20,2.42444930665735,1.43026031668154,20,10,0,3.13475998969076,0.344836594189614,20,174,-8.12844363332996
0.31872271467571,-40,0.847852902077836,28,0.3,20,2.42444930665735,1.43026031668154,20,10,0,3.13475998969076,0.344836594189614,20,176,-8.10218460037543
0.31872271467571,-40,0.847852902077836,28,0.3,20,2.42444930665735,1.43026031668154,20,10,0,3.13475998969076,0.344836594189614,20,178,-8.07109536098895
0.31872271467571,-40,0.847852902077836,28,0.3,20,2.42444930665735,1.43026031668154,20,10,0,3.13475998969076,0.344836594189614,20,180,-8.01583964950246
0.31872271467571,-40,0.847852902077836,28.1,0.3,20,2.42444930665735,1.43026031668154,20,10,0,3.13475998969076,0.344836594189614,20,-180,-8.05450308436139
0.31872271467571,-40,0.847852902077836,28.1,0.3,20,2.42444930665735,1.43026031668154,20,10,0,3.13475998969076,0.344836594189614,20,-178,-7.96964183238766
0.31872271467571,-40,0.847852902077836,28.1,0.3,20,2.42444930665735,1.43026031668154,20,10,0,3.13475998969076,0.344836594189614,20,-176,-7.87408060945609
0.31872271467571,-40,0.847852902077836,28.1,0.3,20,2.42444930665735,1.43026031668154,20,10,0,3.13475998969076,0.344836594189614,20,-174,-7.81030461695214
0.31872271467571,-40,0.847852902077836,28.1,0.3,20,2.42444930665735,1.43026031668154,20,10,0,3.13475998969076,0.344836594189614,20,-172,-7.83002568686012
0.31872271467571,-40,0.847852902077836,28.1,0.3,20,2.42444930665735,1.43026031668154,20,10,0,3.13475998969076,0.344836594189614,20,-170,-7.98664187548674
0.31872271467571,-40,0.847852902077836,28.1,0.3,20,2.42444930665735,1.43026031668154,20,10,0,3.13475998969076,0.344836594189614,20,-168,-8.33050154564952
0.31872271467571,-40,0.847852902077836,28.1,0.3,20,2.42444930665735,1.43026031668154,20,10,0,3.13475998969076,0.344836594189614,20,-166,-8.90681350747717
0.31872271467571,-40,0.847852902077836,28.1,0.3,20,2.42444930665735,1.43026031668154,20,10,0,3.13475998969076,0.344836594189614,20,-164,-9.75340621095967
0.31872271467571,-40,0.847852902077836,28.1,0.3,20,2.42444930665735,1.43026031668154,20,10,0,3.13475998969076,0.344836594189614,20,-162,-10.8910232837016
0.31872271467571,-40,0.847852902077836,28.1,0.3,20,2.42444930665735,1.43026031668154,20,10,0,3.13475998969076,0.344836594189614,20,-160,-12.2876385412208
0.31872271467571,-40,0.847852902077836,28.1,0.3,20,2.42444930665735,1.43026031668154,20,10,0,3.13475998969076,0.344836594189614,20,-158,-13.7604282068369
0.31872271467571,-40,0.847852902077836,28.1,0.3,20,2.42444930665735,1.43026031668154,20,10,0,3.13475998969076,0.344836594189614,20,-156,-14.8395720096355
0.31872271467571,-40,0.847852902077836,28.1,0.3,20,2.42444930665735,1.43026031668154,20,10,0,3.13475998969076,0.344836594189614,20,-154,-14.9872630292924
0.31872271467571,-40,0.847852902077836,28.1,0.3,20,2.42444930665735,1.43026031668154,20,10,0,3.13475998969076,0.344836594189614,20,-152,-14.3181029397414
0.31872271467571,-40,0.847852902077836,28.1,0.3,20,2.42444930665735,1.43026031668154,20,10,0,3.13475998969076,0.344836594189614,20,-150,-13.46183717909
0.31872271467571,-40,0.847852902077836,28.1,0.3,20,2.42444930665735,1.43026031668154,20,10,0,3.13475998969076,0.344836594189614,20,-148,-12.8700477487481
0.31872271467571,-40,0.847852902077836,28.1,0.3,20,2.42444930665735,1.43026031668154,20,10,0,3.13475998969076,0.344836594189614,20,-146,-12.7265650919612
0.31872271467571,-40,0.847852902077836,28.1,0.3,20,2.42444930665735,1.43026031668154,20,10,0,3.13475998969076,0.344836594189614,20,-144,-13.0904462988527
0.31872271467571,-40,0.847852902077836,28.1,0.3,20,2.42444930665735,1.43026031668154,20,10,0,3.13475998969076,0.344836594189614,20,-142,-13.974538952378
0.31872271467571,-40,0.847852902077836,28.1,0.3,20,2.42444930665735,1.43026031668154,20,10,0,3.13475998969076,0.344836594189614,20,-140,-15.3623246038905
0.31872271467571,-40,0.847852902077836,28.1,0.3,20,2.42444930665735,1.43026031668154,20,10,0,3.13475998969076,0.344836594189614,20,-138,-17.1839026947535
0.31872271467571,-40,0.847852902077836,28.1,0.3,20,2.42444930665735,1.43026031668154,20,10,0,3.13475998969076,0.344836594189614,20,-136,-19.2404373879531
0.31872271467571,-40,0.847852902077836,28.1,0.3,20,2.42444930665735,1.43026031668154,20,10,0,3.13475998969076,0.344836594189614,20,-134,-21.0609209803666
0.31872271467571,-40,0.847852902077836,28.1,0.3,20,2.42444930665735,1.43026031668154,20,10,0,3.13475998969076,0.344836594189614,20,-132,-21.874612334461
0.31872271467571,-40,0.847852902077836,28.1,0.3,20,2.42444930665735,1.43026031668154,20,10,0,3.13475998969076,0.344836594189614,20,-130,-21.2505513469074
0.31872271467571,-40,0.847852902077836,28.1,0.3,20,2.42444930665735,1.43026031668154,20,10,0,3.13475998969076,0.344836594189614,20,-128,-19.6927989992568
0.31872271467571,-40,0.847852902077836,28.1,0.3,20,2.42444930665735,1.43026031668154,20,10,0,3.13475998969076,0.344836594189614,20,-126,-17.9409512252515
0.31872271467571,-40,0.847852902077836,28.1,0.3,20,2.42444930665735,1.43026031668154,20,10,0,3.13475998969076,0.344836594189614,20,-124,-16.410755899705
0.31872271467571,-40,0.847852902077836,28.1,0.3,20,2.42444930665735,1.43026031668154,20,10,0,3.13475998969076,0.344836594189614,20,-122,-15.2582444677445
0.31872271467571,-40,0.847852902077836,28.1,0.3,20,2.42444930665735,1.43026031668154,20,10,0,3.13475998969076,0.344836594189614,20,-120,-14.5161859373079
0.31872271467571,-40,0.847852902077836,28.1,0.3,20,2.42444930665735,1.43026031668154,20,10,0,3.13475998969076,0.344836594189614,20,-118,-14.1609452356015
0.31872271467571,-40,0.847852902077836,28.1,0.3,20,2.42444930665735,1.43026031668154,20,10,0,3.13475998969076,0.344836594189614,20,-116,-14.1333153405283
0.31872271467571,-40,0.847852902077836,28.1,0.3,20,2.42444930665735,1.43026031668154,20,10,0,3.13475998969076,0.344836594189614,20,-114,-14.3342558108331
0.31872271467571,-40,0.847852902077836,28.1,0.3,20,2.42444930665735,1.43026031668154,20,10,0,3.13475998969076,0.344836594189614,20,-112,-14.6096660940102
0.31872271467571,-40,0.847852902077836,28.1,0.3,20,2.42444930665735,1.43026031668154,20,10,0,3.13475998969076,0.344836594189614,20,-110,-14.7537414713518
0.31872271467571,-40,0.847852902077836,28.1,0.3,20,2.42444930665735,1.43026031668154,20,10,0,3.13475998969076,0.344836594189614,20,-108,-14.5790910587775
0.31872271467571,-40,0.847852902077836,28.1,0.3,20,2.42444930665735,1.43026031668154,20,10,0,3.13475998969076,0.344836594189614,20,-106,-14.0343351838467
0.31872271467571,-40,0.847852902077836,28.1,0.3,20,2.42444930665735,1.43026031668154,20,10,0,3.13475998969076,0.344836594189614,20,-104,-13.2285706440626
0.31872271467571,-40,0.847852902077836,28.1,0.3,20,2.42444930665735,1.43026031668154,20,10,0,3.13475998969076,0.344836594189614,20,-102,-12.3264178892764
0.31872271467571,-40,0.847852902077836,28.1,0.3,20,2.42444930665735,1.43026031668154,20,10,0,3.13475998969076,0.344836594189614,20,-100,-11.4542037177314
0.31872271467571,-40,0.847852902077836,28.1,0.3,20,2.42444930665735,1.43026031668154,20,10,0,3.13475998969076,0.344836594189614,20,-98,-10.6820117047184
0.31872271467571,-40,0.847852902077836,28.1,0.3,20,2.42444930665735,1.43026031668154,20,10,0,3.13475998969076,0.344836594189614,20,-96,-10.0412020781339
0.31872271467571,-40,0.847852902077836,28.1,0.3,20,2.42444930665735,1.43026031668154,20,10,0,3.13475998969076,0.344836594189614,20,-94,-9.54117877986899
0.31872271467571,-40,0.847852902077836,28.1,0.3,20,2.42444930665735,1.43026031668154,20,10,0,3.13475998969076,0.344836594189614,20,-92,-9.17596483475587
0.31872271467571,-40,0.847852902077836,28.1,0.3,20,2.42444930665735,1.43026031668154,20,10,0,3.13475998969076,0.344836594189614,20,-90,-8.92229181344482
0.31872271467571,-40,0.847852902077836,28.1,0.3,20,2.42444930665735,1.43026031668154,20,10,0,3.13475998969076,0.344836594189614,20,-88,-8.73420162937702
0.31872271467571,-40,0.847852902077836,28.1,0.3,20,2.42444930665735,1.43026031668154,20,10,0,3.13475998969076,0.344836594189614,20,-86,-8.54254424807769
0.31872271467571,-40,0.847852902077836,28.1,0.3,20,2.42444930665735,1.43026031668154,20,10,0,3.13475998969076,0.344836594189614,20,-84,-8.27081097904142
0.31872271467571,-40,0.847852902077836,28.1,0.3,20,2.42444930665735,1.43026031668154,20,10,0,3.13475998969076,0.344836594189614,20,-82,-7.8703950037043
0.31872271467571,-40,0.847852902077836,28.1,0.3,20,2.42444930665735,1.43026031668154,20,10,0,3.13475998969076,0.344836594189614,20,-80,-7.35259445099692
0.31872271467571,-40,0.847852902077836,28.1,0.3,20,2.42444930665735,1.43026031668154,20,10,0,3.13475998969076,0.344836594189614,20,-78,-6.78446459396056
0.31872271467571,-40,0.847852902077836,28.1,0.3,20,2.42444930665735,1.43026031668154,20,10,0,3.13475998969076,0.344836594189614,20,-76,-6.25071967326335
0.31872271467571,-40,0.847852902077836,28.1,0.3,20,2.42444930665735,1.43026031668154,20,10,0,3.13475998969076,0.344836594189614,20,-74,-5.81458190091259
0.31872271467571,-40,0.847852902077836,28.1,0.3,20,2.42444930665735,1.43026031668154,20,10,0,3.13475998969076,0.344836594189614,20,-72,-5.49616855130343
0.31872271467571,-40,0.847852902077836,28.1,0.3,20,2.42444930665735,1.43026031668154,20,10,0,3.13475998969076,0.344836594189614,20,-70,-5.26520501528523
0.31872271467571,-40,0.847852902077836,28.1,0.3,20,2.42444930665735,1.43026031668154,20,10,0,3.13475998969076,0.344836594189614,20,-68,-5.04561830515488
0.31872271467571,-40,0.847852902077836,28.1,0.3,20,2.42444930665735,1.43026031668154,20,10,0,3.13475998969076,0.344836594189614,20,-66,-4.74150468671098
0.31872271467571,-40,0.847852902077836,28.1,0.3,20,2.42444930665735,1.43026031668154,20,10,0,3.13475998969076,0.344836594189614,20,-64,-4.28872997323577
0.31872271467571,-40,0.847852902077836,28.1,0.3,20,2.42444930665735,1.43026031668154,20,10,0,3.13475998969076,0.344836594189614,20,-62,-3.69979640854854
0.31872271467571,-40,0.847852902077836,28.1,0.3,20,2.42444930665735,1.43026031668154,20,10,0,3.13475998969076,0.344836594189614,20,-60,-3.05582395634816
0.31872271467571,-40,0.847852902077836,28.1,0.3,20,2.42444930665735,1.43026031668154,20,10,0,3.13475998969076,0.344836594189614,20,-58,-2.45568822945868
0.31872271467571,-40,0.847852902077836,28.1,0.3,20,2.42444930665735,1.43026031668154,20,10,0,3.13475998969076,0.344836594189614,20,-56,-1.97217745749327
0.31872271467571,-40,0.847852902077836,28.1,0.3,20,2.42444930665735,1.43026031668154,20,10,0,3.13475998969076,0.344836594189614,20,-54,-1.63561143000633
0.31872271467571,-40,0.847852902077836,28.1,0.3,20,2.42444930665735,1.43026031668154,20,10,0,3.13475998969076,0.344836594189614,20,-52,-1.43420989508773
0.31872271467571,-40,0.847852902077836,28.1,0.3,20,2.42444930665735,1.43026031668154,20,10,0,3.13475998969076,0.344836594189614,20,-50,-1.32053453393887
0.31872271467571,-40,0.847852902077836,28.1,0.3,20,2.42444930665735,1.43026031668154,20,10,0,3.13475998969076,0.344836594189614,20,-48,-1.22421966468496
0.31872271467571,-40,0.847852902077836,28.1,0.3,20,2.42444930665735,1.43026031668154,20,10,0,3.13475998969076,0.344836594189614,20,-46,-1.0755469699146
0.31872271467571,-40,0.847852902077836,28.1,0.3,20,2.42444930665735,1.43026031668154,20,10,0,3.13475998969076,0.344836594189614,20,-44,-0.835151461888533
0.31872271467571,-40,0.847852902077836,28.1,0.3,20,2.42444930665735,1.43026031668154,20,10,0,3.13475998969076,0.344836594189614,20,-42,-0.510475554566926
0.31872271467571,-40,0.847852902077836,28.1,0.3,20,2.42444930665735,1.43026031668154,20,10,0,3.13475998969076,0.344836594189614,20,-40,-0.144689528433952
0.31872271467571,-40,0.847852902077836,28.1,0.3,20,2.42444930665735,1.43026031668154,20,10,0,3.13475998969076,0.344836594189614,20,-38,0.210898486131736
0.31872271467571,-40,0.847852902077836,28.1,0.3,20,2.42444930665735,1.43026031668154,20,10,0,3.13475998969076,0.344836594189614,20,-36,0.519403944653032
0.31872271467571,-40,0.847852902077836,28.1,0.3,20,2.42444930665735,1.43026031668154,20,10,0,3.13475998969076,0.344836594189614,20,-34,0.767044857125372
0.31872271467571,-40,0.847852902077836,28.1,0.3,20,2.42444930665735,1.43026031668154,20,10,0,3.13475998969076,0.344836594189614,20,-32,0.961292005675821
0.31872271467571,-40,0.847852902077836,28.1,0.3,20,2.42444930665735,1.43026031668154,20,10,0,3.13475998969076,0.344836594189614,20,-30,1.12359154084289
0.31872271467571,-40,0.847852902077836,28.1,0.3,20,2.42444930665735,1.43026031668154,20,10,0,3.13475998969076,0.344836594189614,20,-28,1.27961402078334
0.31872271467571,-40,0.847852902077836,28.1,0.3,20,2.42444930665735,1.43026031668154,20,10,0,3.13475998969076,0.344836594189614,20,-26,1.4494249918473
0.31872271467571,-40,0.847852902077836,28.1,0.3,20,2.42444930665735,1.43026031668154,20,10,0,3.13475998969076,0.344836594189614,20,-24,1.64080981895229
0.31872271467571,-40,0.847852902077836,28.1,0.3,20,2.42444930665735,1.43026031668154,20,10,0,3.13475998969076,0.344836594189614,20,-22,1.84841821495604
0.31872271467571,-40,0.847852902077836,28.1,0.3,20,2.42444930665735,1.43026031668154,20,10,0,3.13475998969076,0.344836594189614,20,-20,2.05838055845885
0.31872271467571,-40,0.847852902077836,28.1,0.3,20,2.42444930665735,1.43026031668154,20,10,0,3.13475998969076,0.344836594189614,20,-18,2.25510403672453
0.31872271467571,-40,0.847852902077836,28.1,0.3,20,2.42444930665735,1.43026031668154,20,10,0,3.13475998969076,0.344836594189614,20,-16,2.42672998295813
0.31872271467571,-40,0.847852902077836,28.1,0.3,20,2.42444930665735,1.43026031668154,20,10,0,3.13475998969076,0.344836594189614,20,-14,2.56764946853723
0.31872271467571,-40,0.847852902077836,28.1,0.3,20,2.42444930665735,1.43026031668154,20,10,0,3.13475998969076,0.344836594189614,20,-12,2.67833556781403
0.31872271467571,-40,0.847852902077836,28.1,0.3,20,2.42444930665735,1.43026031668154,20,10,0,3.13475998969076,0.344836594189614,20,-10,2.76352744701237
0.31872271467571,-40,0.847852902077836,28.1,0.3,20,2.42444930665735,1.43026031668154,20,10,0,3.13475998969076,0.344836594189614,20,-8,2.82980320768396
0.31872271467571,-40,0.847852902077836,28.1,0.3,20,2.42444930665735,1.43026031668154,20,10,0,3.13475998969076,0.344836594189614,20,-6,2.88333694299077
0.31872271467571,-40,0.847852902077836,28.1,0.3,20,2.42444930665735,1.43026031668154,20,10,0,3.13475998969076,0.344836594189614,20,-4,2.92836011532766
0.31872271467571,-40,0.847852902077836,28.1,0.3,20,2.42444930665735,1.43026031668154,20,10,0,3.13475998969076,0.344836594189614,20,-2,2.96653459925166
0.31872271467571,-40,0.847852902077836,28.1,0.3,20,2.42444930665735,1.43026031668154,20,10,0,3.13475998969076,0.344836594189614,20,0,2.99711502537258
0.31872271467571,-40,0.847852902077836,28.1,0.3,20,2.42444930665735,1.43026031668154,20,10,0,3.13475998969076,0.344836594189614,20,2,3.01754559068152
0.31872271467571,-40,0.847852902077836,28.1,0.3,20,2.42444930665735,1.43026031668154,20,10,0,3.13475998969076,0.344836594189614,20,4,3.0241086195054
0.31872271467571,-40,0.847852902077836,28.1,0.3,20,2.42444930665735,1.43026031668154,20,10,0,3.13475998969076,0.344836594189614,20,6,3.01240859302966
0.31872271467571,-40,0.847852902077836,28.1,0.3,20,2.42444930665735,1.43026031668154,20,10,0,3.13475998969076,0.344836594189614,20,8,2.9777127621388
0.31872271467571,-40,0.847852902077836,28.1,0.3,20,2.42444930665735,1.43026031668154,20,10,0,3.13475998969076,0.344836594189614,20,10,2.91533612617372
0.31872271467571,-40,0.847852902077836,28.1,0.3,20,2.42444930665735,1.43026031668154,20,10,0,3.13475998969076,0.344836594189614,20,12,2.82127954904753
0.31872271467571,-40,0.847852902077836,28.1,0.3,20,2.42444930665735,1.43026031668154,20,10,0,3.13475998969076,0.344836594189614,20,14,2.69321521251515
0.31872271467571,-40,0.847852902077836,28.1,0.3,20,2.42444930665735,1.43026031668154,20,10,0,3.13475998969076,0.344836594189614,20,16,2.53171774468787
0.31872271467571,-40,0.847852902077836,28.1,0.3,20,2.42444930665735,1.43026031668154,20,10,0,3.13475998969076,0.344836594189614,20,18,2.34140569365322
0.31872271467571,-40,0.847852902077836,28.1,0.3,20,2.42444930665735,1.43026031668154,20,10,0,3.13475998969076,0.344836594189614,20,20,2.13141170598493
0.31872271467571,-40,0.847852902077836,28.1,0.3,20,2.42444930665735,1.43026031668154,20,10,0,3.13475998969076,0.344836594189614,20,22,1.91442792528491
0.31872271467571,-40,0.847852902077836,28.1,0.3,20,2.42444930665735,1.43026031668154,20,10,0,3.13475998969076,0.344836594189614,20,24,1.70373643504146
0.31872271467571,-40,0.847852902077836,28.1,0.3,20,2.42444930665735,1.43026031668154,20,10,0,3.13475998969076,0.344836594189614,20,26,1.50848017406568
0.31872271467571,-40,0.847852902077836,28.1,0.3,20,2.42444930665735,1.43026031668154,20,10,0,3.13475998969076,0.344836594189614,20,28,1.32886638759528
0.31872271467571,-40,0.847852902077836,28.1,0.3,20,2.42444930665735,1.43026031668154,20,10,0,3.13475998969076,0.344836594189614,20,30,1.15396317980879
0.31872271467571,-40,0.847852902077836,28.1,0.3,20,2.42444930665735,1.43026031668154,20,10,0,3.13475998969076,0.344836594189614,20,32,0.963945561323163
0.31872271467571,-40,0.847852902077836,28.1,0.3,20,2.42444930665735,1.43026031668154,20,10,0,3.13475998969076,0.344836594189614,20,34,0.736359787077103
0.31872271467571,-40,0.847852902077836,28.1,0.3,20,2.42444930665735,1.43026031668154,20,10,0,3.13475998969076,0.344836594189614,20,36,0.454201672100474
0.31872271467571,-40,0.847852902077836,28.1,0.3,20,2.42444930665735,1.43026031668154,20,10,0,3.13475998969076,0.344836594189614,20,38,0.113550954692464
0.31872271467571,-40,0.847852902077836,28.1,0.3,20,2.42444930665735,1.43026031668154,20,10,0,3.13475998969076,0.344836594189614,20,40,-0.270887262827226
0.31872271467571,-40,0.847852902077836,28.1,0.3,20,2.42444930665735,1.43026031668154,20,10,0,3.13475998969076,0.344836594189614,20,42,-0.664490460445692
0.31872271467571,-40,0.847852902077836,28.1,0.3,20,2.42444930665735,1.43026031668154,20,10,0,3.13475998969076,0.344836594189614,20,44,-1.0194289355675
0.31872271467571,-40,0.847852902077836,28.1,0.3,20,2.42444930665735,1.43026031668154,20,10,0,3.13475998969076,0.344836594189614,20,46,-1.29219416173877
0.31872271467571,-40,0.847852902077836,28.1,0.3,20,2.42444930665735,1.43026031668154,20,10,0,3.13475998969076,0.344836594189614,20,48,-1.46656609777275
0.31872271467571,-40,0.847852902077836,28.1,0.3,20,2.42444930665735,1.43026031668154,20,10,0,3.13475998969076,0.344836594189614,20,50,-1.56639689089948
0.31872271467571,-40,0.847852902077836,28.1,0.3,20,2.42444930665735,1.43026031668154,20,10,0,3.13475998969076,0.344836594189614,20,52,-1.64696217171744
0.31872271467571,-40,0.847852902077836,28.1,0.3,20,2.42444930665735,1.43026031668154,20,10,0,3.13475998969076,0.344836594189614,20,54,-1.77225549928767
0.31872271467571,-40,0.847852902077836,28.1,0.3,20,2.42444930665735,1.43026031668154,20,10,0,3.13475998969076,0.344836594189614,20,56,-1.99422478737913
0.31872271467571,-40,0.847852902077836,28.1,0.3,20,2.42444930665735,1.43026031668154,20,10,0,3.13475998969076,0.344836594189614,20,58,-2.3412994024711
0.31872271467571,-40,0.847852902077836,28.1,0.3,20,2.42444930665735,1.43026031668154,20,10,0,3.13475998969076,0.344836594189614,20,60,-2.81384632612633
0.31872271467571,-40,0.847852902077836,28.1,0.3,20,2.42444930665735,1.43026031668154,20,10,0,3.13475998969076,0.344836594189614,20,62,-3.38281048260697
0.31872271467571,-40,0.847852902077836,28.1,0.3,20,2.42444930665735,1.43026031668154,20,10,0,3.13475998969076,0.344836594189614,20,64,-3.99202994419398
0.31872271467571,-40,0.847852902077836,28.1,0.3,20,2.42444930665735,1.43026031668154,20,10,0,3.13475998969076,0.344836594189614,20,66,-4.56955687500021
0.31872271467571,-40,0.847852902077836,28.1,0.3,20,2.42444930665735,1.43026031668154,20,10,0,3.13475998969076,0.344836594189614,20,68,-5.05217134692467
0.31872271467571,-40,0.847852902077836,28.1,0.3,20,2.42444930665735,1.43026031668154,20,10,0,3.13475998969076,0.344836594189614,20,70,-5.41427005642121
0.31872271467571,-40,0.847852902077836,28.1,0.3,20,2.42444930665735,1.43026031668154,20,10,0,3.13475998969076,0.344836594189614,20,72,-5.67919194246527
0.31872271467571,-40,0.847852902077836,28.1,0.3,20,2.42444930665735,1.43026031668154,20,10,0,3.13475998969076,0.344836594189614,20,74,-5.90276753443965
0.31872271467571,-40,0.847852902077836,28.1,0.3,20,2.42444930665735,1.43026031668154,20,10,0,3.13475998969076,0.344836594189614,20,76,-6.14516061203186
0.31872271467571,-40,0.847852902077836,28.1,0.3,20,2.42444930665735,1.43026031668154,20,10,0,3.13475998969076,0.344836594189614,20,78,-6.45134312920082
0.31872271467571,-40,0.847852902077836,28.1,0.3,20,2.42444930665735,1.43026031668154,20,10,0,3.13475998969076,0.344836594189614,20,80,-6.84470341116089
0.31872271467571,-40,0.847852902077836,28.1,0.3,20,2.42444930665735,1.43026031668154,20,10,0,3.13475998969076,0.344836594189614,20,82,-7.32756250254991
0.31872271467571,-40,0.847852902077836,28.1,0.3,20,2.42444930665735,1.43026031668154,20,10,0,3.13475998969076,0.344836594189614,20,84,-7.88243832386929
0.31872271467571,-40,0.847852902077836,28.1,0.3,20,2.42444930665735,1.43026031668154,20,10,0,3.13475998969076,0.344836594189614,20,86,-8.4720967806847
0.31872271467571,-40,0.847852902077836,28.1,0.3,20,2.42444930665735,1.43026031668154,20,10,0,3.13475998969076,0.344836594189614,20,88,-9.04129197438103
0.31872271467571,-40,0.847852902077836,28.1,0.3,20,2.42444930665735,1.43026031668154,20,10,0,3.13475998969076,0.344836594189614,20,90,-9.52731842723573
0.31872271467571,-40,0.847852902077836,28.1,0.3,20,2.42444930665735,1.43026031668154,20,10,0,3.13475998969076,0.344836594189614,20,92,-9.88449659706515
0.31872271467571,-40,0.847852902077836,28.1,0.3,20,2.42444930665735,1.43026031668154,20,10,0,3.13475998969076,0.344836594189614,20,94,-10.1129602039609
0.31872271467571,-40,0.847852902077836,28.1,0.3,20,2.42444930665735,1.43026031668154,20,10,0,3.13475998969076,0.344836594189614,20,96,-10.2678953586807
0.31872271467571,-40,0.847852902077836,28.1,0.3,20,2.42444930665735,1.43026031668154,20,10,0,3.13475998969076,0.344836594189614,20,98,-10.4391735145299
0.31872271467571,-40,0.847852902077836,28.1,0.3,20,2.42444930665735,1.43026031668154,20,10,0,3.13475998969076,0.344836594189614,20,100,-10.7196584126944
0.31872271467571,-40,0.847852902077836,28.1,0.3,20,2.42444930665735,1.43026031668154,20,10,0,3.13475998969076,0.344836594189614,20,102,-11.1829969727071
0.31872271467571,-40,0.847852902077836,28.1,0.3,20,2.42444930665735,1.43026031668154,20,10,0,3.13475998969076,0.344836594189614,20,104,-11.8729516729724
0.31872271467571,-40,0.847852902077836,28.1,0.3,20,2.42444930665735,1.43026031668154,20,10,0,3.13475998969076,0.344836594189614,20,106,-12.7933595586711
0.31872271467571,-40,0.847852902077836,28.1,0.3,20,2.42444930665735,1.43026031668154,20,10,0,3.13475998969076,0.344836594189614,20,108,-13.8853671706742
0.31872271467571,-40,0.847852902077836,28.1,0.3,20,2.42444930665735,1.43026031668154,20,10,0,3.13475998969076,0.344836594189614,20,110,-14.987957792387
0.31872271467571,-40,0.847852902077836,28.1,0.3,20,2.42444930665735,1.43026031668154,20,10,0,3.13475998969076,0.344836594189614,20,112,-15.8290894726578
0.31872271467571,-40,0.847852902077836,28.1,0.3,20,2.42444930665735,1.43026031668154,20,10,0,3.13475998969076,0.344836594189614,20,114,-16.1730430370516
0.31872271467571,-40,0.847852902077836,28.1,0.3,20,2.42444930665735,1.43026031668154,20,10,0,3.13475998969076,0.344836594189614,20,116,-16.0674878894122
0.31872271467571,-40,0.847852902077836,28.1,0.3,20,2.42444930665735,1.43026031668154,20,10,0,3.13475998969076,0.344836594189614,20,118,-15.8138295343089
0.31872271467571,-40,0.847852902077836,28.1,0.3,20,2.42444930665735,1.43026031668154,20,10,0,3.13475998969076,0.344836594189614,20,120,-15.7131559185171
0.31872271467571,-40,0.847852902077836,28.1,0.3,20,2.42444930665735,1.43026031668154,20,10,0,3.13475998969076,0.344836594189614,20,122,-15.9480219090909
0.31872271467571,-40,0.847852902077836,28.1,0.3,20,2.42444930665735,1.43026031668154,20,10,0,3.13475998969076,0.344836594189614,20,124,-16.5952814342527
0.31872271467571,-40,0.847852902077836,28.1,0.3,20,2.42444930665735,1.43026031668154,20,10,0,3.13475998969076,0.344836594189614,20,126,-17.6418279976568
0.31872271467571,-40,0.847852902077836,28.1,0.3,20,2.42444930665735,1.43026031668154,20,10,0,3.13475998969076,0.344836594189614,20,128,-18.9543701434071
0.31872271467571,-40,0.847852902077836,28.1,0.3,20,2.42444930665735,1.43026031668154,20,10,0,3.13475998969076,0.344836594189614,20,130,-20.2061611531275
0.31872271467571,-40,0.847852902077836,28.1,0.3,20,2.42444930665735,1.43026031668154,20,10,0,3.13475998969076,0.344836594189614,20,132,-20.8593314373566
0.31872271467571,-40,0.847852902077836,28.1,0.3,20,2.42444930665735,1.43026031668154,20,10,0,3.13475998969076,0.344836594189614,20,134,-20.4460489346788
0.31872271467571,-40,0.847852902077836,28.1,0.3,20,2.42444930665735,1.43026031668154,20,10,0,3.13475998969076,0.344836594189614,20,136,-19.0370567200509
0.31872271467571,-40,0.847852902077836,28.1,0.3,20,2.42444930665735,1.43026031668154,20,10,0,3.13475998969076,0.344836594189614,20,138,-17.166420989189
0.31872271467571,-40,0.847852902077836,28.1,0.3,20,2.42444930665735,1.43026031668154,20,10,0,3.13475998969076,0.344836594189614,20,140,-15.3478645701195
0.31872271467571,-40,0.847852902077836,28.1,0.3,20,2.42444930665735,1.43026031668154,20,10,0,3.13475998969076,0.344836594189614,20,142,-13.8761342768622
0.31872271467571,-40,0.847852902077836,28.1,0.3,20,2.42444930665735,1.43026031668154,20,10,0,3.13475998969076,0.344836594189614,20,144,-12.881234360311
0.31872271467571,-40,0.847852902077836,28.1,0.3,20,2.42444930665735,1.43026031668154,20,10,0,3.13475998969076,0.344836594189614,20,146,-12.4078570614126
0.31872271467571,-40,0.847852902077836,28.1,0.3,20,2.42444930665735,1.43026031668154,20,10,0,3.13475998969076,0.344836594189614,20,148,-12.4533018535898
0.31872271467571,-40,0.847852902077836,28.1,0.3,20,2.42444930665735,1.43026031668154,20,10,0,3.13475998969076,0.344836594189614,20,150,-12.9573880780739
0.31872271467571,-40,0.847852902077836,28.1,0.3,20,2.42444930665735,1.43026031668154,20,10,0,3.13475998969076,0.344836594189614,20,152,-13.7266794891218
0.31872271467571,-40,0.847852902077836,28.1,0.3,20,2.42444930665735,1.43026031668154,20,10,0,3.13475998969076,0.344836594189614,20,154,-14.3076875169132
0.31872271467571,-40,0.847852902077836,28.1,0.3,20,2.42444930665735,1.43026031668154,20,10,0,3.13475998969076,0.344836594189614,20,156,-14.117401919146
0.31872271467571,-40,0.847852902077836,28.1,0.3,20,2.42444930665735,1.43026031668154,20,10,0,3.13475998969076,0.344836594189614,20,158,-13.0957043010844
0.31872271467571,-40,0.847852902077836,28.1,0.3,20,2.42444930665735,1.43026031668154,20,10,0,3.13475998969076,0.344836594189614,20,160,-11.7567246856307
0.31872271467571,-40,0.847852902077836,28.1,0.3,20,2.42444930665735,1.43026031668154,20,10,0,3.13475998969076,0.344836594189614,20,162,-10.5270194709506
0.31872271467571,-40,0.847852902077836,28.1,0.3,20,2.42444930665735,1.43026031668154,20,10,0,3.13475998969076,0.344836594189614,20,164,-9.56541085960333
0.31872271467571,-40,0.847852902077836,28.1,0.3,20,2.42444930665735,1.43026031668154,20,10,0,3.13475998969076,0.344836594189614,20,166,-8.88826963745602
0.31872271467571,-40,0.847852902077836,28.1,0.3,20,2.42444930665735,1.43026031668154,20,10,0,3.13475998969076,0.344836594189614,20,168,-8.45966264417322
0.31872271467571,-40,0.847852902077836,28.1,0.3,20,2.42444930665735,1.43026031668154,20,10,0,3.13475998969076,0.344836594189614,20,170,-8.22627054559437
0.31872271467571,-40,0.847852902077836,28.1,0.3,20,2.42444930665735,1.43026031668154,20,10,0,3.13475998969076,0.344836594189614,20,172,-8.12926152947312
0.31872271467571,-40,0.847852902077836,28.1,0.3,20,2.42444930665735,1.43026031668154,20,10,0,3.13475998969076,0.344836594189614,20,174,-8.10986826549113
0.31872271467571,-40,0.847852902077836,28.1,0.3,20,2.42444930665735,1.43026031668154,20,10,0,3.13475998969076,0.344836594189614,20,176,-8.11490661963277
0.31872271467571,-40,0.847852902077836,28.1,0.3,20,2.42444930665735,1.43026031668154,20,10,0,3.13475998969076,0.344836594189614,20,178,-8.10361284596881
0.31872271467571,-40,0.847852902077836,28.1,0.3,20,2.42444930665735,1.43026031668154,20,10,0,3.13475998969076,0.344836594189614,20,180,-8.0545030843614
0.31872271467571,-40,0.847852902077836,28.2,0.3,20,2.42444930665735,1.43026031668154,20,10,0,3.13475998969076,0.344836594189614,20,-180,-8.11312924402202
0.31872271467571,-40,0.847852902077836,28.2,0.3,20,2.42444930665735,1.43026031668154,20,10,0,3.13475998969076,0.344836594189614,20,-178,-8.0200447038978
0.31872271467571,-40,0.847852902077836,28.2,0.3,20,2.42444930665735,1.43026031668154,20,10,0,3.13475998969076,0.344836594189614,20,-176,-7.90384449430218
0.31872271467571,-40,0.847852902077836,28.2,0.3,20,2.42444930665735,1.43026031668154,20,10,0,3.13475998969076,0.344836594189614,20,-174,-7.81001917043454
0.31872271467571,-40,0.847852902077836,28.2,0.3,20,2.42444930665735,1.43026031668154,20,10,0,3.13475998969076,0.344836594189614,20,-172,-7.79326927372006
0.31872271467571,-40,0.847852902077836,28.2,0.3,20,2.42444930665735,1.43026031668154,20,10,0,3.13475998969076,0.344836594189614,20,-170,-7.90913016360232
0.31872271467571,-40,0.847852902077836,28.2,0.3,20,2.42444930665735,1.43026031668154,20,10,0,3.13475998969076,0.344836594189614,20,-168,-8.2090482937989
0.31872271467571,-40,0.847852902077836,28.2,0.3,20,2.42444930665735,1.43026031668154,20,10,0,3.13475998969076,0.344836594189614,20,-166,-8.73873666554024
0.31872271467571,-40,0.847852902077836,28.2,0.3,20,2.42444930665735,1.43026031668154,20,10,0,3.13475998969076,0.344836594189614,20,-164,-9.53720001713069
0.31872271467571,-40,0.847852902077836,28.2,0.3,20,2.42444930665735,1.43026031668154,20,10,0,3.13475998969076,0.344836594189614,20,-162,-10.6301995005526
0.31872271467571,-40,0.847852902077836,28.2,0.3,20,2.42444930665735,1.43026031668154,20,10,0,3.13475998969076,0.344836594189614,20,-160,-12.0025863369396
0.31872271467571,-40,0.847852902077836,28.2,0.3,20,2.42444930665735,1.43026031668154,20,10,0,3.13475998969076,0.344836594189614,20,-158,-13.5150072700739
0.31872271467571,-40,0.847852902077836,28.2,0.3,20,2.42444930665735,1.43026031668154,20,10,0,3.13475998969076,0.344836594189614,20,-156,-14.7558753261419
0.31872271467571,-40,0.847852902077836,28.2,0.3,20,2.42444930665735,1.43026031668154,20,10,0,3.13475998969076,0.344836594189614,20,-154,-15.1349916320678
0.31872271467571,-40,0.847852902077836,28.2,0.3,20,2.42444930665735,1.43026031668154,20,10,0,3.13475998969076,0.344836594189614,20,-152,-14.5981074107024
0.31872271467571,-40,0.847852902077836,28.2,0.3,20,2.42444930665735,1.43026031668154,20,10,0,3.13475998969076,0.344836594189614,20,-150,-13.7495638807431
0.31872271467571,-40,0.847852902077836,28.2,0.3,20,2.42444930665735,1.43026031668154,20,10,0,3.13475998969076,0.344836594189614,20,-148,-13.1095416730479
0.31872271467571,-40,0.847852902077836,28.2,0.3,20,2.42444930665735,1.43026031668154,20,10,0,3.13475998969076,0.344836594189614,20,-146,-12.9031851710194
0.31872271467571,-40,0.847852902077836,28.2,0.3,20,2.42444930665735,1.43026031668154,20,10,0,3.13475998969076,0.344836594189614,20,-144,-13.2022317782387
0.31872271467571,-40,0.847852902077836,28.2,0.3,20,2.42444930665735,1.43026031668154,20,10,0,3.13475998969076,0.344836594189614,20,-142,-14.0203687733844
0.31872271467571,-40,0.847852902077836,28.2,0.3,20,2.42444930665735,1.43026031668154,20,10,0,3.13475998969076,0.344836594189614,20,-140,-15.338342269326
0.31872271467571,-40,0.847852902077836,28.2,0.3,20,2.42444930665735,1.43026031668154,20,10,0,3.13475998969076,0.344836594189614,20,-138,-17.0861875821093
0.31872271467571,-40,0.847852902077836,28.2,0.3,20,2.42444930665735,1.43026031668154,20,10,0,3.13475998969076,0.344836594189614,20,-136,-19.0807887240875
0.31872271467571,-40,0.847852902077836,28.2,0.3,20,2.42444930665735,1.43026031668154,20,10,0,3.13475998969076,0.344836594189614,20,-134,-20.9011770709554
0.31872271467571,-40,0.847852902077836,28.2,0.3,20,2.42444930665735,1.43026031668154,20,10,0,3.13475998969076,0.344836594189614,20,-132,-21.8142860165045
0.31872271467571,-40,0.847852902077836,28.2,0.3,20,2.42444930665735,1.43026031668154,20,10,0,3.13475998969076,0.344836594189614,20,-130,-21.2856317536718
0.31872271467571,-40,0.847852902077836,28.2,0.3,20,2.42444930665735,1.43026031668154,20,10,0,3.13475998969076,0.344836594189614,20,-128,-19.7275526765378
0.31872271467571,-40,0.847852902077836,28.2,0.3,20,2.42444930665735,1.43026031668154,20,10,0,3.13475998969076,0.344836594189614,20,-126,-17.927403583398
0.31872271467571,-40,0.847852902077836,28.2,0.3,20,2.42444930665735,1.43026031668154,20,10,0,3.13475998969076,0.344836594189614,20,-124,-16.3472722055122
0.31872271467571,-40,0.847852902077836,28.2,0.3,20,2.42444930665735,1.43026031668154,20,10,0,3.13475998969076,0.344836594189614,20,-122,-15.153934696689
0.31872271467571,-40,0.847852902077836,28.2,0.3,20,2.42444930665735,1.43026031668154,20,10,0,3.13475998969076,0.344836594189614,20,-120,-14.3778135614078
0.31872271467571,-40,0.847852902077836,28.2,0.3,20,2.42444930665735,1.43026031668154,20,10,0,3.13475998969076,0.344836594189614,20,-118,-13.991380788451
0.31872271467571,-40,0.847852902077836,28.2,0.3,20,2.42444930665735,1.43026031668154,20,10,0,3.13475998969076,0.344836594189614,20,-116,-13.9335175855402
0.31872271467571,-40,0.847852902077836,28.2,0.3,20,2.42444930665735,1.43026031668154,20,10,0,3.13475998969076,0.344836594189614,20,-114,-14.1072441497648
0.31872271467571,-40,0.847852902077836,28.2,0.3,20,2.42444930665735,1.43026031668154,20,10,0,3.13475998969076,0.344836594189614,20,-112,-14.3665690787374
0.31872271467571,-40,0.847852902077836,28.2,0.3,20,2.42444930665735,1.43026031668154,20,10,0,3.13475998969076,0.344836594189614,20,-110,-14.5186269113027
0.31872271467571,-40,0.847852902077836,28.2,0.3,20,2.42444930665735,1.43026031668154,20,10,0,3.13475998969076,0.344836594189614,20,-108,-14.3829107792428
0.31872271467571,-40,0.847852902077836,28.2,0.3,20,2.42444930665735,1.43026031668154,20,10,0,3.13475998969076,0.344836594189614,20,-106,-13.8964445183865
0.31872271467571,-40,0.847852902077836,28.2,0.3,20,2.42444930665735,1.43026031668154,20,10,0,3.13475998969076,0.344836594189614,20,-104,-13.1466252271126
0.31872271467571,-40,0.847852902077836,28.2,0.3,20,2.42444930665735,1.43026031668154,20,10,0,3.13475998969076,0.344836594189614,20,-102,-12.2845338051683
0.31872271467571,-40,0.847852902077836,28.2,0.3,20,2.42444930665735,1.43026031668154,20,10,0,3.13475998969076,0.344836594189614,20,-100,-11.4342398762783
0.31872271467571,-40,0.847852902077836,28.2,0.3,20,2.42444930665735,1.43026031668154,20,10,0,3.13475998969076,0.344836594189614,20,-98,-10.6687201556224
0.31872271467571,-40,0.847852902077836,28.2,0.3,20,2.42444930665735,1.43026031668154,20,10,0,3.13475998969076,0.344836594189614,20,-96,-10.0233244906845
0.31872271467571,-40,0.847852902077836,28.2,0.3,20,2.42444930665735,1.43026031668154,20,10,0,3.13475998969076,0.344836594189614,20,-94,-9.51159031686996
0.31872271467571,-40,0.847852902077836,28.2,0.3,20,2.42444930665735,1.43026031668154,20,10,0,3.13475998969076,0.344836594189614,20,-92,-9.13202217418089
0.31872271467571,-40,0.847852902077836,28.2,0.3,20,2.42444930665735,1.43026031668154,20,10,0,3.13475998969076,0.344836594189614,20,-90,-8.86643642877034
0.31872271467571,-40,0.847852902077836,28.2,0.3,20,2.42444930665735,1.43026031668154,20,10,0,3.13475998969076,0.344836594189614,20,-88,-8.6742810535964
0.31872271467571,-40,0.847852902077836,28.2,0.3,20,2.42444930665735,1.43026031668154,20,10,0,3.13475998969076,0.344836594189614,20,-86,-8.49060660060471
0.31872271467571,-40,0.847852902077836,28.2,0.3,20,2.42444930665735,1.43026031668154,20,10,0,3.13475998969076,0.344836594189614,20,-84,-8.23893757166079
0.31872271467571,-40,0.847852902077836,28.2,0.3,20,2.42444930665735,1.43026031668154,20,10,0,3.13475998969076,0.344836594189614,20,-82,-7.86452995240547
0.31872271467571,-40,0.847852902077836,28.2,0.3,20,2.42444930665735,1.43026031668154,20,10,0,3.13475998969076,0.344836594189614,20,-80,-7.36930651543537
0.31872271467571,-40,0.847852902077836,28.2,0.3,20,2.42444930665735,1.43026031668154,20,10,0,3.13475998969076,0.344836594189614,20,-78,-6.81409232097129
0.31872271467571,-40,0.847852902077836,28.2,0.3,20,2.42444930665735,1.43026031668154,20,10,0,3.13475998969076,0.344836594189614,20,-76,-6.28358295250844
0.31872271467571,-40,0.847852902077836,28.2,0.3,20,2.42444930665735,1.43026031668154,20,10,0,3.13475998969076,0.344836594189614,20,-74,-5.84533149518291
0.31872271467571,-40,0.847852902077836,28.2,0.3,20,2.42444930665735,1.43026031668154,20,10,0,3.13475998969076,0.344836594189614,20,-72,-5.5251900365097
0.31872271467571,-40,0.847852902077836,28.2,0.3,20,2.42444930665735,1.43026031668154,20,10,0,3.13475998969076,0.344836594189614,20,-70,-5.29802465697798
0.31872271467571,-40,0.847852902077836,28.2,0.3,20,2.42444930665735,1.43026031668154,20,10,0,3.13475998969076,0.344836594189614,20,-68,-5.09038155655039
0.31872271467571,-40,0.847852902077836,28.2,0.3,20,2.42444930665735,1.43026031668154,20,10,0,3.13475998969076,0.344836594189614,20,-66,-4.80405713945555
0.31872271467571,-40,0.847852902077836,28.2,0.3,20,2.42444930665735,1.43026031668154,20,10,0,3.13475998969076,0.344836594189614,20,-64,-4.36748786611808
0.31872271467571,-40,0.847852902077836,28.2,0.3,20,2.42444930665735,1.43026031668154,20,10,0,3.13475998969076,0.344836594189614,20,-62,-3.7855300894964
0.31872271467571,-40,0.847852902077836,28.2,0.3,20,2.42444930665735,1.43026031668154,20,10,0,3.13475998969076,0.344836594189614,20,-60,-3.13707768129438
0.31872271467571,-40,0.847852902077836,28.2,0.3,20,2.42444930665735,1.43026031668154,20,10,0,3.13475998969076,0.344836594189614,20,-58,-2.52416171059688
0.31872271467571,-40,0.847852902077836,28.2,0.3,20,2.42444930665735,1.43026031668154,20,10,0,3.13475998969076,0.344836594189614,20,-56,-2.02453095793662
0.31872271467571,-40,0.847852902077836,28.2,0.3,20,2.42444930665735,1.43026031668154,20,10,0,3.13475998969076,0.344836594189614,20,-54,-1.67288549018464
0.31872271467571,-40,0.847852902077836,28.2,0.3,20,2.42444930665735,1.43026031668154,20,10,0,3.13475998969076,0.344836594189614,20,-52,-1.46068863160328
0.31872271467571,-40,0.847852902077836,28.2,0.3,20,2.42444930665735,1.43026031668154,20,10,0,3.13475998969076,0.344836594189614,20,-50,-1.34251822587553
0.31872271467571,-40,0.847852902077836,28.2,0.3,20,2.42444930665735,1.43026031668154,20,10,0,3.13475998969076,0.344836594189614,20,-48,-1.24829715110109
0.31872271467571,-40,0.847852902077836,28.2,0.3,20,2.42444930665735,1.43026031668154,20,10,0,3.13475998969076,0.344836594189614,20,-46,-1.10623861306555
0.31872271467571,-40,0.847852902077836,28.2,0.3,20,2.42444930665735,1.43026031668154,20,10,0,3.13475998969076,0.344836594189614,20,-44,-0.873048865453348
0.31872271467571,-40,0.847852902077836,28.2,0.3,20,2.42444930665735,1.43026031668154,20,10,0,3.13475998969076,0.344836594189614,20,-42,-0.552490989610781
0.31872271467571,-40,0.847852902077836,28.2,0.3,20,2.42444930665735,1.43026031668154,20,10,0,3.13475998969076,0.344836594189614,20,-40,-0.186267324126128
0.31872271467571,-40,0.847852902077836,28.2,0.3,20,2.42444930665735,1.43026031668154,20,10,0,3.13475998969076,0.344836594189614,20,-38,0.173490626330896
0.31872271467571,-40,0.847852902077836,28.2,0.3,20,2.42444930665735,1.43026031668154,20,10,0,3.13475998969076,0.344836594189614,20,-36,0.487977757948583
0.31872271467571,-40,0.847852902077836,28.2,0.3,20,2.42444930665735,1.43026031668154,20,10,0,3.13475998969076,0.344836594189614,20,-34,0.741483626604931
0.31872271467571,-40,0.847852902077836,28.2,0.3,20,2.42444930665735,1.43026031668154,20,10,0,3.13475998969076,0.344836594189614,20,-32,0.940086114071462
0.31872271467571,-40,0.847852902077836,28.2,0.3,20,2.42444930665735,1.43026031668154,20,10,0,3.13475998969076,0.344836594189614,20,-30,1.10457263398873
0.31872271467571,-40,0.847852902077836,28.2,0.3,20,2.42444930665735,1.43026031668154,20,10,0,3.13475998969076,0.344836594189614,20,-28,1.2607171635356
0.31872271467571,-40,0.847852902077836,28.2,0.3,20,2.42444930665735,1.43026031668154,20,10,0,3.13475998969076,0.344836594189614,20,-26,1.42929881593665
0.31872271467571,-40,0.847852902077836,28.2,0.3,20,2.42444930665735,1.43026031668154,20,10,0,3.13475998969076,0.344836594189614,20,-24,1.61907367692466
0.31872271467571,-40,0.847852902077836,28.2,0.3,20,2.42444930665735,1.43026031668154,20,10,0,3.13475998969076,0.344836594189614,20,-22,1.82550240607179
0.31872271467571,-40,0.847852902077836,28.2,0.3,20,2.42444930665735,1.43026031668154,20,10,0,3.13475998969076,0.344836594189614,20,-20,2.03511052964697
0.31872271467571,-40,0.847852902077836,28.2,0.3,20,2.42444930665735,1.43026031668154,20,10,0,3.13475998969076,0.344836594189614,20,-18,2.23228484458646
0.31872271467571,-40,0.847852902077836,28.2,0.3,20,2.42444930665735,1.43026031668154,20,10,0,3.13475998969076,0.344836594189614,20,-16,2.4048954737659
0.31872271467571,-40,0.847852902077836,28.2,0.3,20,2.42444930665735,1.43026031668154,20,10,0,3.13475998969076,0.344836594189614,20,-14,2.54699754011513
0.31872271467571,-40,0.847852902077836,28.2,0.3,20,2.42444930665735,1.43026031668154,20,10,0,3.13475998969076,0.344836594189614,20,-12,2.65879175202663
0.31872271467571,-40,0.847852902077836,28.2,0.3,20,2.42444930665735,1.43026031668154,20,10,0,3.13475998969076,0.344836594189614,20,-10,2.74486759551045
0.31872271467571,-40,0.847852902077836,28.2,0.3,20,2.42444930665735,1.43026031668154,20,10,0,3.13475998969076,0.344836594189614,20,-8,2.81178128346751
0.31872271467571,-40,0.847852902077836,28.2,0.3,20,2.42444930665735,1.43026031668154,20,10,0,3.13475998969076,0.344836594189614,20,-6,2.86578109113513
0.31872271467571,-40,0.847852902077836,28.2,0.3,20,2.42444930665735,1.43026031668154,20,10,0,3.13475998969076,0.344836594189614,20,-4,2.91121615225407
0.31872271467571,-40,0.847852902077836,28.2,0.3,20,2.42444930665735,1.43026031668154,20,10,0,3.13475998969076,0.344836594189614,20,-2,2.94985311639735
0.31872271467571,-40,0.847852902077836,28.2,0.3,20,2.42444930665735,1.43026031668154,20,10,0,3.13475998969076,0.344836594189614,20,0,2.98099433408389
0.31872271467571,-40,0.847852902077836,28.2,0.3,20,2.42444930665735,1.43026031668154,20,10,0,3.13475998969076,0.344836594189614,20,2,3.00205286346669
0.31872271467571,-40,0.847852902077836,28.2,0.3,20,2.42444930665735,1.43026031668154,20,10,0,3.13475998969076,0.344836594189614,20,4,3.00920388901484
0.31872271467571,-40,0.847852902077836,28.2,0.3,20,2.42444930665735,1.43026031668154,20,10,0,3.13475998969076,0.344836594189614,20,6,2.99789309991748
0.31872271467571,-40,0.847852902077836,28.2,0.3,20,2.42444930665735,1.43026031668154,20,10,0,3.13475998969076,0.344836594189614,20,8,2.96321754827602
0.31872271467571,-40,0.847852902077836,28.2,0.3,20,2.42444930665735,1.43026031668154,20,10,0,3.13475998969076,0.344836594189614,20,10,2.90035966193837
0.31872271467571,-40,0.847852902077836,28.2,0.3,20,2.42444930665735,1.43026031668154,20,10,0,3.13475998969076,0.344836594189614,20,12,2.80527415403075
0.31872271467571,-40,0.847852902077836,28.2,0.3,20,2.42444930665735,1.43026031668154,20,10,0,3.13475998969076,0.344836594189614,20,14,2.67571133624535
0.31872271467571,-40,0.847852902077836,28.2,0.3,20,2.42444930665735,1.43026031668154,20,10,0,3.13475998969076,0.344836594189614,20,16,2.51246362840015
0.31872271467571,-40,0.847852902077836,28.2,0.3,20,2.42444930665735,1.43026031668154,20,10,0,3.13475998969076,0.344836594189614,20,18,2.32048730811832
0.31872271467571,-40,0.847852902077836,28.2,0.3,20,2.42444930665735,1.43026031668154,20,10,0,3.13475998969076,0.344836594189614,20,20,2.1093040172431
0.31872271467571,-40,0.847852902077836,28.2,0.3,20,2.42444930665735,1.43026031668154,20,10,0,3.13475998969076,0.344836594189614,20,22,1.89192046846601
0.31872271467571,-40,0.847852902077836,28.2,0.3,20,2.42444930665735,1.43026031668154,20,10,0,3.13475998969076,0.344836594189614,20,24,1.68169560580901
0.31872271467571,-40,0.847852902077836,28.2,0.3,20,2.42444930665735,1.43026031668154,20,10,0,3.13475998969076,0.344836594189614,20,26,1.48748231147703
0.31872271467571,-40,0.847852902077836,28.2,0.3,20,2.42444930665735,1.43026031668154,20,10,0,3.13475998969076,0.344836594189614,20,28,1.30884208015783
0.31872271467571,-40,0.847852902077836,28.2,0.3,20,2.42444930665735,1.43026031668154,20,10,0,3.13475998969076,0.344836594189614,20,30,1.13404638800883
0.31872271467571,-40,0.847852902077836,28.2,0.3,20,2.42444930665735,1.43026031668154,20,10,0,3.13475998969076,0.344836594189614,20,32,0.942643389955371
0.31872271467571,-40,0.847852902077836,28.2,0.3,20,2.42444930665735,1.43026031668154,20,10,0,3.13475998969076,0.344836594189614,20,34,0.712003735234328
0.31872271467571,-40,0.847852902077836,28.2,0.3,20,2.42444930665735,1.43026031668154,20,10,0,3.13475998969076,0.344836594189614,20,36,0.425543374508648
0.31872271467571,-40,0.847852902077836,28.2,0.3,20,2.42444930665735,1.43026031668154,20,10,0,3.13475998969076,0.344836594189614,20,38,0.0803604064847475
0.31872271467571,-40,0.847852902077836,28.2,0.3,20,2.42444930665735,1.43026031668154,20,10,0,3.13475998969076,0.344836594189614,20,40,-0.307376510188401
0.31872271467571,-40,0.847852902077836,28.2,0.3,20,2.42444930665735,1.43026031668154,20,10,0,3.13475998969076,0.344836594189614,20,42,-0.701561689285101
0.31872271467571,-40,0.847852902077836,28.2,0.3,20,2.42444930665735,1.43026031668154,20,10,0,3.13475998969076,0.344836594189614,20,44,-1.05367308005933
0.31872271467571,-40,0.847852902077836,28.2,0.3,20,2.42444930665735,1.43026031668154,20,10,0,3.13475998969076,0.344836594189614,20,46,-1.321190171742
0.31872271467571,-40,0.847852902077836,28.2,0.3,20,2.42444930665735,1.43026031668154,20,10,0,3.13475998969076,0.344836594189614,20,48,-1.49060472214913
0.31872271467571,-40,0.847852902077836,28.2,0.3,20,2.42444930665735,1.43026031668154,20,10,0,3.13475998969076,0.344836594189614,20,50,-1.58887490218735
0.31872271467571,-40,0.847852902077836,28.2,0.3,20,2.42444930665735,1.43026031668154,20,10,0,3.13475998969076,0.344836594189614,20,52,-1.67312116899548
0.31872271467571,-40,0.847852902077836,28.2,0.3,20,2.42444930665735,1.43026031668154,20,10,0,3.13475998969076,0.344836594189614,20,54,-1.80734238827175
0.31872271467571,-40,0.847852902077836,28.2,0.3,20,2.42444930665735,1.43026031668154,20,10,0,3.13475998969076,0.344836594189614,20,56,-2.04209877307654
0.31872271467571,-40,0.847852902077836,28.2,0.3,20,2.42444930665735,1.43026031668154,20,10,0,3.13475998969076,0.344836594189614,20,58,-2.40359991548895
0.31872271467571,-40,0.847852902077836,28.2,0.3,20,2.42444930665735,1.43026031668154,20,10,0,3.13475998969076,0.344836594189614,20,60,-2.88937820707926
0.31872271467571,-40,0.847852902077836,28.2,0.3,20,2.42444930665735,1.43026031668154,20,10,0,3.13475998969076,0.344836594189614,20,62,-3.46701872582102
0.31872271467571,-40,0.847852902077836,28.2,0.3,20,2.42444930665735,1.43026031668154,20,10,0,3.13475998969076,0.344836594189614,20,64,-4.07704164198576
0.31872271467571,-40,0.847852902077836,28.2,0.3,20,2.42444930665735,1.43026031668154,20,10,0,3.13475998969076,0.344836594189614,20,66,-4.64579044399365
0.31872271467571,-40,0.847852902077836,28.2,0.3,20,2.42444930665735,1.43026031668154,20,10,0,3.13475998969076,0.344836594189614,20,68,-5.11186175004377
0.31872271467571,-40,0.847852902077836,28.2,0.3,20,2.42444930665735,1.43026031668154,20,10,0,3.13475998969076,0.344836594189614,20,70,-5.45495099418881
0.31872271467571,-40,0.847852902077836,28.2,0.3,20,2.42444930665735,1.43026031668154,20,10,0,3.13475998969076,0.344836594189614,20,72,-5.70409462780166
0.31872271467571,-40,0.847852902077836,28.2,0.3,20,2.42444930665735,1.43026031668154,20,10,0,3.13475998969076,0.344836594189614,20,74,-5.91792544589663
0.31872271467571,-40,0.847852902077836,28.2,0.3,20,2.42444930665735,1.43026031668154,20,10,0,3.13475998969076,0.344836594189614,20,76,-6.15593712348007
0.31872271467571,-40,0.847852902077836,28.2,0.3,20,2.42444930665735,1.43026031668154,20,10,0,3.13475998969076,0.344836594189614,20,78,-6.46040849032323
0.31872271467571,-40,0.847852902077836,28.2,0.3,20,2.42444930665735,1.43026031668154,20,10,0,3.13475998969076,0.344836594189614,20,80,-6.85153050969023
0.31872271467571,-40,0.847852902077836,28.2,0.3,20,2.42444930665735,1.43026031668154,20,10,0,3.13475998969076,0.344836594189614,20,82,-7.32878570959251
0.31872271467571,-40,0.847852902077836,28.2,0.3,20,2.42444930665735,1.43026031668154,20,10,0,3.13475998969076,0.344836594189614,20,84,-7.87266563367487
0.31872271467571,-40,0.847852902077836,28.2,0.3,20,2.42444930665735,1.43026031668154,20,10,0,3.13475998969076,0.344836594189614,20,86,-8.44517487031499
0.31872271467571,-40,0.847852902077836,28.2,0.3,20,2.42444930665735,1.43026031668154,20,10,0,3.13475998969076,0.344836594189614,20,88,-8.99221988583654
0.31872271467571,-40,0.847852902077836,28.2,0.3,20,2.42444930665735,1.43026031668154,20,10,0,3.13475998969076,0.344836594189614,20,90,-9.45465223076634
0.31872271467571,-40,0.847852902077836,28.2,0.3,20,2.42444930665735,1.43026031668154,20,10,0,3.13475998969076,0.344836594189614,20,92,-9.79203735361398
0.31872271467571,-40,0.847852902077836,28.2,0.3,20,2.42444930665735,1.43026031668154,20,10,0,3.13475998969076,0.344836594189614,20,94,-10.009017578551
0.31872271467571,-40,0.847852902077836,28.2,0.3,20,2.42444930665735,1.43026031668154,20,10,0,3.13475998969076,0.344836594189614,20,96,-10.1622437367238
0.31872271467571,-40,0.847852902077836,28.2,0.3,20,2.42444930665735,1.43026031668154,20,10,0,3.13475998969076,0.344836594189614,20,98,-10.3400741844723
0.31872271467571,-40,0.847852902077836,28.2,0.3,20,2.42444930665735,1.43026031668154,20,10,0,3.13475998969076,0.344836594189614,20,100,-10.632598444951
0.31872271467571,-40,0.847852902077836,28.2,0.3,20,2.42444930665735,1.43026031668154,20,10,0,3.13475998969076,0.344836594189614,20,102,-11.1105773627384
0.31872271467571,-40,0.847852902077836,28.2,0.3,20,2.42444930665735,1.43026031668154,20,10,0,3.13475998969076,0.344836594189614,20,104,-11.8145011647298
0.31872271467571,-40,0.847852902077836,28.2,0.3,20,2.42444930665735,1.43026031668154,20,10,0,3.13475998969076,0.344836594189614,20,106,-12.7431135135325
0.31872271467571,-40,0.847852902077836,28.2,0.3,20,2.42444930665735,1.43026031668154,20,10,0,3.13475998969076,0.344836594189614,20,108,-13.828716676111
0.31872271467571,-40,0.847852902077836,28.2,0.3,20,2.42444930665735,1.43026031668154,20,10,0,3.13475998969076,0.344836594189614,20,110,-14.8983253333582
0.31872271467571,-40,0.847852902077836,28.2,0.3,20,2.42444930665735,1.43026031668154,20,10,0,3.13475998969076,0.344836594189614,20,112,-15.6763147980099
0.31872271467571,-40,0.847852902077836,28.2,0.3,20,2.42444930665735,1.43026031668154,20,10,0,3.13475998969076,0.344836594189614,20,114,-15.9495994155667
0.31872271467571,-40,0.847852902077836,28.2,0.3,20,2.42444930665735,1.43026031668154,20,10,0,3.13475998969076,0.344836594189614,20,116,-15.7976030051971
0.31872271467571,-40,0.847852902077836,28.2,0.3,20,2.42444930665735,1.43026031668154,20,10,0,3.13475998969076,0.344836594189614,20,118,-15.5269438100346
0.31872271467571,-40,0.847852902077836,28.2,0.3,20,2.42444930665735,1.43026031668154,20,10,0,3.13475998969076,0.344836594189614,20,120,-15.4256079635259
0.31872271467571,-40,0.847852902077836,28.2,0.3,20,2.42444930665735,1.43026031668154,20,10,0,3.13475998969076,0.344836594189614,20,122,-15.6652235496502
0.31872271467571,-40,0.847852902077836,28.2,0.3,20,2.42444930665735,1.43026031668154,20,10,0,3.13475998969076,0.344836594189614,20,124,-16.3181783179303
0.31872271467571,-40,0.847852902077836,28.2,0.3,20,2.42444930665735,1.43026031668154,20,10,0,3.13475998969076,0.344836594189614,20,126,-17.3708963779876
0.31872271467571,-40,0.847852902077836,28.2,0.3,20,2.42444930665735,1.43026031668154,20,10,0,3.13475998969076,0.344836594189614,20,128,-18.6908498612186
0.31872271467571,-40,0.847852902077836,28.2,0.3,20,2.42444930665735,1.43026031668154,20,10,0,3.13475998969076,0.344836594189614,20,130,-19.9511279792536
0.31872271467571,-40,0.847852902077836,28.2,0.3,20,2.42444930665735,1.43026031668154,20,10,0,3.13475998969076,0.344836594189614,20,132,-20.6171023077406
0.31872271467571,-40,0.847852902077836,28.2,0.3,20,2.42444930665735,1.43026031668154,20,10,0,3.13475998969076,0.344836594189614,20,134,-20.2388033360254
0.31872271467571,-40,0.847852902077836,28.2,0.3,20,2.42444930665735,1.43026031668154,20,10,0,3.13475998969076,0.344836594189614,20,136,-18.8970732533545
0.31872271467571,-40,0.847852902077836,28.2,0.3,20,2.42444930665735,1.43026031668154,20,10,0,3.13475998969076,0.344836594189614,20,138,-17.1053128224623
0.31872271467571,-40,0.847852902077836,28.2,0.3,20,2.42444930665735,1.43026031668154,20,10,0,3.13475998969076,0.344836594189614,20,140,-15.3582667654609
0.31872271467571,-40,0.847852902077836,28.2,0.3,20,2.42444930665735,1.43026031668154,20,10,0,3.13475998969076,0.344836594189614,20,142,-13.9485216222027
0.31872271467571,-40,0.847852902077836,28.2,0.3,20,2.42444930665735,1.43026031668154,20,10,0,3.13475998969076,0.344836594189614,20,144,-13.0108982936217
0.31872271467571,-40,0.847852902077836,28.2,0.3,20,2.42444930665735,1.43026031668154,20,10,0,3.13475998969076,0.344836594189614,20,146,-12.5942138750456
0.31872271467571,-40,0.847852902077836,28.2,0.3,20,2.42444930665735,1.43026031668154,20,10,0,3.13475998969076,0.344836594189614,20,148,-12.6949991834889
0.31872271467571,-40,0.847852902077836,28.2,0.3,20,2.42444930665735,1.43026031668154,20,10,0,3.13475998969076,0.344836594189614,20,150,-13.2398444539643
0.31872271467571,-40,0.847852902077836,28.2,0.3,20,2.42444930665735,1.43026031668154,20,10,0,3.13475998969076,0.344836594189614,20,152,-13.9939207738731
0.31872271467571,-40,0.847852902077836,28.2,0.3,20,2.42444930665735,1.43026031668154,20,10,0,3.13475998969076,0.344836594189614,20,154,-14.4400322634621
0.31872271467571,-40,0.847852902077836,28.2,0.3,20,2.42444930665735,1.43026031668154,20,10,0,3.13475998969076,0.344836594189614,20,156,-14.0266124060767
0.31872271467571,-40,0.847852902077836,28.2,0.3,20,2.42444930665735,1.43026031668154,20,10,0,3.13475998969076,0.344836594189614,20,158,-12.8494680050485
0.31872271467571,-40,0.847852902077836,28.2,0.3,20,2.42444930665735,1.43026031668154,20,10,0,3.13475998969076,0.344836594189614,20,160,-11.4682807705784
0.31872271467571,-40,0.847852902077836,28.2,0.3,20,2.42444930665735,1.43026031668154,20,10,0,3.13475998969076,0.344836594189614,20,162,-10.2579798965743
0.31872271467571,-40,0.847852902077836,28.2,0.3,20,2.42444930665735,1.43026031668154,20,10,0,3.13475998969076,0.344836594189614,20,164,-9.33798146917855
0.31872271467571,-40,0.847852902077836,28.2,0.3,20,2.42444930665735,1.43026031668154,20,10,0,3.13475998969076,0.344836594189614,20,166,-8.7086013006855
0.31872271467571,-40,0.847852902077836,28.2,0.3,20,2.42444930665735,1.43026031668154,20,10,0,3.13475998969076,0.344836594189614,20,168,-8.32857617809814
0.31872271467571,-40,0.847852902077836,28.2,0.3,20,2.42444930665735,1.43026031668154,20,10,0,3.13475998969076,0.344836594189614,20,170,-8.14267140260502
0.31872271467571,-40,0.847852902077836,28.2,0.3,20,2.42444930665735,1.43026031668154,20,10,0,3.13475998969076,0.344836594189614,20,172,-8.09050014442427
0.31872271467571,-40,0.847852902077836,28.2,0.3,20,2.42444930665735,1.43026031668154,20,10,0,3.13475998969076,0.344836594189614,20,174,-8.11094239876011
0.31872271467571,-40,0.847852902077836,28.2,0.3,20,2.42444930665735,1.43026031668154,20,10,0,3.13475998969076,0.344836594189614,20,176,-8.1475711131382
0.31872271467571,-40,0.847852902077836,28.2,0.3,20,2.42444930665735,1.43026031668154,20,10,0,3.13475998969076,0.344836594189614,20,178,-8.15623384059236
0.31872271467571,-40,0.847852902077836,28.2,0.3,20,2.42444930665735,1.43026031668154,20,10,0,3.13475998969076,0.344836594189614,20,180,-8.11312924402202
0.31872271467571,-40,0.847852902077836,28.3,0.3,20,2.42444930665735,1.43026031668154,20,10,0,3.13475998969076,0.344836594189614,20,-180,-8.19171376684769
0.31872271467571,-40,0.847852902077836,28.3,0.3,20,2.42444930665735,1.43026031668154,20,10,0,3.13475998969076,0.344836594189614,20,-178,-8.08992310644392
0.31872271467571,-40,0.847852902077836,28.3,0.3,20,2.42444930665735,1.43026031668154,20,10,0,3.13475998969076,0.344836594189614,20,-176,-7.9524250894501
0.31872271467571,-40,0.847852902077836,28.3,0.3,20,2.42444930665735,1.43026031668154,20,10,0,3.13475998969076,0.344836594189614,20,-174,-7.82791376225901
0.31872271467571,-40,0.847852902077836,28.3,0.3,20,2.42444930665735,1.43026031668154,20,10,0,3.13475998969076,0.344836594189614,20,-172,-7.77421509899493
0.31872271467571,-40,0.847852902077836,28.3,0.3,20,2.42444930665735,1.43026031668154,20,10,0,3.13475998969076,0.344836594189614,20,-170,-7.84903155564666
0.31872271467571,-40,0.847852902077836,28.3,0.3,20,2.42444930665735,1.43026031668154,20,10,0,3.13475998969076,0.344836594189614,20,-168,-8.10482730962246
0.31872271467571,-40,0.847852902077836,28.3,0.3,20,2.42444930665735,1.43026031668154,20,10,0,3.13475998969076,0.344836594189614,20,-166,-8.5875898505403
0.31872271467571,-40,0.847852902077836,28.3,0.3,20,2.42444930665735,1.43026031668154,20,10,0,3.13475998969076,0.344836594189614,20,-164,-9.336929624949
0.31872271467571,-40,0.847852902077836,28.3,0.3,20,2.42444930665735,1.43026031668154,20,10,0,3.13475998969076,0.344836594189614,20,-162,-10.3821294624419
0.31872271467571,-40,0.847852902077836,28.3,0.3,20,2.42444930665735,1.43026031668154,20,10,0,3.13475998969076,0.344836594189614,20,-160,-11.7211491608785
0.31872271467571,-40,0.847852902077836,28.3,0.3,20,2.42444930665735,1.43026031668154,20,10,0,3.13475998969076,0.344836594189614,20,-158,-13.2515246392671
0.31872271467571,-40,0.847852902077836,28.3,0.3,20,2.42444930665735,1.43026031668154,20,10,0,3.13475998969076,0.344836594189614,20,-156,-14.6240563914275
0.31872271467571,-40,0.847852902077836,28.3,0.3,20,2.42444930665735,1.43026031668154,20,10,0,3.13475998969076,0.344836594189614,20,-154,-15.2332650800804
0.31872271467571,-40,0.847852902077836,28.3,0.3,20,2.42444930665735,1.43026031668154,20,10,0,3.13475998969076,0.344836594189614,20,-152,-14.8572076020644
0.31872271467571,-40,0.847852902077836,28.3,0.3,20,2.42444930665735,1.43026031668154,20,10,0,3.13475998969076,0.344836594189614,20,-150,-14.0355936759723
0.31872271467571,-40,0.847852902077836,28.3,0.3,20,2.42444930665735,1.43026031668154,20,10,0,3.13475998969076,0.344836594189614,20,-148,-13.3530369005362
0.31872271467571,-40,0.847852902077836,28.3,0.3,20,2.42444930665735,1.43026031668154,20,10,0,3.13475998969076,0.344836594189614,20,-146,-13.0834910546162
0.31872271467571,-40,0.847852902077836,28.3,0.3,20,2.42444930665735,1.43026031668154,20,10,0,3.13475998969076,0.344836594189614,20,-144,-13.3149174267455
0.31872271467571,-40,0.847852902077836,28.3,0.3,20,2.42444930665735,1.43026031668154,20,10,0,3.13475998969076,0.344836594189614,20,-142,-14.0624911796634
0.31872271467571,-40,0.847852902077836,28.3,0.3,20,2.42444930665735,1.43026031668154,20,10,0,3.13475998969076,0.344836594189614,20,-140,-15.3034465503384
0.31872271467571,-40,0.847852902077836,28.3,0.3,20,2.42444930665735,1.43026031668154,20,10,0,3.13475998969076,0.344836594189614,20,-138,-16.9658839019535
0.31872271467571,-40,0.847852902077836,28.3,0.3,20,2.42444930665735,1.43026031668154,20,10,0,3.13475998969076,0.344836594189614,20,-136,-18.8795736939463
0.31872271467571,-40,0.847852902077836,28.3,0.3,20,2.42444930665735,1.43026031668154,20,10,0,3.13475998969076,0.344836594189614,20,-134,-20.6743738097052
0.31872271467571,-40,0.847852902077836,28.3,0.3,20,2.42444930665735,1.43026031668154,20,10,0,3.13475998969076,0.344836594189614,20,-132,-21.6792592109418
0.31872271467571,-40,0.847852902077836,28.3,0.3,20,2.42444930665735,1.43026031668154,20,10,0,3.13475998969076,0.344836594189614,20,-130,-21.2818892031109
0.31872271467571,-40,0.847852902077836,28.3,0.3,20,2.42444930665735,1.43026031668154,20,10,0,3.13475998969076,0.344836594189614,20,-128,-19.7635459319101
0.31872271467571,-40,0.847852902077836,28.3,0.3,20,2.42444930665735,1.43026031668154,20,10,0,3.13475998969076,0.344836594189614,20,-126,-17.9354043097595
0.31872271467571,-40,0.847852902077836,28.3,0.3,20,2.42444930665735,1.43026031668154,20,10,0,3.13475998969076,0.344836594189614,20,-124,-16.3131642506319
0.31872271467571,-40,0.847852902077836,28.3,0.3,20,2.42444930665735,1.43026031668154,20,10,0,3.13475998969076,0.344836594189614,20,-122,-15.0816292116334
0.31872271467571,-40,0.847852902077836,28.3,0.3,20,2.42444930665735,1.43026031668154,20,10,0,3.13475998969076,0.344836594189614,20,-120,-14.2721704995983
0.31872271467571,-40,0.847852902077836,28.3,0.3,20,2.42444930665735,1.43026031668154,20,10,0,3.13475998969076,0.344836594189614,20,-118,-13.8546411830098
0.31872271467571,-40,0.847852902077836,28.3,0.3,20,2.42444930665735,1.43026031668154,20,10,0,3.13475998969076,0.344836594189614,20,-116,-13.766317955909
0.31872271467571,-40,0.847852902077836,28.3,0.3,20,2.42444930665735,1.43026031668154,20,10,0,3.13475998969076,0.344836594189614,20,-114,-13.9118581125407
0.31872271467571,-40,0.847852902077836,28.3,0.3,20,2.42444930665735,1.43026031668154,20,10,0,3.13475998969076,0.344836594189614,20,-112,-14.1521549516847
0.31872271467571,-40,0.847852902077836,28.3,0.3,20,2.42444930665735,1.43026031668154,20,10,0,3.13475998969076,0.344836594189614,20,-110,-14.3058786201994
0.31872271467571,-40,0.847852902077836,28.3,0.3,20,2.42444930665735,1.43026031668154,20,10,0,3.13475998969076,0.344836594189614,20,-108,-14.2001072860312
0.31872271467571,-40,0.847852902077836,28.3,0.3,20,2.42444930665735,1.43026031668154,20,10,0,3.13475998969076,0.344836594189614,20,-106,-13.7640083781673
0.31872271467571,-40,0.847852902077836,28.3,0.3,20,2.42444930665735,1.43026031668154,20,10,0,3.13475998969076,0.344836594189614,20,-104,-13.0662272138646
0.31872271467571,-40,0.847852902077836,28.3,0.3,20,2.42444930665735,1.43026031668154,20,10,0,3.13475998969076,0.344836594189614,20,-102,-12.2439714029171
0.31872271467571,-40,0.847852902077836,28.3,0.3,20,2.42444930665735,1.43026031668154,20,10,0,3.13475998969076,0.344836594189614,20,-100,-11.4173137594358
0.31872271467571,-40,0.847852902077836,28.3,0.3,20,2.42444930665735,1.43026031668154,20,10,0,3.13475998969076,0.344836594189614,20,-98,-10.6607276030357
0.31872271467571,-40,0.847852902077836,28.3,0.3,20,2.42444930665735,1.43026031668154,20,10,0,3.13475998969076,0.344836594189614,20,-96,-10.0127713490983
0.31872271467571,-40,0.847852902077836,28.3,0.3,20,2.42444930665735,1.43026031668154,20,10,0,3.13475998969076,0.344836594189614,20,-94,-9.49073451835239
0.31872271467571,-40,0.847852902077836,28.3,0.3,20,2.42444930665735,1.43026031668154,20,10,0,3.13475998969076,0.344836594189614,20,-92,-9.09741531065753
0.31872271467571,-40,0.847852902077836,28.3,0.3,20,2.42444930665735,1.43026031668154,20,10,0,3.13475998969076,0.344836594189614,20,-90,-8.8196050173341
0.31872271467571,-40,0.847852902077836,28.3,0.3,20,2.42444930665735,1.43026031668154,20,10,0,3.13475998969076,0.344836594189614,20,-88,-8.62214432704453
0.31872271467571,-40,0.847852902077836,28.3,0.3,20,2.42444930665735,1.43026031668154,20,10,0,3.13475998969076,0.344836594189614,20,-86,-8.4445585650736
0.31872271467571,-40,0.847852902077836,28.3,0.3,20,2.42444930665735,1.43026031668154,20,10,0,3.13475998969076,0.344836594189614,20,-84,-8.21114719678173
0.31872271467571,-40,0.847852902077836,28.3,0.3,20,2.42444930665735,1.43026031668154,20,10,0,3.13475998969076,0.344836594189614,20,-82,-7.86191204327958
0.31872271467571,-40,0.847852902077836,28.3,0.3,20,2.42444930665735,1.43026031668154,20,10,0,3.13475998969076,0.344836594189614,20,-80,-7.38963271693644
0.31872271467571,-40,0.847852902077836,28.3,0.3,20,2.42444930665735,1.43026031668154,20,10,0,3.13475998969076,0.344836594189614,20,-78,-6.84831558583316
0.31872271467571,-40,0.847852902077836,28.3,0.3,20,2.42444930665735,1.43026031668154,20,10,0,3.13475998969076,0.344836594189614,20,-76,-6.32191664562682
0.31872271467571,-40,0.847852902077836,28.3,0.3,20,2.42444930665735,1.43026031668154,20,10,0,3.13475998969076,0.344836594189614,20,-74,-5.88196349946274
0.31872271467571,-40,0.847852902077836,28.3,0.3,20,2.42444930665735,1.43026031668154,20,10,0,3.13475998969076,0.344836594189614,20,-72,-5.56002971740451
0.31872271467571,-40,0.847852902077836,28.3,0.3,20,2.42444930665735,1.43026031668154,20,10,0,3.13475998969076,0.344836594189614,20,-70,-5.33633535964336
0.31872271467571,-40,0.847852902077836,28.3,0.3,20,2.42444930665735,1.43026031668154,20,10,0,3.13475998969076,0.344836594189614,20,-68,-5.14046711070461
0.31872271467571,-40,0.847852902077836,28.3,0.3,20,2.42444930665735,1.43026031668154,20,10,0,3.13475998969076,0.344836594189614,20,-66,-4.87240959845014
0.31872271467571,-40,0.847852902077836,28.3,0.3,20,2.42444930665735,1.43026031668154,20,10,0,3.13475998969076,0.344836594189614,20,-64,-4.45325406144373
0.31872271467571,-40,0.847852902077836,28.3,0.3,20,2.42444930665735,1.43026031668154,20,10,0,3.13475998969076,0.344836594189614,20,-62,-3.87965353691472
0.31872271467571,-40,0.847852902077836,28.3,0.3,20,2.42444930665735,1.43026031668154,20,10,0,3.13475998969076,0.344836594189614,20,-60,-3.2276405040854
0.31872271467571,-40,0.847852902077836,28.3,0.3,20,2.42444930665735,1.43026031668154,20,10,0,3.13475998969076,0.344836594189614,20,-58,-2.60221834364586
0.31872271467571,-40,0.847852902077836,28.3,0.3,20,2.42444930665735,1.43026031668154,20,10,0,3.13475998969076,0.344836594189614,20,-56,-2.08624426274644
0.31872271467571,-40,0.847852902077836,28.3,0.3,20,2.42444930665735,1.43026031668154,20,10,0,3.13475998969076,0.344836594189614,20,-54,-1.71899281090857
0.31872271467571,-40,0.847852902077836,28.3,0.3,20,2.42444930665735,1.43026031668154,20,10,0,3.13475998969076,0.344836594189614,20,-52,-1.49531222382808
0.31872271467571,-40,0.847852902077836,28.3,0.3,20,2.42444930665735,1.43026031668154,20,10,0,3.13475998969076,0.344836594189614,20,-50,-1.37192031949577
0.31872271467571,-40,0.847852902077836,28.3,0.3,20,2.42444930665735,1.43026031668154,20,10,0,3.13475998969076,0.344836594189614,20,-48,-1.279184858894
0.31872271467571,-40,0.847852902077836,28.3,0.3,20,2.42444930665735,1.43026031668154,20,10,0,3.13475998969076,0.344836594189614,20,-46,-1.14340604104184
0.31872271467571,-40,0.847852902077836,28.3,0.3,20,2.42444930665735,1.43026031668154,20,10,0,3.13475998969076,0.344836594189614,20,-44,-0.917389710284904
0.31872271467571,-40,0.847852902077836,28.3,0.3,20,2.42444930665735,1.43026031668154,20,10,0,3.13475998969076,0.344836594189614,20,-42,-0.601066908778286
0.31872271467571,-40,0.847852902077836,28.3,0.3,20,2.42444930665735,1.43026031668154,20,10,0,3.13475998969076,0.344836594189614,20,-40,-0.234466645176583
0.31872271467571,-40,0.847852902077836,28.3,0.3,20,2.42444930665735,1.43026031668154,20,10,0,3.13475998969076,0.344836594189614,20,-38,0.129569094074082
0.31872271467571,-40,0.847852902077836,28.3,0.3,20,2.42444930665735,1.43026031668154,20,10,0,3.13475998969076,0.344836594189614,20,-36,0.450318463313723
0.31872271467571,-40,0.847852902077836,28.3,0.3,20,2.42444930665735,1.43026031668154,20,10,0,3.13475998969076,0.344836594189614,20,-34,0.71009117428147
0.31872271467571,-40,0.847852902077836,28.3,0.3,20,2.42444930665735,1.43026031668154,20,10,0,3.13475998969076,0.344836594189614,20,-32,0.913506928363844
0.31872271467571,-40,0.847852902077836,28.3,0.3,20,2.42444930665735,1.43026031668154,20,10,0,3.13475998969076,0.344836594189614,20,-30,1.08063112588906
0.31872271467571,-40,0.847852902077836,28.3,0.3,20,2.42444930665735,1.43026031668154,20,10,0,3.13475998969076,0.344836594189614,20,-28,1.2372883492632
0.31872271467571,-40,0.847852902077836,28.3,0.3,20,2.42444930665735,1.43026031668154,20,10,0,3.13475998969076,0.344836594189614,20,-26,1.40494073474569
0.31872271467571,-40,0.847852902077836,28.3,0.3,20,2.42444930665735,1.43026031668154,20,10,0,3.13475998969076,0.344836594189614,20,-24,1.59331603266051
0.31872271467571,-40,0.847852902077836,28.3,0.3,20,2.42444930665735,1.43026031668154,20,10,0,3.13475998969076,0.344836594189614,20,-22,1.79871370711257
0.31872271467571,-40,0.847852902077836,28.3,0.3,20,2.42444930665735,1.43026031668154,20,10,0,3.13475998969076,0.344836594189614,20,-20,2.00809207513826
0.31872271467571,-40,0.847852902077836,28.3,0.3,20,2.42444930665735,1.43026031668154,20,10,0,3.13475998969076,0.344836594189614,20,-18,2.20584834051716
0.31872271467571,-40,0.847852902077836,28.3,0.3,20,2.42444930665735,1.43026031668154,20,10,0,3.13475998969076,0.344836594189614,20,-16,2.37959820483569
0.31872271467571,-40,0.847852902077836,28.3,0.3,20,2.42444930665735,1.43026031668154,20,10,0,3.13475998969076,0.344836594189614,20,-14,2.52306460722739
0.31872271467571,-40,0.847852902077836,28.3,0.3,20,2.42444930665735,1.43026031668154,20,10,0,3.13475998969076,0.344836594189614,20,-12,2.63617063394356
0.31872271467571,-40,0.847852902077836,28.3,0.3,20,2.42444930665735,1.43026031668154,20,10,0,3.13475998969076,0.344836594189614,20,-10,2.72334567399743
0.31872271467571,-40,0.847852902077836,28.3,0.3,20,2.42444930665735,1.43026031668154,20,10,0,3.13475998969076,0.344836594189614,20,-8,2.79111143059408
0.31872271467571,-40,0.847852902077836,28.3,0.3,20,2.42444930665735,1.43026031668154,20,10,0,3.13475998969076,0.344836594189614,20,-6,2.84577769017492
0.31872271467571,-40,0.847852902077836,28.3,0.3,20,2.42444930665735,1.43026031668154,20,10,0,3.13475998969076,0.344836594189614,20,-4,2.89179992862426
0.31872271467571,-40,0.847852902077836,28.3,0.3,20,2.42444930665735,1.43026031668154,20,10,0,3.13475998969076,0.344836594189614,20,-2,2.93104016633587
0.31872271467571,-40,0.847852902077836,28.3,0.3,20,2.42444930665735,1.43026031668154,20,10,0,3.13475998969076,0.344836594189614,20,0,2.96284093212218
0.31872271467571,-40,0.847852902077836,28.3,0.3,20,2.42444930665735,1.43026031668154,20,10,0,3.13475998969076,0.344836594189614,20,2,2.98457820226654
0.31872271467571,-40,0.847852902077836,28.3,0.3,20,2.42444930665735,1.43026031668154,20,10,0,3.13475998969076,0.344836594189614,20,4,2.992315696208
0.31872271467571,-40,0.847852902077836,28.3,0.3,20,2.42444930665735,1.43026031668154,20,10,0,3.13475998969076,0.344836594189614,20,6,2.98133813013936
0.31872271467571,-40,0.847852902077836,28.3,0.3,20,2.42444930665735,1.43026031668154,20,10,0,3.13475998969076,0.344836594189614,20,8,2.94657321143864
0.31872271467571,-40,0.847852902077836,28.3,0.3,20,2.42444930665735,1.43026031668154,20,10,0,3.13475998969076,0.344836594189614,20,10,2.88307556652425
0.31872271467571,-40,0.847852902077836,28.3,0.3,20,2.42444930665735,1.43026031668154,20,10,0,3.13475998969076,0.344836594189614,20,12,2.78676293750074
0.31872271467571,-40,0.847852902077836,28.3,0.3,20,2.42444930665735,1.43026031668154,20,10,0,3.13475998969076,0.344836594189614,20,14,2.6554772011666
0.31872271467571,-40,0.847852902077836,28.3,0.3,20,2.42444930665735,1.43026031668154,20,10,0,3.13475998969076,0.344836594189614,20,16,2.49024521489096
0.31872271467571,-40,0.847852902077836,28.3,0.3,20,2.42444930665735,1.43026031668154,20,10,0,3.13475998969076,0.344836594189614,20,18,2.2963784960732
0.31872271467571,-40,0.847852902077836,28.3,0.3,20,2.42444930665735,1.43026031668154,20,10,0,3.13475998969076,0.344836594189614,20,20,2.08380193524317
0.31872271467571,-40,0.847852902077836,28.3,0.3,20,2.42444930665735,1.43026031668154,20,10,0,3.13475998969076,0.344836594189614,20,22,1.86584221386559
0.31872271467571,-40,0.847852902077836,28.3,0.3,20,2.42444930665735,1.43026031668154,20,10,0,3.13475998969076,0.344836594189614,20,24,1.65592704212869
0.31872271467571,-40,0.847852902077836,28.3,0.3,20,2.42444930665735,1.43026031668154,20,10,0,3.13475998969076,0.344836594189614,20,26,1.46259849391755
0.31872271467571,-40,0.847852902077836,28.3,0.3,20,2.42444930665735,1.43026031668154,20,10,0,3.13475998969076,0.344836594189614,20,28,1.28474788220347
0.31872271467571,-40,0.847852902077836,28.3,0.3,20,2.42444930665735,1.43026031668154,20,10,0,3.13475998969076,0.344836594189614,20,30,1.10983480439925
0.31872271467571,-40,0.847852902077836,28.3,0.3,20,2.42444930665735,1.43026031668154,20,10,0,3.13475998969076,0.344836594189614,20,32,0.916782458660899
0.31872271467571,-40,0.847852902077836,28.3,0.3,20,2.42444930665735,1.43026031668154,20,10,0,3.13475998969076,0.344836594189614,20,34,0.682804172262389
0.31872271467571,-40,0.847852902077836,28.3,0.3,20,2.42444930665735,1.43026031668154,20,10,0,3.13475998969076,0.344836594189614,20,36,0.391765038296201
0.31872271467571,-40,0.847852902077836,28.3,0.3,20,2.42444930665735,1.43026031668154,20,10,0,3.13475998969076,0.344836594189614,20,38,0.0418140771047073
0.31872271467571,-40,0.847852902077836,28.3,0.3,20,2.42444930665735,1.43026031668154,20,10,0,3.13475998969076,0.344836594189614,20,40,-0.349393177546661
0.31872271467571,-40,0.847852902077836,28.3,0.3,20,2.42444930665735,1.43026031668154,20,10,0,3.13475998969076,0.344836594189614,20,42,-0.744279302505281
0.31872271467571,-40,0.847852902077836,28.3,0.3,20,2.42444930665735,1.43026031668154,20,10,0,3.13475998969076,0.344836594189614,20,44,-1.09370379511215
0.31872271467571,-40,0.847852902077836,28.3,0.3,20,2.42444930665735,1.43026031668154,20,10,0,3.13475998969076,0.344836594189614,20,46,-1.35625446252288
0.31872271467571,-40,0.847852902077836,28.3,0.3,20,2.42444930665735,1.43026031668154,20,10,0,3.13475998969076,0.344836594189614,20,48,-1.52121311519201
0.31872271467571,-40,0.847852902077836,28.3,0.3,20,2.42444930665735,1.43026031668154,20,10,0,3.13475998969076,0.344836594189614,20,50,-1.61860286644095
0.31872271467571,-40,0.847852902077836,28.3,0.3,20,2.42444930665735,1.43026031668154,20,10,0,3.13475998969076,0.344836594189614,20,52,-1.70726362769755
0.31872271467571,-40,0.847852902077836,28.3,0.3,20,2.42444930665735,1.43026031668154,20,10,0,3.13475998969076,0.344836594189614,20,54,-1.8510782373234
0.31872271467571,-40,0.847852902077836,28.3,0.3,20,2.42444930665735,1.43026031668154,20,10,0,3.13475998969076,0.344836594189614,20,56,-2.09913261969892
0.31872271467571,-40,0.847852902077836,28.3,0.3,20,2.42444930665735,1.43026031668154,20,10,0,3.13475998969076,0.344836594189614,20,58,-2.47533357623369
0.31872271467571,-40,0.847852902077836,28.3,0.3,20,2.42444930665735,1.43026031668154,20,10,0,3.13475998969076,0.344836594189614,20,60,-2.97426313306287
0.31872271467571,-40,0.847852902077836,28.3,0.3,20,2.42444930665735,1.43026031668154,20,10,0,3.13475998969076,0.344836594189614,20,62,-3.56001157622767
0.31872271467571,-40,0.847852902077836,28.3,0.3,20,2.42444930665735,1.43026031668154,20,10,0,3.13475998969076,0.344836594189614,20,64,-4.16973867281187
0.31872271467571,-40,0.847852902077836,28.3,0.3,20,2.42444930665735,1.43026031668154,20,10,0,3.13475998969076,0.344836594189614,20,66,-4.72831051892344
0.31872271467571,-40,0.847852902077836,28.3,0.3,20,2.42444930665735,1.43026031668154,20,10,0,3.13475998969076,0.344836594189614,20,68,-5.17666395370938
0.31872271467571,-40,0.847852902077836,28.3,0.3,20,2.42444930665735,1.43026031668154,20,10,0,3.13475998969076,0.344836594189614,20,70,-5.50025171416938
0.31872271467571,-40,0.847852902077836,28.3,0.3,20,2.42444930665735,1.43026031668154,20,10,0,3.13475998969076,0.344836594189614,20,72,-5.73381571754877
0.31872271467571,-40,0.847852902077836,28.3,0.3,20,2.42444930665735,1.43026031668154,20,10,0,3.13475998969076,0.344836594189614,20,74,-5.93843070088585
0.31872271467571,-40,0.847852902077836,28.3,0.3,20,2.42444930665735,1.43026031668154,20,10,0,3.13475998969076,0.344836594189614,20,76,-6.1725326917759
0.31872271467571,-40,0.847852902077836,28.3,0.3,20,2.42444930665735,1.43026031668154,20,10,0,3.13475998969076,0.344836594189614,20,78,-6.47547373260701
0.31872271467571,-40,0.847852902077836,28.3,0.3,20,2.42444930665735,1.43026031668154,20,10,0,3.13475998969076,0.344836594189614,20,80,-6.86417190489414
0.31872271467571,-40,0.847852902077836,28.3,0.3,20,2.42444930665735,1.43026031668154,20,10,0,3.13475998969076,0.344836594189614,20,82,-7.33532812844874
0.31872271467571,-40,0.847852902077836,28.3,0.3,20,2.42444930665735,1.43026031668154,20,10,0,3.13475998969076,0.344836594189614,20,84,-7.86759886757836
0.31872271467571,-40,0.847852902077836,28.3,0.3,20,2.42444930665735,1.43026031668154,20,10,0,3.13475998969076,0.344836594189614,20,86,-8.42255084650886
0.31872271467571,-40,0.847852902077836,28.3,0.3,20,2.42444930665735,1.43026031668154,20,10,0,3.13475998969076,0.344836594189614,20,88,-8.94761532895525
0.31872271467571,-40,0.847852902077836,28.3,0.3,20,2.42444930665735,1.43026031668154,20,10,0,3.13475998969076,0.344836594189614,20,90,-9.38740201262842
0.31872271467571,-40,0.847852902077836,28.3,0.3,20,2.42444930665735,1.43026031668154,20,10,0,3.13475998969076,0.344836594189614,20,92,-9.70651533475919
0.31872271467571,-40,0.847852902077836,28.3,0.3,20,2.42444930665735,1.43026031668154,20,10,0,3.13475998969076,0.344836594189614,20,94,-9.91355862423383
0.31872271467571,-40,0.847852902077836,28.3,0.3,20,2.42444930665735,1.43026031668154,20,10,0,3.13475998969076,0.344836594189614,20,96,-10.0661599047129
0.31872271467571,-40,0.847852902077836,28.3,0.3,20,2.42444930665735,1.43026031668154,20,10,0,3.13475998969076,0.344836594189614,20,98,-10.2510199917827
0.31872271467571,-40,0.847852902077836,28.3,0.3,20,2.42444930665735,1.43026031668154,20,10,0,3.13475998969076,0.344836594189614,20,100,-10.5555771454861
0.31872271467571,-40,0.847852902077836,28.3,0.3,20,2.42444930665735,1.43026031668154,20,10,0,3.13475998969076,0.344836594189614,20,102,-11.0478887628836
0.31872271467571,-40,0.847852902077836,28.3,0.3,20,2.42444930665735,1.43026031668154,20,10,0,3.13475998969076,0.344836594189614,20,104,-11.7652773737691
0.31872271467571,-40,0.847852902077836,28.3,0.3,20,2.42444930665735,1.43026031668154,20,10,0,3.13475998969076,0.344836594189614,20,106,-12.7013768514558
0.31872271467571,-40,0.847852902077836,28.3,0.3,20,2.42444930665735,1.43026031668154,20,10,0,3.13475998969076,0.344836594189614,20,108,-13.7796443197588
0.31872271467571,-40,0.847852902077836,28.3,0.3,20,2.42444930665735,1.43026031668154,20,10,0,3.13475998969076,0.344836594189614,20,110,-14.8158138202506
0.31872271467571,-40,0.847852902077836,28.3,0.3,20,2.42444930665735,1.43026031668154,20,10,0,3.13475998969076,0.344836594189614,20,112,-15.5328944833787
0.31872271467571,-40,0.847852902077836,28.3,0.3,20,2.42444930665735,1.43026031668154,20,10,0,3.13475998969076,0.344836594189614,20,114,-15.7416524927393
0.31872271467571,-40,0.847852902077836,28.3,0.3,20,2.42444930665735,1.43026031668154,20,10,0,3.13475998969076,0.344836594189614,20,116,-15.5499404284078
0.31872271467571,-40,0.847852902077836,28.3,0.3,20,2.42444930665735,1.43026031668154,20,10,0,3.13475998969076,0.344836594189614,20,118,-15.2664463570993
0.31872271467571,-40,0.847852902077836,28.3,0.3,20,2.42444930665735,1.43026031668154,20,10,0,3.13475998969076,0.344836594189614,20,120,-15.1660824998956
0.31872271467571,-40,0.847852902077836,28.3,0.3,20,2.42444930665735,1.43026031668154,20,10,0,3.13475998969076,0.344836594189614,20,122,-15.4102416384588
0.31872271467571,-40,0.847852902077836,28.3,0.3,20,2.42444930665735,1.43026031668154,20,10,0,3.13475998969076,0.344836594189614,20,124,-16.0666167343409
0.31872271467571,-40,0.847852902077836,28.3,0.3,20,2.42444930665735,1.43026031668154,20,10,0,3.13475998969076,0.344836594189614,20,126,-17.119593547357
0.31872271467571,-40,0.847852902077836,28.3,0.3,20,2.42444930665735,1.43026031668154,20,10,0,3.13475998969076,0.344836594189614,20,128,-18.4346062662532
0.31872271467571,-40,0.847852902077836,28.3,0.3,20,2.42444930665735,1.43026031668154,20,10,0,3.13475998969076,0.344836594189614,20,130,-19.6834215670829
0.31872271467571,-40,0.847852902077836,28.3,0.3,20,2.42444930665735,1.43026031668154,20,10,0,3.13475998969076,0.344836594189614,20,132,-20.3430109632728
0.31872271467571,-40,0.847852902077836,28.3,0.3,20,2.42444930665735,1.43026031668154,20,10,0,3.13475998969076,0.344836594189614,20,134,-19.9962966174583
0.31872271467571,-40,0.847852902077836,28.3,0.3,20,2.42444930665735,1.43026031668154,20,10,0,3.13475998969076,0.344836594189614,20,136,-18.733396832426
0.31872271467571,-40,0.847852902077836,28.3,0.3,20,2.42444930665735,1.43026031668154,20,10,0,3.13475998969076,0.344836594189614,20,138,-17.0344841840151
0.31872271467571,-40,0.847852902077836,28.3,0.3,20,2.42444930665735,1.43026031668154,20,10,0,3.13475998969076,0.344836594189614,20,140,-15.3690130557311
0.31872271467571,-40,0.847852902077836,28.3,0.3,20,2.42444930665735,1.43026031668154,20,10,0,3.13475998969076,0.344836594189614,20,142,-14.0273957136579
0.31872271467571,-40,0.847852902077836,28.3,0.3,20,2.42444930665735,1.43026031668154,20,10,0,3.13475998969076,0.344836594189614,20,144,-13.150754211324
0.31872271467571,-40,0.847852902077836,28.3,0.3,20,2.42444930665735,1.43026031668154,20,10,0,3.13475998969076,0.344836594189614,20,146,-12.7929491910373
0.31872271467571,-40,0.847852902077836,28.3,0.3,20,2.42444930665735,1.43026031668154,20,10,0,3.13475998969076,0.344836594189614,20,148,-12.949288001703
0.31872271467571,-40,0.847852902077836,28.3,0.3,20,2.42444930665735,1.43026031668154,20,10,0,3.13475998969076,0.344836594189614,20,150,-13.5298466060122
0.31872271467571,-40,0.847852902077836,28.3,0.3,20,2.42444930665735,1.43026031668154,20,10,0,3.13475998969076,0.344836594189614,20,152,-14.2513776271778
0.31872271467571,-40,0.847852902077836,28.3,0.3,20,2.42444930665735,1.43026031668154,20,10,0,3.13475998969076,0.344836594189614,20,154,-14.5370540174578
0.31872271467571,-40,0.847852902077836,28.3,0.3,20,2.42444930665735,1.43026031668154,20,10,0,3.13475998969076,0.344836594189614,20,156,-13.9013378366355
0.31872271467571,-40,0.847852902077836,28.3,0.3,20,2.42444930665735,1.43026031668154,20,10,0,3.13475998969076,0.344836594189614,20,158,-12.5941153520433
0.31872271467571,-40,0.847852902077836,28.3,0.3,20,2.42444930665735,1.43026031668154,20,10,0,3.13475998969076,0.344836594189614,20,160,-11.1891139445951
0.31872271467571,-40,0.847852902077836,28.3,0.3,20,2.42444930665735,1.43026031668154,20,10,0,3.13475998969076,0.344836594189614,20,162,-10.0058368782602
0.31872271467571,-40,0.847852902077836,28.3,0.3,20,2.42444930665735,1.43026031668154,20,10,0,3.13475998969076,0.344836594189614,20,164,-9.12981619351232
0.31872271467571,-40,0.847852902077836,28.3,0.3,20,2.42444930665735,1.43026031668154,20,10,0,3.13475998969076,0.344836594189614,20,166,-8.54863282922578
0.31872271467571,-40,0.847852902077836,28.3,0.3,20,2.42444930665735,1.43026031668154,20,10,0,3.13475998969076,0.344836594189614,20,168,-8.21706452267254
0.31872271467571,-40,0.847852902077836,28.3,0.3,20,2.42444930665735,1.43026031668154,20,10,0,3.13475998969076,0.344836594189614,20,170,-8.07849861353332
0.31872271467571,-40,0.847852902077836,28.3,0.3,20,2.42444930665735,1.43026031668154,20,10,0,3.13475998969076,0.344836594189614,20,172,-8.07119382550935
0.31872271467571,-40,0.847852902077836,28.3,0.3,20,2.42444930665735,1.43026031668154,20,10,0,3.13475998969076,0.344836594189614,20,174,-8.13169445757276
0.31872271467571,-40,0.847852902077836,28.3,0.3,20,2.42444930665735,1.43026031668154,20,10,0,3.13475998969076,0.344836594189614,20,176,-8.20020437659493
0.31872271467571,-40,0.847852902077836,28.3,0.3,20,2.42444930665735,1.43026031668154,20,10,0,3.13475998969076,0.344836594189614,20,178,-8.22897336736402
0.31872271467571,-40,0.847852902077836,28.3,0.3,20,2.42444930665735,1.43026031668154,20,10,0,3.13475998969076,0.344836594189614,20,180,-8.19171376684769
0.31872271467571,-40,0.847852902077836,28.4,0.3,20,2.42444930665735,1.43026031668154,20,10,0,3.13475998969076,0.344836594189614,20,-180,-8.29022175889986
0.31872271467571,-40,0.847852902077836,28.4,0.3,20,2.42444930665735,1.43026031668154,20,10,0,3.13475998969076,0.344836594189614,20,-178,-8.17921773240159
0.31872271467571,-40,0.847852902077836,28.4,0.3,20,2.42444930665735,1.43026031668154,20,10,0,3.13475998969076,0.344836594189614,20,-176,-8.01975392256124
0.31872271467571,-40,0.847852902077836,28.4,0.3,20,2.42444930665735,1.43026031668154,20,10,0,3.13475998969076,0.344836594189614,20,-174,-7.86392703575654
0.31872271467571,-40,0.847852902077836,28.4,0.3,20,2.42444930665735,1.43026031668154,20,10,0,3.13475998969076,0.344836594189614,20,-172,-7.77281956835948
0.31872271467571,-40,0.847852902077836,28.4,0.3,20,2.42444930665735,1.43026031668154,20,10,0,3.13475998969076,0.344836594189614,20,-170,-7.80632920761578
0.31872271467571,-40,0.847852902077836,28.4,0.3,20,2.42444930665735,1.43026031668154,20,10,0,3.13475998969076,0.344836594189614,20,-168,-8.01787212186998
0.31872271467571,-40,0.847852902077836,28.4,0.3,20,2.42444930665735,1.43026031668154,20,10,0,3.13475998969076,0.344836594189614,20,-166,-8.45352976832068
0.31872271467571,-40,0.847852902077836,28.4,0.3,20,2.42444930665735,1.43026031668154,20,10,0,3.13475998969076,0.344836594189614,20,-164,-9.15307666552087
0.31872271467571,-40,0.847852902077836,28.4,0.3,20,2.42444930665735,1.43026031668154,20,10,0,3.13475998969076,0.344836594189614,20,-162,-10.1481428164259
0.31872271467571,-40,0.847852902077836,28.4,0.3,20,2.42444930665735,1.43026031668154,20,10,0,3.13475998969076,0.344836594189614,20,-160,-11.4466928576298
0.31872271467571,-40,0.847852902077836,28.4,0.3,20,2.42444930665735,1.43026031668154,20,10,0,3.13475998969076,0.344836594189614,20,-158,-12.9767770774436
0.31872271467571,-40,0.847852902077836,28.4,0.3,20,2.42444930665735,1.43026031668154,20,10,0,3.13475998969076,0.344836594189614,20,-156,-14.4504793554327
0.31872271467571,-40,0.847852902077836,28.4,0.3,20,2.42444930665735,1.43026031668154,20,10,0,3.13475998969076,0.344836594189614,20,-154,-15.2788967374449
0.31872271467571,-40,0.847852902077836,28.4,0.3,20,2.42444930665735,1.43026031668154,20,10,0,3.13475998969076,0.344836594189614,20,-152,-15.089158596995
0.31872271467571,-40,0.847852902077836,28.4,0.3,20,2.42444930665735,1.43026031668154,20,10,0,3.13475998969076,0.344836594189614,20,-150,-14.3167283577456
0.31872271467571,-40,0.847852902077836,28.4,0.3,20,2.42444930665735,1.43026031668154,20,10,0,3.13475998969076,0.344836594189614,20,-148,-13.599377729964
0.31872271467571,-40,0.847852902077836,28.4,0.3,20,2.42444930665735,1.43026031668154,20,10,0,3.13475998969076,0.344836594189614,20,-146,-13.267213403069
0.31872271467571,-40,0.847852902077836,28.4,0.3,20,2.42444930665735,1.43026031668154,20,10,0,3.13475998969076,0.344836594189614,20,-144,-13.4287696704474
0.31872271467571,-40,0.847852902077836,28.4,0.3,20,2.42444930665735,1.43026031668154,20,10,0,3.13475998969076,0.344836594189614,20,-142,-14.1018378149248
0.31872271467571,-40,0.847852902077836,28.4,0.3,20,2.42444930665735,1.43026031668154,20,10,0,3.13475998969076,0.344836594189614,20,-140,-15.259829767526
0.31872271467571,-40,0.847852902077836,28.4,0.3,20,2.42444930665735,1.43026031668154,20,10,0,3.13475998969076,0.344836594189614,20,-138,-16.8277938481775
0.31872271467571,-40,0.847852902077836,28.4,0.3,20,2.42444930665735,1.43026031668154,20,10,0,3.13475998969076,0.344836594189614,20,-136,-18.6463445152096
0.31872271467571,-40,0.847852902077836,28.4,0.3,20,2.42444930665735,1.43026031668154,20,10,0,3.13475998969076,0.344836594189614,20,-134,-20.3946074079318
0.31872271467571,-40,0.847852902077836,28.4,0.3,20,2.42444930665735,1.43026031668154,20,10,0,3.13475998969076,0.344836594189614,20,-132,-21.4786943191788
0.31872271467571,-40,0.847852902077836,28.4,0.3,20,2.42444930665735,1.43026031668154,20,10,0,3.13475998969076,0.344836594189614,20,-130,-21.2398017747487
0.31872271467571,-40,0.847852902077836,28.4,0.3,20,2.42444930665735,1.43026031668154,20,10,0,3.13475998969076,0.344836594189614,20,-128,-19.8003682394676
0.31872271467571,-40,0.847852902077836,28.4,0.3,20,2.42444930665735,1.43026031668154,20,10,0,3.13475998969076,0.344836594189614,20,-126,-17.9648494600976
0.31872271467571,-40,0.847852902077836,28.4,0.3,20,2.42444930665735,1.43026031668154,20,10,0,3.13475998969076,0.344836594189614,20,-124,-16.3079716352857
0.31872271467571,-40,0.847852902077836,28.4,0.3,20,2.42444930665735,1.43026031668154,20,10,0,3.13475998969076,0.344836594189614,20,-122,-15.0404121010269
0.31872271467571,-40,0.847852902077836,28.4,0.3,20,2.42444930665735,1.43026031668154,20,10,0,3.13475998969076,0.344836594189614,20,-120,-14.1979822076436
0.31872271467571,-40,0.847852902077836,28.4,0.3,20,2.42444930665735,1.43026031668154,20,10,0,3.13475998969076,0.344836594189614,20,-118,-13.7491881296007
0.31872271467571,-40,0.847852902077836,28.4,0.3,20,2.42444930665735,1.43026031668154,20,10,0,3.13475998969076,0.344836594189614,20,-116,-13.630010737931
0.31872271467571,-40,0.847852902077836,28.4,0.3,20,2.42444930665735,1.43026031668154,20,10,0,3.13475998969076,0.344836594189614,20,-114,-13.7464084624235
0.31872271467571,-40,0.847852902077836,28.4,0.3,20,2.42444930665735,1.43026031668154,20,10,0,3.13475998969076,0.344836594189614,20,-112,-13.9651358130486
0.31872271467571,-40,0.847852902077836,28.4,0.3,20,2.42444930665735,1.43026031668154,20,10,0,3.13475998969076,0.344836594189614,20,-110,-14.1151206013128
0.31872271467571,-40,0.847852902077836,28.4,0.3,20,2.42444930665735,1.43026031668154,20,10,0,3.13475998969076,0.344836594189614,20,-108,-14.0313078693804
0.31872271467571,-40,0.847852902077836,28.4,0.3,20,2.42444930665735,1.43026031668154,20,10,0,3.13475998969076,0.344836594189614,20,-106,-13.6380001144668
0.31872271467571,-40,0.847852902077836,28.4,0.3,20,2.42444930665735,1.43026031668154,20,10,0,3.13475998969076,0.344836594189614,20,-104,-12.9880035079003
0.31872271467571,-40,0.847852902077836,28.4,0.3,20,2.42444930665735,1.43026031668154,20,10,0,3.13475998969076,0.344836594189614,20,-102,-12.2048584254439
0.31872271467571,-40,0.847852902077836,28.4,0.3,20,2.42444930665735,1.43026031668154,20,10,0,3.13475998969076,0.344836594189614,20,-100,-11.4032374862378
0.31872271467571,-40,0.847852902077836,28.4,0.3,20,2.42444930665735,1.43026031668154,20,10,0,3.13475998969076,0.344836594189614,20,-98,-10.6577447151728
0.31872271467571,-40,0.847852902077836,28.4,0.3,20,2.42444930665735,1.43026031668154,20,10,0,3.13475998969076,0.344836594189614,20,-96,-10.0092874678999
0.31872271467571,-40,0.847852902077836,28.4,0.3,20,2.42444930665735,1.43026031668154,20,10,0,3.13475998969076,0.344836594189614,20,-94,-9.47845531522713
0.31872271467571,-40,0.847852902077836,28.4,0.3,20,2.42444930665735,1.43026031668154,20,10,0,3.13475998969076,0.344836594189614,20,-92,-9.07211979232939
0.31872271467571,-40,0.847852902077836,28.4,0.3,20,2.42444930665735,1.43026031668154,20,10,0,3.13475998969076,0.344836594189614,20,-90,-8.7819315471841
0.31872271467571,-40,0.847852902077836,28.4,0.3,20,2.42444930665735,1.43026031668154,20,10,0,3.13475998969076,0.344836594189614,20,-88,-8.57809902600557
0.31872271467571,-40,0.847852902077836,28.4,0.3,20,2.42444930665735,1.43026031668154,20,10,0,3.13475998969076,0.344836594189614,20,-86,-8.40484267592996
0.31872271467571,-40,0.847852902077836,28.4,0.3,20,2.42444930665735,1.43026031668154,20,10,0,3.13475998969076,0.344836594189614,20,-84,-8.18789498920291
0.31872271467571,-40,0.847852902077836,28.4,0.3,20,2.42444930665735,1.43026031668154,20,10,0,3.13475998969076,0.344836594189614,20,-82,-7.86287002358056
0.31872271467571,-40,0.847852902077836,28.4,0.3,20,2.42444930665735,1.43026031668154,20,10,0,3.13475998969076,0.344836594189614,20,-80,-7.41373113658642
0.31872271467571,-40,0.847852902077836,28.4,0.3,20,2.42444930665735,1.43026031668154,20,10,0,3.13475998969076,0.344836594189614,20,-78,-6.8871658750338
0.31872271467571,-40,0.847852902077836,28.4,0.3,20,2.42444930665735,1.43026031668154,20,10,0,3.13475998969076,0.344836594189614,20,-76,-6.36567360021911
0.31872271467571,-40,0.847852902077836,28.4,0.3,20,2.42444930665735,1.43026031668154,20,10,0,3.13475998969076,0.344836594189614,20,-74,-5.92436835432933
0.31872271467571,-40,0.847852902077836,28.4,0.3,20,2.42444930665735,1.43026031668154,20,10,0,3.13475998969076,0.344836594189614,20,-72,-5.60050845440011
0.31872271467571,-40,0.847852902077836,28.4,0.3,20,2.42444930665735,1.43026031668154,20,10,0,3.13475998969076,0.344836594189614,20,-70,-5.37986782703628
0.31872271467571,-40,0.847852902077836,28.4,0.3,20,2.42444930665735,1.43026031668154,20,10,0,3.13475998969076,0.344836594189614,20,-68,-5.19549431859802
0.31872271467571,-40,0.847852902077836,28.4,0.3,20,2.42444930665735,1.43026031668154,20,10,0,3.13475998969076,0.344836594189614,20,-66,-4.94608493166348
0.31872271467571,-40,0.847852902077836,28.4,0.3,20,2.42444930665735,1.43026031668154,20,10,0,3.13475998969076,0.344836594189614,20,-64,-4.54553323890957
0.31872271467571,-40,0.847852902077836,28.4,0.3,20,2.42444930665735,1.43026031668154,20,10,0,3.13475998969076,0.344836594189614,20,-62,-3.98173755788133
0.31872271467571,-40,0.847852902077836,28.4,0.3,20,2.42444930665735,1.43026031668154,20,10,0,3.13475998969076,0.344836594189614,20,-60,-3.32716531537135
0.31872271467571,-40,0.847852902077836,28.4,0.3,20,2.42444930665735,1.43026031668154,20,10,0,3.13475998969076,0.344836594189614,20,-58,-2.68955584945697
0.31872271467571,-40,0.847852902077836,28.4,0.3,20,2.42444930665735,1.43026031668154,20,10,0,3.13475998969076,0.344836594189614,20,-56,-2.15701846805086
0.31872271467571,-40,0.847852902077836,28.4,0.3,20,2.42444930665735,1.43026031668154,20,10,0,3.13475998969076,0.344836594189614,20,-54,-1.77361180294323
0.31872271467571,-40,0.847852902077836,28.4,0.3,20,2.42444930665735,1.43026031668154,20,10,0,3.13475998969076,0.344836594189614,20,-52,-1.53772266649836
0.31872271467571,-40,0.847852902077836,28.4,0.3,20,2.42444930665735,1.43026031668154,20,10,0,3.13475998969076,0.344836594189614,20,-50,-1.40833789199486
0.31872271467571,-40,0.847852902077836,28.4,0.3,20,2.42444930665735,1.43026031668154,20,10,0,3.13475998969076,0.344836594189614,20,-48,-1.31642991940207
0.31872271467571,-40,0.847852902077836,28.4,0.3,20,2.42444930665735,1.43026031668154,20,10,0,3.13475998969076,0.344836594189614,20,-46,-1.18655128659161
0.31872271467571,-40,0.847852902077836,28.4,0.3,20,2.42444930665735,1.43026031668154,20,10,0,3.13475998969076,0.344836594189614,20,-44,-0.967651024662237
0.31872271467571,-40,0.847852902077836,28.4,0.3,20,2.42444930665735,1.43026031668154,20,10,0,3.13475998969076,0.344836594189614,20,-42,-0.655681445993851
0.31872271467571,-40,0.847852902077836,28.4,0.3,20,2.42444930665735,1.43026031668154,20,10,0,3.13475998969076,0.344836594189614,20,-40,-0.288783597817349
0.31872271467571,-40,0.847852902077836,28.4,0.3,20,2.42444930665735,1.43026031668154,20,10,0,3.13475998969076,0.344836594189614,20,-38,0.0796155346154208
0.31872271467571,-40,0.847852902077836,28.4,0.3,20,2.42444930665735,1.43026031668154,20,10,0,3.13475998969076,0.344836594189614,20,-36,0.406887286845097
0.31872271467571,-40,0.847852902077836,28.4,0.3,20,2.42444930665735,1.43026031668154,20,10,0,3.13475998969076,0.344836594189614,20,-34,0.673310481209459
0.31872271467571,-40,0.847852902077836,28.4,0.3,20,2.42444930665735,1.43026031668154,20,10,0,3.13475998969076,0.344836594189614,20,-32,0.881979858966604
0.31872271467571,-40,0.847852902077836,28.4,0.3,20,2.42444930665735,1.43026031668154,20,10,0,3.13475998969076,0.344836594189614,20,-30,1.05217420942581
0.31872271467571,-40,0.847852902077836,28.4,0.3,20,2.42444930665735,1.43026031668154,20,10,0,3.13475998969076,0.344836594189614,20,-28,1.20971481805221
0.31872271467571,-40,0.847852902077836,28.4,0.3,20,2.42444930665735,1.43026031668154,20,10,0,3.13475998969076,0.344836594189614,20,-26,1.37671506266711
0.31872271467571,-40,0.847852902077836,28.4,0.3,20,2.42444930665735,1.43026031668154,20,10,0,3.13475998969076,0.344836594189614,20,-24,1.563874249775
0.31872271467571,-40,0.847852902077836,28.4,0.3,20,2.42444930665735,1.43026031668154,20,10,0,3.13475998969076,0.344836594189614,20,-22,1.76835844727796
0.31872271467571,-40,0.847852902077836,28.4,0.3,20,2.42444930665735,1.43026031668154,20,10,0,3.13475998969076,0.344836594189614,20,-20,1.97759756314461
0.31872271467571,-40,0.847852902077836,28.4,0.3,20,2.42444930665735,1.43026031668154,20,10,0,3.13475998969076,0.344836594189614,20,-18,2.17603177237831
0.31872271467571,-40,0.847852902077836,28.4,0.3,20,2.42444930665735,1.43026031668154,20,10,0,3.13475998969076,0.344836594189614,20,-16,2.35104080271331
0.31872271467571,-40,0.847852902077836,28.4,0.3,20,2.42444930665735,1.43026031668154,20,10,0,3.13475998969076,0.344836594189614,20,-14,2.49602042898444
0.31872271467571,-40,0.847852902077836,28.4,0.3,20,2.42444930665735,1.43026031668154,20,10,0,3.13475998969076,0.344836594189614,20,-12,2.61061178533226
0.31872271467571,-40,0.847852902077836,28.4,0.3,20,2.42444930665735,1.43026031668154,20,10,0,3.13475998969076,0.344836594189614,20,-10,2.69907451268306
0.31872271467571,-40,0.847852902077836,28.4,0.3,20,2.42444930665735,1.43026031668154,20,10,0,3.13475998969076,0.344836594189614,20,-8,2.76788387055683
0.31872271467571,-40,0.847852902077836,28.4,0.3,20,2.42444930665735,1.43026031668154,20,10,0,3.13475998969076,0.344836594189614,20,-6,2.82339906542326
0.31872271467571,-40,0.847852902077836,28.4,0.3,20,2.42444930665735,1.43026031668154,20,10,0,3.13475998969076,0.344836594189614,20,-4,2.87017099020639
0.31872271467571,-40,0.847852902077836,28.4,0.3,20,2.42444930665735,1.43026031668154,20,10,0,3.13475998969076,0.344836594189614,20,-2,2.91014783633683
0.31872271467571,-40,0.847852902077836,28.4,0.3,20,2.42444930665735,1.43026031668154,20,10,0,3.13475998969076,0.344836594189614,20,0,2.94270482635859
0.31872271467571,-40,0.847852902077836,28.4,0.3,20,2.42444930665735,1.43026031668154,20,10,0,3.13475998969076,0.344836594189614,20,2,2.96517491643401
0.31872271467571,-40,0.847852902077836,28.4,0.3,20,2.42444930665735,1.43026031668154,20,10,0,3.13475998969076,0.344836594189614,20,4,2.97350606072103
0.31872271467571,-40,0.847852902077836,28.4,0.3,20,2.42444930665735,1.43026031668154,20,10,0,3.13475998969076,0.344836594189614,20,6,2.96281986853043
0.31872271467571,-40,0.847852902077836,28.4,0.3,20,2.42444930665735,1.43026031668154,20,10,0,3.13475998969076,0.344836594189614,20,8,2.92787555774672
0.31872271467571,-40,0.847852902077836,28.4,0.3,20,2.42444930665735,1.43026031668154,20,10,0,3.13475998969076,0.344836594189614,20,10,2.86360458457553
0.31872271467571,-40,0.847852902077836,28.4,0.3,20,2.42444930665735,1.43026031668154,20,10,0,3.13475998969076,0.344836594189614,20,12,2.76589655616963
0.31872271467571,-40,0.847852902077836,28.4,0.3,20,2.42444930665735,1.43026031668154,20,10,0,3.13475998969076,0.344836594189614,20,14,2.63269778788107
0.31872271467571,-40,0.847852902077836,28.4,0.3,20,2.42444930665735,1.43026031668154,20,10,0,3.13475998969076,0.344836594189614,20,16,2.46528544262849
0.31872271467571,-40,0.847852902077836,28.4,0.3,20,2.42444930665735,1.43026031668154,20,10,0,3.13475998969076,0.344836594189614,20,18,2.26934273193158
0.31872271467571,-40,0.847852902077836,28.4,0.3,20,2.42444930665735,1.43026031668154,20,10,0,3.13475998969076,0.344836594189614,20,20,2.0552105397751
0.31872271467571,-40,0.847852902077836,28.4,0.3,20,2.42444930665735,1.43026031668154,20,10,0,3.13475998969076,0.344836594189614,20,22,1.83653876104221
0.31872271467571,-40,0.847852902077836,28.4,0.3,20,2.42444930665735,1.43026031668154,20,10,0,3.13475998969076,0.344836594189614,20,24,1.62681305299401
0.31872271467571,-40,0.847852902077836,28.4,0.3,20,2.42444930665735,1.43026031668154,20,10,0,3.13475998969076,0.344836594189614,20,26,1.43424125403358
0.31872271467571,-40,0.847852902077836,28.4,0.3,20,2.42444930665735,1.43026031668154,20,10,0,3.13475998969076,0.344836594189614,20,28,1.25701839427039
0.31872271467571,-40,0.847852902077836,28.4,0.3,20,2.42444930665735,1.43026031668154,20,10,0,3.13475998969076,0.344836594189614,20,30,1.08177684349797
0.31872271467571,-40,0.847852902077836,28.4,0.3,20,2.42444930665735,1.43026031668154,20,10,0,3.13475998969076,0.344836594189614,20,32,0.886817948467857
0.31872271467571,-40,0.847852902077836,28.4,0.3,20,2.42444930665735,1.43026031668154,20,10,0,3.13475998969076,0.344836594189614,20,34,0.649217812589699
0.31872271467571,-40,0.847852902077836,28.4,0.3,20,2.42444930665735,1.43026031668154,20,10,0,3.13475998969076,0.344836594189614,20,36,0.35332157595932
0.31872271467571,-40,0.847852902077836,28.4,0.3,20,2.42444930665735,1.43026031668154,20,10,0,3.13475998969076,0.344836594189614,20,38,-0.00163666271666677
0.31872271467571,-40,0.847852902077836,28.4,0.3,20,2.42444930665735,1.43026031668154,20,10,0,3.13475998969076,0.344836594189614,20,40,-0.396490689967971
0.31872271467571,-40,0.847852902077836,28.4,0.3,20,2.42444930665735,1.43026031668154,20,10,0,3.13475998969076,0.344836594189614,20,42,-0.792204674253059
0.31872271467571,-40,0.847852902077836,28.4,0.3,20,2.42444930665735,1.43026031668154,20,10,0,3.13475998969076,0.344836594189614,20,44,-1.13909764975069
0.31872271467571,-40,0.847852902077836,28.4,0.3,20,2.42444930665735,1.43026031668154,20,10,0,3.13475998969076,0.344836594189614,20,46,-1.39698821990797
0.31872271467571,-40,0.847852902077836,28.4,0.3,20,2.42444930665735,1.43026031668154,20,10,0,3.13475998969076,0.344836594189614,20,48,-1.55802271451771
0.31872271467571,-40,0.847852902077836,28.4,0.3,20,2.42444930665735,1.43026031668154,20,10,0,3.13475998969076,0.344836594189614,20,50,-1.65524194814188
0.31872271467571,-40,0.847852902077836,28.4,0.3,20,2.42444930665735,1.43026031668154,20,10,0,3.13475998969076,0.344836594189614,20,52,-1.74907729515645
0.31872271467571,-40,0.847852902077836,28.4,0.3,20,2.42444930665735,1.43026031668154,20,10,0,3.13475998969076,0.344836594189614,20,54,-1.90317367572675
0.31872271467571,-40,0.847852902077836,28.4,0.3,20,2.42444930665735,1.43026031668154,20,10,0,3.13475998969076,0.344836594189614,20,56,-2.16505234423023
0.31872271467571,-40,0.847852902077836,28.4,0.3,20,2.42444930665735,1.43026031668154,20,10,0,3.13475998969076,0.344836594189614,20,58,-2.55622467281226
0.31872271467571,-40,0.847852902077836,28.4,0.3,20,2.42444930665735,1.43026031668154,20,10,0,3.13475998969076,0.344836594189614,20,60,-3.06819310103577
0.31872271467571,-40,0.847852902077836,28.4,0.3,20,2.42444930665735,1.43026031668154,20,10,0,3.13475998969076,0.344836594189614,20,62,-3.66141075202777
0.31872271467571,-40,0.847852902077836,28.4,0.3,20,2.42444930665735,1.43026031668154,20,10,0,3.13475998969076,0.344836594189614,20,64,-4.26965325998698
0.31872271467571,-40,0.847852902077836,28.4,0.3,20,2.42444930665735,1.43026031668154,20,10,0,3.13475998969076,0.344836594189614,20,66,-4.8165973157464
0.31872271467571,-40,0.847852902077836,28.4,0.3,20,2.42444930665735,1.43026031668154,20,10,0,3.13475998969076,0.344836594189614,20,68,-5.24610071169592
0.31872271467571,-40,0.847852902077836,28.4,0.3,20,2.42444930665735,1.43026031668154,20,10,0,3.13475998969076,0.344836594189614,20,70,-5.54982569101653
0.31872271467571,-40,0.847852902077836,28.4,0.3,20,2.42444930665735,1.43026031668154,20,10,0,3.13475998969076,0.344836594189614,20,72,-5.7681670615484
0.31872271467571,-40,0.847852902077836,28.4,0.3,20,2.42444930665735,1.43026031668154,20,10,0,3.13475998969076,0.344836594189614,20,74,-5.9642323113247
0.31872271467571,-40,0.847852902077836,28.4,0.3,20,2.42444930665735,1.43026031668154,20,10,0,3.13475998969076,0.344836594189614,20,76,-6.19499799164666
0.31872271467571,-40,0.847852902077836,28.4,0.3,20,2.42444930665735,1.43026031668154,20,10,0,3.13475998969076,0.344836594189614,20,78,-6.49665903519707
0.31872271467571,-40,0.847852902077836,28.4,0.3,20,2.42444930665735,1.43026031668154,20,10,0,3.13475998969076,0.344836594189614,20,80,-6.88279421917489
0.31872271467571,-40,0.847852902077836,28.4,0.3,20,2.42444930665735,1.43026031668154,20,10,0,3.13475998969076,0.344836594189614,20,82,-7.34739462684351
0.31872271467571,-40,0.847852902077836,28.4,0.3,20,2.42444930665735,1.43026031668154,20,10,0,3.13475998969076,0.344836594189614,20,84,-7.86749291336132
0.31872271467571,-40,0.847852902077836,28.4,0.3,20,2.42444930665735,1.43026031668154,20,10,0,3.13475998969076,0.344836594189614,20,86,-8.40455483871665
0.31872271467571,-40,0.847852902077836,28.4,0.3,20,2.42444930665735,1.43026031668154,20,10,0,3.13475998969076,0.344836594189614,20,88,-8.90789482356244
0.31872271467571,-40,0.847852902077836,28.4,0.3,20,2.42444930665735,1.43026031668154,20,10,0,3.13475998969076,0.344836594189614,20,90,-9.32603412578109
0.31872271467571,-40,0.847852902077836,28.4,0.3,20,2.42444930665735,1.43026031668154,20,10,0,3.13475998969076,0.344836594189614,20,92,-9.62836585507528
0.31872271467571,-40,0.847852902077836,28.4,0.3,20,2.42444930665735,1.43026031668154,20,10,0,3.13475998969076,0.344836594189614,20,94,-9.82691327014491
0.31872271467571,-40,0.847852902077836,28.4,0.3,20,2.42444930665735,1.43026031668154,20,10,0,3.13475998969076,0.344836594189614,20,96,-9.97983888202375
0.31872271467571,-40,0.847852902077836,28.4,0.3,20,2.42444930665735,1.43026031668154,20,10,0,3.13475998969076,0.344836594189614,20,98,-10.1720752133924
0.31872271467571,-40,0.847852902077836,28.4,0.3,20,2.42444930665735,1.43026031668154,20,10,0,3.13475998969076,0.344836594189614,20,100,-10.4885388007216
0.31872271467571,-40,0.847852902077836,28.4,0.3,20,2.42444930665735,1.43026031668154,20,10,0,3.13475998969076,0.344836594189614,20,102,-10.9947608985912
0.31872271467571,-40,0.847852902077836,28.4,0.3,20,2.42444930665735,1.43026031668154,20,10,0,3.13475998969076,0.344836594189614,20,104,-11.7249992241748
0.31872271467571,-40,0.847852902077836,28.4,0.3,20,2.42444930665735,1.43026031668154,20,10,0,3.13475998969076,0.344836594189614,20,106,-12.6677751418147
0.31872271467571,-40,0.847852902077836,28.4,0.3,20,2.42444930665735,1.43026031668154,20,10,0,3.13475998969076,0.344836594189614,20,108,-13.7377503628936
0.31872271467571,-40,0.847852902077836,28.4,0.3,20,2.42444930665735,1.43026031668154,20,10,0,3.13475998969076,0.344836594189614,20,110,-14.7401610387652
0.31872271467571,-40,0.847852902077836,28.4,0.3,20,2.42444930665735,1.43026031668154,20,10,0,3.13475998969076,0.344836594189614,20,112,-15.3987875593632
0.31872271467571,-40,0.847852902077836,28.4,0.3,20,2.42444930665735,1.43026031668154,20,10,0,3.13475998969076,0.344836594189614,20,114,-15.5489922860214
0.31872271467571,-40,0.847852902077836,28.4,0.3,20,2.42444930665735,1.43026031668154,20,10,0,3.13475998969076,0.344836594189614,20,116,-15.3237445955145
0.31872271467571,-40,0.847852902077836,28.4,0.3,20,2.42444930665735,1.43026031668154,20,10,0,3.13475998969076,0.344836594189614,20,118,-15.0312156790173
0.31872271467571,-40,0.847852902077836,28.4,0.3,20,2.42444930665735,1.43026031668154,20,10,0,3.13475998969076,0.344836594189614,20,120,-14.9334586918129
0.31872271467571,-40,0.847852902077836,28.4,0.3,20,2.42444930665735,1.43026031668154,20,10,0,3.13475998969076,0.344836594189614,20,122,-15.1823047145922
0.31872271467571,-40,0.847852902077836,28.4,0.3,20,2.42444930665735,1.43026031668154,20,10,0,3.13475998969076,0.344836594189614,20,124,-15.8406362799959
0.31872271467571,-40,0.847852902077836,28.4,0.3,20,2.42444930665735,1.43026031668154,20,10,0,3.13475998969076,0.344836594189614,20,126,-16.8896019062015
0.31872271467571,-40,0.847852902077836,28.4,0.3,20,2.42444930665735,1.43026031668154,20,10,0,3.13475998969076,0.344836594189614,20,128,-18.1904385080034
0.31872271467571,-40,0.847852902077836,28.4,0.3,20,2.42444930665735,1.43026031668154,20,10,0,3.13475998969076,0.344836594189614,20,130,-19.4127894248114
0.31872271467571,-40,0.847852902077836,28.4,0.3,20,2.42444930665735,1.43026031668154,20,10,0,3.13475998969076,0.344836594189614,20,132,-20.0514472826415
0.31872271467571,-40,0.847852902077836,28.4,0.3,20,2.42444930665735,1.43026031668154,20,10,0,3.13475998969076,0.344836594189614,20,134,-19.732379185236
0.31872271467571,-40,0.847852902077836,28.4,0.3,20,2.42444930665735,1.43026031668154,20,10,0,3.13475998969076,0.344836594189614,20,136,-18.5548835970078
0.31872271467571,-40,0.847852902077836,28.4,0.3,20,2.42444930665735,1.43026031668154,20,10,0,3.13475998969076,0.344836594189614,20,138,-16.9585157175351
0.31872271467571,-40,0.847852902077836,28.4,0.3,20,2.42444930665735,1.43026031668154,20,10,0,3.13475998969076,0.344836594189614,20,140,-15.3825294328327
0.31872271467571,-40,0.847852902077836,28.4,0.3,20,2.42444930665735,1.43026031668154,20,10,0,3.13475998969076,0.344836594189614,20,142,-14.1142836820646
0.31872271467571,-40,0.847852902077836,28.4,0.3,20,2.42444930665735,1.43026031668154,20,10,0,3.13475998969076,0.344836594189614,20,144,-13.3019557888496
0.31872271467571,-40,0.847852902077836,28.4,0.3,20,2.42444930665735,1.43026031668154,20,10,0,3.13475998969076,0.344836594189614,20,146,-13.0049803582
0.31872271467571,-40,0.847852902077836,28.4,0.3,20,2.42444930665735,1.43026031668154,20,10,0,3.13475998969076,0.344836594189614,20,148,-13.2165969975414
0.31872271467571,-40,0.847852902077836,28.4,0.3,20,2.42444930665735,1.43026031668154,20,10,0,3.13475998969076,0.344836594189614,20,150,-13.8263263673141
0.31872271467571,-40,0.847852902077836,28.4,0.3,20,2.42444930665735,1.43026031668154,20,10,0,3.13475998969076,0.344836594189614,20,152,-14.4953499819896
0.31872271467571,-40,0.847852902077836,28.4,0.3,20,2.42444930665735,1.43026031668154,20,10,0,3.13475998969076,0.344836594189614,20,154,-14.5970593327794
0.31872271467571,-40,0.847852902077836,28.4,0.3,20,2.42444930665735,1.43026031668154,20,10,0,3.13475998969076,0.344836594189614,20,156,-13.7470349981395
0.31872271467571,-40,0.847852902077836,28.4,0.3,20,2.42444930665735,1.43026031668154,20,10,0,3.13475998969076,0.344836594189614,20,158,-12.3351779568996
0.31872271467571,-40,0.847852902077836,28.4,0.3,20,2.42444930665735,1.43026031668154,20,10,0,3.13475998969076,0.344836594189614,20,160,-10.921872278467
0.31872271467571,-40,0.847852902077836,28.4,0.3,20,2.42444930665735,1.43026031668154,20,10,0,3.13475998969076,0.344836594189614,20,162,-9.77154576378043
0.31872271467571,-40,0.847852902077836,28.4,0.3,20,2.42444930665735,1.43026031668154,20,10,0,3.13475998969076,0.344836594189614,20,164,-8.9411967234988
0.31872271467571,-40,0.847852902077836,28.4,0.3,20,2.42444930665735,1.43026031668154,20,10,0,3.13475998969076,0.344836594189614,20,166,-8.4084243225789
0.31872271467571,-40,0.847852902077836,28.4,0.3,20,2.42444930665735,1.43026031668154,20,10,0,3.13475998969076,0.344836594189614,20,168,-8.12513631784272
0.31872271467571,-40,0.847852902077836,28.4,0.3,20,2.42444930665735,1.43026031668154,20,10,0,3.13475998969076,0.344836594189614,20,170,-8.03376397340887
0.31872271467571,-40,0.847852902077836,28.4,0.3,20,2.42444930665735,1.43026031668154,20,10,0,3.13475998969076,0.344836594189614,20,172,-8.07136631066466
0.31872271467571,-40,0.847852902077836,28.4,0.3,20,2.42444930665735,1.43026031668154,20,10,0,3.13475998969076,0.344836594189614,20,174,-8.17215176886052
0.31872271467571,-40,0.847852902077836,28.4,0.3,20,2.42444930665735,1.43026031668154,20,10,0,3.13475998969076,0.344836594189614,20,176,-8.27282384316406
0.31872271467571,-40,0.847852902077836,28.4,0.3,20,2.42444930665735,1.43026031668154,20,10,0,3.13475998969076,0.344836594189614,20,178,-8.32182602994441
0.31872271467571,-40,0.847852902077836,28.4,0.3,20,2.42444930665735,1.43026031668154,20,10,0,3.13475998969076,0.344836594189614,20,180,-8.29022175889986
0.31872271467571,-40,0.847852902077836,28.5,0.3,20,2.42444930665735,1.43026031668154,20,10,0,3.13475998969076,0.344836594189614,20,-180,-8.40856509966651
0.31872271467571,-40,0.847852902077836,28.5,0.3,20,2.42444930665735,1.43026031668154,20,10,0,3.13475998969076,0.344836594189614,20,-178,-8.28781186295236
0.31872271467571,-40,0.847852902077836,28.5,0.3,20,2.42444930665735,1.43026031668154,20,10,0,3.13475998969076,0.344836594189614,20,-176,-8.10570907759912
0.31872271467571,-40,0.847852902077836,28.5,0.3,20,2.42444930665735,1.43026031668154,20,10,0,3.13475998969076,0.344836594189614,20,-174,-7.91795088817621
0.31872271467571,-40,0.847852902077836,28.5,0.3,20,2.42444930665735,1.43026031668154,20,10,0,3.13475998969076,0.344836594189614,20,-172,-7.78899579973639
0.31872271467571,-40,0.847852902077836,28.5,0.3,20,2.42444930665735,1.43026031668154,20,10,0,3.13475998969076,0.344836594189614,20,-170,-7.78095878346463
0.31872271467571,-40,0.847852902077836,28.5,0.3,20,2.42444930665735,1.43026031668154,20,10,0,3.13475998969076,0.344836594189614,20,-168,-7.94815220756112
0.31872271467571,-40,0.847852902077836,28.5,0.3,20,2.42444930665735,1.43026031668154,20,10,0,3.13475998969076,0.344836594189614,20,-166,-8.33661004775654
0.31872271467571,-40,0.847852902077836,28.5,0.3,20,2.42444930665735,1.43026031668154,20,10,0,3.13475998969076,0.344836594189614,20,-164,-8.9859325534937
0.31872271467571,-40,0.847852902077836,28.5,0.3,20,2.42444930665735,1.43026031668154,20,10,0,3.13475998969076,0.344836594189614,20,-162,-9.92918541061004
0.31872271467571,-40,0.847852902077836,28.5,0.3,20,2.42444930665735,1.43026031668154,20,10,0,3.13475998969076,0.344836594189614,20,-160,-11.1818331957141
0.31872271467571,-40,0.847852902077836,28.5,0.3,20,2.42444930665735,1.43026031668154,20,10,0,3.13475998969076,0.344836594189614,20,-158,-12.6966659783777
0.31872271467571,-40,0.847852902077836,28.5,0.3,20,2.42444930665735,1.43026031668154,20,10,0,3.13475998969076,0.344836594189614,20,-156,-14.2425066251256
0.31872271467571,-40,0.847852902077836,28.5,0.3,20,2.42444930665735,1.43026031668154,20,10,0,3.13475998969076,0.344836594189614,20,-154,-15.271057327524
0.31872271467571,-40,0.847852902077836,28.5,0.3,20,2.42444930665735,1.43026031668154,20,10,0,3.13475998969076,0.344836594189614,20,-152,-15.2877749956726
0.31872271467571,-40,0.847852902077836,28.5,0.3,20,2.42444930665735,1.43026031668154,20,10,0,3.13475998969076,0.344836594189614,20,-150,-14.5893114100786
0.31872271467571,-40,0.847852902077836,28.5,0.3,20,2.42444930665735,1.43026031668154,20,10,0,3.13475998969076,0.344836594189614,20,-148,-13.8472020732712
0.31872271467571,-40,0.847852902077836,28.5,0.3,20,2.42444930665735,1.43026031668154,20,10,0,3.13475998969076,0.344836594189614,20,-146,-13.454024130533
0.31872271467571,-40,0.847852902077836,28.5,0.3,20,2.42444930665735,1.43026031668154,20,10,0,3.13475998969076,0.344836594189614,20,-144,-13.5440510342662
0.31872271467571,-40,0.847852902077836,28.5,0.3,20,2.42444930665735,1.43026031668154,20,10,0,3.13475998969076,0.344836594189614,20,-142,-14.1393486150805
0.31872271467571,-40,0.847852902077836,28.5,0.3,20,2.42444930665735,1.43026031668154,20,10,0,3.13475998969076,0.344836594189614,20,-140,-15.2096563720139
0.31872271467571,-40,0.847852902077836,28.5,0.3,20,2.42444930665735,1.43026031668154,20,10,0,3.13475998969076,0.344836594189614,20,-138,-16.6765327079873
0.31872271467571,-40,0.847852902077836,28.5,0.3,20,2.42444930665735,1.43026031668154,20,10,0,3.13475998969076,0.344836594189614,20,-136,-18.3901462310939
0.31872271467571,-40,0.847852902077836,28.5,0.3,20,2.42444930665735,1.43026031668154,20,10,0,3.13475998969076,0.344836594189614,20,-134,-20.0758772424381
0.31872271467571,-40,0.847852902077836,28.5,0.3,20,2.42444930665735,1.43026031668154,20,10,0,3.13475998969076,0.344836594189614,20,-132,-21.2235410421118
0.31872271467571,-40,0.847852902077836,28.5,0.3,20,2.42444930665735,1.43026031668154,20,10,0,3.13475998969076,0.344836594189614,20,-130,-21.1601986790424
0.31872271467571,-40,0.847852902077836,28.5,0.3,20,2.42444930665735,1.43026031668154,20,10,0,3.13475998969076,0.344836594189614,20,-128,-19.8366767132917
0.31872271467571,-40,0.847852902077836,28.5,0.3,20,2.42444930665735,1.43026031668154,20,10,0,3.13475998969076,0.344836594189614,20,-126,-18.0150305714537
0.31872271467571,-40,0.847852902077836,28.5,0.3,20,2.42444930665735,1.43026031668154,20,10,0,3.13475998969076,0.344836594189614,20,-124,-16.3309865682967
0.31872271467571,-40,0.847852902077836,28.5,0.3,20,2.42444930665735,1.43026031668154,20,10,0,3.13475998969076,0.344836594189614,20,-122,-15.0293060179914
0.31872271467571,-40,0.847852902077836,28.5,0.3,20,2.42444930665735,1.43026031668154,20,10,0,3.13475998969076,0.344836594189614,20,-120,-14.154003267579
0.31872271467571,-40,0.847852902077836,28.5,0.3,20,2.42444930665735,1.43026031668154,20,10,0,3.13475998969076,0.344836594189614,20,-118,-13.6735578138149
0.31872271467571,-40,0.847852902077836,28.5,0.3,20,2.42444930665735,1.43026031668154,20,10,0,3.13475998969076,0.344836594189614,20,-116,-13.5229820694253
0.31872271467571,-40,0.847852902077836,28.5,0.3,20,2.42444930665735,1.43026031668154,20,10,0,3.13475998969076,0.344836594189614,20,-114,-13.6092764327441
0.31872271467571,-40,0.847852902077836,28.5,0.3,20,2.42444930665735,1.43026031668154,20,10,0,3.13475998969076,0.344836594189614,20,-112,-13.8042014061381
0.31872271467571,-40,0.847852902077836,28.5,0.3,20,2.42444930665735,1.43026031668154,20,10,0,3.13475998969076,0.344836594189614,20,-110,-13.9457954838029
0.31872271467571,-40,0.847852902077836,28.5,0.3,20,2.42444930665735,1.43026031668154,20,10,0,3.13475998969076,0.344836594189614,20,-108,-13.8768685081813
0.31872271467571,-40,0.847852902077836,28.5,0.3,20,2.42444930665735,1.43026031668154,20,10,0,3.13475998969076,0.344836594189614,20,-106,-13.5192094220824
0.31872271467571,-40,0.847852902077836,28.5,0.3,20,2.42444930665735,1.43026031668154,20,10,0,3.13475998969076,0.344836594189614,20,-104,-12.9125406609832
0.31872271467571,-40,0.847852902077836,28.5,0.3,20,2.42444930665735,1.43026031668154,20,10,0,3.13475998969076,0.344836594189614,20,-102,-12.1673552572671
0.31872271467571,-40,0.847852902077836,28.5,0.3,20,2.42444930665735,1.43026031668154,20,10,0,3.13475998969076,0.344836594189614,20,-100,-11.3918649527561
0.31872271467571,-40,0.847852902077836,28.5,0.3,20,2.42444930665735,1.43026031668154,20,10,0,3.13475998969076,0.344836594189614,20,-98,-10.6595117208158
0.31872271467571,-40,0.847852902077836,28.5,0.3,20,2.42444930665735,1.43026031668154,20,10,0,3.13475998969076,0.344836594189614,20,-96,-10.0126343958479
0.31872271467571,-40,0.847852902077836,28.5,0.3,20,2.42444930665735,1.43026031668154,20,10,0,3.13475998969076,0.344836594189614,20,-94,-9.47460175712088
0.31872271467571,-40,0.847852902077836,28.5,0.3,20,2.42444930665735,1.43026031668154,20,10,0,3.13475998969076,0.344836594189614,20,-92,-9.05610209328623
0.31872271467571,-40,0.847852902077836,28.5,0.3,20,2.42444930665735,1.43026031668154,20,10,0,3.13475998969076,0.344836594189614,20,-90,-8.7535228071127
0.31872271467571,-40,0.847852902077836,28.5,0.3,20,2.42444930665735,1.43026031668154,20,10,0,3.13475998969076,0.344836594189614,20,-88,-8.54240879174443
0.31872271467571,-40,0.847852902077836,28.5,0.3,20,2.42444930665735,1.43026031668154,20,10,0,3.13475998969076,0.344836594189614,20,-86,-8.37185402684577
0.31872271467571,-40,0.847852902077836,28.5,0.3,20,2.42444930665735,1.43026031668154,20,10,0,3.13475998969076,0.344836594189614,20,-84,-8.16960563447325
0.31872271467571,-40,0.847852902077836,28.5,0.3,20,2.42444930665735,1.43026031668154,20,10,0,3.13475998969076,0.344836594189614,20,-82,-7.86772773149018
0.31872271467571,-40,0.847852902077836,28.5,0.3,20,2.42444930665735,1.43026031668154,20,10,0,3.13475998969076,0.344836594189614,20,-80,-7.44177137432684
0.31872271467571,-40,0.847852902077836,28.5,0.3,20,2.42444930665735,1.43026031668154,20,10,0,3.13475998969076,0.344836594189614,20,-78,-6.9306917535443
0.31872271467571,-40,0.847852902077836,28.5,0.3,20,2.42444930665735,1.43026031668154,20,10,0,3.13475998969076,0.344836594189614,20,-76,-6.41482408261242
0.31872271467571,-40,0.847852902077836,28.5,0.3,20,2.42444930665735,1.43026031668154,20,10,0,3.13475998969076,0.344836594189614,20,-74,-5.97245129983216
0.31872271467571,-40,0.847852902077836,28.5,0.3,20,2.42444930665735,1.43026031668154,20,10,0,3.13475998969076,0.344836594189614,20,-72,-5.64645643448721
0.31872271467571,-40,0.847852902077836,28.5,0.3,20,2.42444930665735,1.43026031668154,20,10,0,3.13475998969076,0.344836594189614,20,-70,-5.42835320124716
0.31872271467571,-40,0.847852902077836,28.5,0.3,20,2.42444930665735,1.43026031668154,20,10,0,3.13475998969076,0.344836594189614,20,-68,-5.25506888481422
0.31872271467571,-40,0.847852902077836,28.5,0.3,20,2.42444930665735,1.43026031668154,20,10,0,3.13475998969076,0.344836594189614,20,-66,-5.0245726967878
0.31872271467571,-40,0.847852902077836,28.5,0.3,20,2.42444930665735,1.43026031668154,20,10,0,3.13475998969076,0.344836594189614,20,-64,-4.64378003976367
0.31872271467571,-40,0.847852902077836,28.5,0.3,20,2.42444930665735,1.43026031668154,20,10,0,3.13475998969076,0.344836594189614,20,-62,-4.09130062801855
0.31872271467571,-40,0.847852902077836,28.5,0.3,20,2.42444930665735,1.43026031668154,20,10,0,3.13475998969076,0.344836594189614,20,-60,-3.43526229513843
0.31872271467571,-40,0.847852902077836,28.5,0.3,20,2.42444930665735,1.43026031668154,20,10,0,3.13475998969076,0.344836594189614,20,-58,-2.78584050504302
0.31872271467571,-40,0.847852902077836,28.5,0.3,20,2.42444930665735,1.43026031668154,20,10,0,3.13475998969076,0.344836594189614,20,-56,-2.23653108446885
0.31872271467571,-40,0.847852902077836,28.5,0.3,20,2.42444930665735,1.43026031668154,20,10,0,3.13475998969076,0.344836594189614,20,-54,-1.83640155666802
0.31872271467571,-40,0.847852902077836,28.5,0.3,20,2.42444930665735,1.43026031668154,20,10,0,3.13475998969076,0.344836594189614,20,-52,-1.5875441837162
0.31872271467571,-40,0.847852902077836,28.5,0.3,20,2.42444930665735,1.43026031668154,20,10,0,3.13475998969076,0.344836594189614,20,-50,-1.45134956322812
0.31872271467571,-40,0.847852902077836,28.5,0.3,20,2.42444930665735,1.43026031668154,20,10,0,3.13475998969076,0.344836594189614,20,-48,-1.35955816434819
0.31872271467571,-40,0.847852902077836,28.5,0.3,20,2.42444930665735,1.43026031668154,20,10,0,3.13475998969076,0.344836594189614,20,-46,-1.23515056822605
0.31872271467571,-40,0.847852902077836,28.5,0.3,20,2.42444930665735,1.43026031668154,20,10,0,3.13475998969076,0.344836594189614,20,-44,-1.02327980304403
0.31872271467571,-40,0.847852902077836,28.5,0.3,20,2.42444930665735,1.43026031668154,20,10,0,3.13475998969076,0.344836594189614,20,-42,-0.715781399688828
0.31872271467571,-40,0.847852902077836,28.5,0.3,20,2.42444930665735,1.43026031668154,20,10,0,3.13475998969076,0.344836594189614,20,-40,-0.348685405576329
0.31872271467571,-40,0.847852902077836,28.5,0.3,20,2.42444930665735,1.43026031668154,20,10,0,3.13475998969076,0.344836594189614,20,-38,0.024135457322094
0.31872271467571,-40,0.847852902077836,28.5,0.3,20,2.42444930665735,1.43026031668154,20,10,0,3.13475998969076,0.344836594189614,20,-36,0.358163304485263
0.31872271467571,-40,0.847852902077836,28.5,0.3,20,2.42444930665735,1.43026031668154,20,10,0,3.13475998969076,0.344836594189614,20,-34,0.631596435263747
0.31872271467571,-40,0.847852902077836,28.5,0.3,20,2.42444930665735,1.43026031668154,20,10,0,3.13475998969076,0.344836594189614,20,-32,0.845936980334662
0.31872271467571,-40,0.847852902077836,28.5,0.3,20,2.42444930665735,1.43026031668154,20,10,0,3.13475998969076,0.344836594189614,20,-30,1.01961161597796
0.31872271467571,-40,0.847852902077836,28.5,0.3,20,2.42444930665735,1.43026031668154,20,10,0,3.13475998969076,0.344836594189614,20,-28,1.17838361923825
0.31872271467571,-40,0.847852902077836,28.5,0.3,20,2.42444930665735,1.43026031668154,20,10,0,3.13475998969076,0.344836594189614,20,-26,1.34498467962977
0.31872271467571,-40,0.847852902077836,28.5,0.3,20,2.42444930665735,1.43026031668154,20,10,0,3.13475998969076,0.344836594189614,20,-24,1.5310843498729
0.31872271467571,-40,0.847852902077836,28.5,0.3,20,2.42444930665735,1.43026031668154,20,10,0,3.13475998969076,0.344836594189614,20,-22,1.73474271464503
0.31872271467571,-40,0.847852902077836,28.5,0.3,20,2.42444930665735,1.43026031668154,20,10,0,3.13475998969076,0.344836594189614,20,-20,1.9439008524066
0.31872271467571,-40,0.847852902077836,28.5,0.3,20,2.42444930665735,1.43026031668154,20,10,0,3.13475998969076,0.344836594189614,20,-18,2.14307589070671
0.31872271467571,-40,0.847852902077836,28.5,0.3,20,2.42444930665735,1.43026031668154,20,10,0,3.13475998969076,0.344836594189614,20,-16,2.31943136746442
0.31872271467571,-40,0.847852902077836,28.5,0.3,20,2.42444930665735,1.43026031668154,20,10,0,3.13475998969076,0.344836594189614,20,-14,2.46604186241178
0.31872271467571,-40,0.847852902077836,28.5,0.3,20,2.42444930665735,1.43026031668154,20,10,0,3.13475998969076,0.344836594189614,20,-12,2.5822628867189
0.31872271467571,-40,0.847852902077836,28.5,0.3,20,2.42444930665735,1.43026031668154,20,10,0,3.13475998969076,0.344836594189614,20,-10,2.67217526933953
0.31872271467571,-40,0.847852902077836,28.5,0.3,20,2.42444930665735,1.43026031668154,20,10,0,3.13475998969076,0.344836594189614,20,-8,2.74219653937851
0.31872271467571,-40,0.847852902077836,28.5,0.3,20,2.42444930665735,1.43026031668154,20,10,0,3.13475998969076,0.344836594189614,20,-6,2.798723930116
0.31872271467571,-40,0.847852902077836,28.5,0.3,20,2.42444930665735,1.43026031668154,20,10,0,3.13475998969076,0.344836594189614,20,-4,2.84639348020277
0.31872271467571,-40,0.847852902077836,28.5,0.3,20,2.42444930665735,1.43026031668154,20,10,0,3.13475998969076,0.344836594189614,20,-2,2.88723087236842
0.31872271467571,-40,0.847852902077836,28.5,0.3,20,2.42444930665735,1.43026031668154,20,10,0,3.13475998969076,0.344836594189614,20,0,2.92063689747675
0.31872271467571,-40,0.847852902077836,28.5,0.3,20,2.42444930665735,1.43026031668154,20,10,0,3.13475998969076,0.344836594189614,20,2,2.94389578078959
0.31872271467571,-40,0.847852902077836,28.5,0.3,20,2.42444930665735,1.43026031668154,20,10,0,3.13475998969076,0.344836594189614,20,4,2.95283554382385
0.31872271467571,-40,0.847852902077836,28.5,0.3,20,2.42444930665735,1.43026031668154,20,10,0,3.13475998969076,0.344836594189614,20,6,2.94241259379326
0.31872271467571,-40,0.847852902077836,28.5,0.3,20,2.42444930665735,1.43026031668154,20,10,0,3.13475998969076,0.344836594189614,20,8,2.90721841594076
0.31872271467571,-40,0.847852902077836,28.5,0.3,20,2.42444930665735,1.43026031668154,20,10,0,3.13475998969076,0.344836594189614,20,10,2.84206563836645
0.31872271467571,-40,0.847852902077836,28.5,0.3,20,2.42444930665735,1.43026031668154,20,10,0,3.13475998969076,0.344836594189614,20,12,2.74282406565119
0.31872271467571,-40,0.847852902077836,28.5,0.3,20,2.42444930665735,1.43026031668154,20,10,0,3.13475998969076,0.344836594189614,20,14,2.60755662184935
0.31872271467571,-40,0.847852902077836,28.5,0.3,20,2.42444930665735,1.43026031668154,20,10,0,3.13475998969076,0.344836594189614,20,16,2.43780575075021
0.31872271467571,-40,0.847852902077836,28.5,0.3,20,2.42444930665735,1.43026031668154,20,10,0,3.13475998969076,0.344836594189614,20,18,2.23964166124331
0.31872271467571,-40,0.847852902077836,28.5,0.3,20,2.42444930665735,1.43026031668154,20,10,0,3.13475998969076,0.344836594189614,20,20,2.02383238686867
0.31872271467571,-40,0.847852902077836,28.5,0.3,20,2.42444930665735,1.43026031668154,20,10,0,3.13475998969076,0.344836594189614,20,22,1.8043520866662
0.31872271467571,-40,0.847852902077836,28.5,0.3,20,2.42444930665735,1.43026031668154,20,10,0,3.13475998969076,0.344836594189614,20,24,1.59473089545674
0.31872271467571,-40,0.847852902077836,28.5,0.3,20,2.42444930665735,1.43026031668154,20,10,0,3.13475998969076,0.344836594189614,20,26,1.4028165811355
0.31872271467571,-40,0.847852902077836,28.5,0.3,20,2.42444930665735,1.43026031668154,20,10,0,3.13475998969076,0.344836594189614,20,28,1.22608057237522
0.31872271467571,-40,0.847852902077836,28.5,0.3,20,2.42444930665735,1.43026031668154,20,10,0,3.13475998969076,0.344836594189614,20,30,1.05031305218793
0.31872271467571,-40,0.847852902077836,28.5,0.3,20,2.42444930665735,1.43026031668154,20,10,0,3.13475998969076,0.344836594189614,20,32,0.853198152687089
0.31872271467571,-40,0.847852902077836,28.5,0.3,20,2.42444930665735,1.43026031668154,20,10,0,3.13475998969076,0.344836594189614,20,34,0.611696727063879
0.31872271467571,-40,0.847852902077836,28.5,0.3,20,2.42444930665735,1.43026031668154,20,10,0,3.13475998969076,0.344836594189614,20,36,0.310666585184838
0.31872271467571,-40,0.847852902077836,28.5,0.3,20,2.42444930665735,1.43026031668154,20,10,0,3.13475998969076,0.344836594189614,20,38,-0.0495377121923757
0.31872271467571,-40,0.847852902077836,28.5,0.3,20,2.42444930665735,1.43026031668154,20,10,0,3.13475998969076,0.344836594189614,20,40,-0.448215543232668
0.31872271467571,-40,0.847852902077836,28.5,0.3,20,2.42444930665735,1.43026031668154,20,10,0,3.13475998969076,0.344836594189614,20,42,-0.84488864661741
0.31872271467571,-40,0.847852902077836,28.5,0.3,20,2.42444930665735,1.43026031668154,20,10,0,3.13475998969076,0.344836594189614,20,44,-1.18941835635578
0.31872271467571,-40,0.847852902077836,28.5,0.3,20,2.42444930665735,1.43026031668154,20,10,0,3.13475998969076,0.344836594189614,20,46,-1.44297884066064
0.31872271467571,-40,0.847852902077836,28.5,0.3,20,2.42444930665735,1.43026031668154,20,10,0,3.13475998969076,0.344836594189614,20,48,-1.6006511194117
0.31872271467571,-40,0.847852902077836,28.5,0.3,20,2.42444930665735,1.43026031668154,20,10,0,3.13475998969076,0.344836594189614,20,50,-1.69843965875141
0.31872271467571,-40,0.847852902077836,28.5,0.3,20,2.42444930665735,1.43026031668154,20,10,0,3.13475998969076,0.344836594189614,20,52,-1.79823603122618
0.31872271467571,-40,0.847852902077836,28.5,0.3,20,2.42444930665735,1.43026031668154,20,10,0,3.13475998969076,0.344836594189614,20,54,-1.96332398934719
0.31872271467571,-40,0.847852902077836,28.5,0.3,20,2.42444930665735,1.43026031668154,20,10,0,3.13475998969076,0.344836594189614,20,56,-2.23956501581316
0.31872271467571,-40,0.847852902077836,28.5,0.3,20,2.42444930665735,1.43026031668154,20,10,0,3.13475998969076,0.344836594189614,20,58,-2.64597186538764
0.31872271467571,-40,0.847852902077836,28.5,0.3,20,2.42444930665735,1.43026031668154,20,10,0,3.13475998969076,0.344836594189614,20,60,-3.17082441550009
0.31872271467571,-40,0.847852902077836,28.5,0.3,20,2.42444930665735,1.43026031668154,20,10,0,3.13475998969076,0.344836594189614,20,62,-3.77079109055187
0.31872271467571,-40,0.847852902077836,28.5,0.3,20,2.42444930665735,1.43026031668154,20,10,0,3.13475998969076,0.344836594189614,20,64,-4.37626559912947
0.31872271467571,-40,0.847852902077836,28.5,0.3,20,2.42444930665735,1.43026031668154,20,10,0,3.13475998969076,0.344836594189614,20,66,-4.91008873274008
0.31872271467571,-40,0.847852902077836,28.5,0.3,20,2.42444930665735,1.43026031668154,20,10,0,3.13475998969076,0.344836594189614,20,68,-5.31967599583115
0.31872271467571,-40,0.847852902077836,28.5,0.3,20,2.42444930665735,1.43026031668154,20,10,0,3.13475998969076,0.344836594189614,20,70,-5.60333179447657
0.31872271467571,-40,0.847852902077836,28.5,0.3,20,2.42444930665735,1.43026031668154,20,10,0,3.13475998969076,0.344836594189614,20,72,-5.80698036320187
0.31872271467571,-40,0.847852902077836,28.5,0.3,20,2.42444930665735,1.43026031668154,20,10,0,3.13475998969076,0.344836594189614,20,74,-5.99530338320716
0.31872271467571,-40,0.847852902077836,28.5,0.3,20,2.42444930665735,1.43026031668154,20,10,0,3.13475998969076,0.344836594189614,20,76,-6.22340491830746
0.31872271467571,-40,0.847852902077836,28.5,0.3,20,2.42444930665735,1.43026031668154,20,10,0,3.13475998969076,0.344836594189614,20,78,-6.5240982807111
0.31872271467571,-40,0.847852902077836,28.5,0.3,20,2.42444930665735,1.43026031668154,20,10,0,3.13475998969076,0.344836594189614,20,80,-6.90756777031195
0.31872271467571,-40,0.847852902077836,28.5,0.3,20,2.42444930665735,1.43026031668154,20,10,0,3.13475998969076,0.344836594189614,20,82,-7.3651838821128
0.31872271467571,-40,0.847852902077836,28.5,0.3,20,2.42444930665735,1.43026031668154,20,10,0,3.13475998969076,0.344836594189614,20,84,-7.87258903439885
0.31872271467571,-40,0.847852902077836,28.5,0.3,20,2.42444930665735,1.43026031668154,20,10,0,3.13475998969076,0.344836594189614,20,86,-8.39149860446199
0.31872271467571,-40,0.847852902077836,28.5,0.3,20,2.42444930665735,1.43026031668154,20,10,0,3.13475998969076,0.344836594189614,20,88,-8.87345273809446
0.31872271467571,-40,0.847852902077836,28.5,0.3,20,2.42444930665735,1.43026031668154,20,10,0,3.13475998969076,0.344836594189614,20,90,-9.27099047569874
0.31872271467571,-40,0.847852902077836,28.5,0.3,20,2.42444930665735,1.43026031668154,20,10,0,3.13475998969076,0.344836594189614,20,92,-9.55800363832286
0.31872271467571,-40,0.847852902077836,28.5,0.3,20,2.42444930665735,1.43026031668154,20,10,0,3.13475998969076,0.344836594189614,20,94,-9.74940286081326
0.31872271467571,-40,0.847852902077836,28.5,0.3,20,2.42444930665735,1.43026031668154,20,10,0,3.13475998969076,0.344836594189614,20,96,-9.90348219644441
0.31872271467571,-40,0.847852902077836,28.5,0.3,20,2.42444930665735,1.43026031668154,20,10,0,3.13475998969076,0.344836594189614,20,98,-10.1033225410912
0.31872271467571,-40,0.847852902077836,28.5,0.3,20,2.42444930665735,1.43026031668154,20,10,0,3.13475998969076,0.344836594189614,20,100,-10.4314520974641
0.31872271467571,-40,0.847852902077836,28.5,0.3,20,2.42444930665735,1.43026031668154,20,10,0,3.13475998969076,0.344836594189614,20,102,-10.9510475300562
0.31872271467571,-40,0.847852902077836,28.5,0.3,20,2.42444930665735,1.43026031668154,20,10,0,3.13475998969076,0.344836594189614,20,104,-11.6934026776107
0.31872271467571,-40,0.847852902077836,28.5,0.3,20,2.42444930665735,1.43026031668154,20,10,0,3.13475998969076,0.344836594189614,20,106,-12.6419370171745
0.31872271467571,-40,0.847852902077836,28.5,0.3,20,2.42444930665735,1.43026031668154,20,10,0,3.13475998969076,0.344836594189614,20,108,-13.702617193995
0.31872271467571,-40,0.847852902077836,28.5,0.3,20,2.42444930665735,1.43026031668154,20,10,0,3.13475998969076,0.344836594189614,20,110,-14.6710520044562
0.31872271467571,-40,0.847852902077836,28.5,0.3,20,2.42444930665735,1.43026031668154,20,10,0,3.13475998969076,0.344836594189614,20,112,-15.2738337397075
0.31872271467571,-40,0.847852902077836,28.5,0.3,20,2.42444930665735,1.43026031668154,20,10,0,3.13475998969076,0.344836594189614,20,114,-15.3712499857243
0.31872271467571,-40,0.847852902077836,28.5,0.3,20,2.42444930665735,1.43026031668154,20,10,0,3.13475998969076,0.344836594189614,20,116,-15.1181577426386
0.31872271467571,-40,0.847852902077836,28.5,0.3,20,2.42444930665735,1.43026031668154,20,10,0,3.13475998969076,0.344836594189614,20,118,-14.820092323795
0.31872271467571,-40,0.847852902077836,28.5,0.3,20,2.42444930665735,1.43026031668154,20,10,0,3.13475998969076,0.344836594189614,20,120,-14.7265794002222
0.31872271467571,-40,0.847852902077836,28.5,0.3,20,2.42444930665735,1.43026031668154,20,10,0,3.13475998969076,0.344836594189614,20,122,-14.9805258410308
0.31872271467571,-40,0.847852902077836,28.5,0.3,20,2.42444930665735,1.43026031668154,20,10,0,3.13475998969076,0.344836594189614,20,124,-15.6399642848224
0.31872271467571,-40,0.847852902077836,28.5,0.3,20,2.42444930665735,1.43026031668154,20,10,0,3.13475998969076,0.344836594189614,20,126,-16.6818946129402
0.31872271467571,-40,0.847852902077836,28.5,0.3,20,2.42444930665735,1.43026031668154,20,10,0,3.13475998969076,0.344836594189614,20,128,-17.9617483381957
0.31872271467571,-40,0.847852902077836,28.5,0.3,20,2.42444930665735,1.43026031668154,20,10,0,3.13475998969076,0.344836594189614,20,130,-19.1466905019493
0.31872271467571,-40,0.847852902077836,28.5,0.3,20,2.42444930665735,1.43026031668154,20,10,0,3.13475998969076,0.344836594189614,20,132,-19.7539517520291
0.31872271467571,-40,0.847852902077836,28.5,0.3,20,2.42444930665735,1.43026031668154,20,10,0,3.13475998969076,0.344836594189614,20,134,-19.4585516152885
0.31872271467571,-40,0.847852902077836,28.5,0.3,20,2.42444930665735,1.43026031668154,20,10,0,3.13475998969076,0.344836594189614,20,136,-18.3691384604714
0.31872271467571,-40,0.847852902077836,28.5,0.3,20,2.42444930665735,1.43026031668154,20,10,0,3.13475998969076,0.344836594189614,20,138,-16.8814352766997
0.31872271467571,-40,0.847852902077836,28.5,0.3,20,2.42444930665735,1.43026031668154,20,10,0,3.13475998969076,0.344836594189614,20,140,-15.4009900986504
0.31872271467571,-40,0.847852902077836,28.5,0.3,20,2.42444930665735,1.43026031668154,20,10,0,3.13475998969076,0.344836594189614,20,142,-14.2106007098724
0.31872271467571,-40,0.847852902077836,28.5,0.3,20,2.42444930665735,1.43026031668154,20,10,0,3.13475998969076,0.344836594189614,20,144,-13.4656194625055
0.31872271467571,-40,0.847852902077836,28.5,0.3,20,2.42444930665735,1.43026031668154,20,10,0,3.13475998969076,0.344836594189614,20,146,-13.2312129419934
0.31872271467571,-40,0.847852902077836,28.5,0.3,20,2.42444930665735,1.43026031668154,20,10,0,3.13475998969076,0.344836594189614,20,148,-13.4972705670118
0.31872271467571,-40,0.847852902077836,28.5,0.3,20,2.42444930665735,1.43026031668154,20,10,0,3.13475998969076,0.344836594189614,20,150,-14.1278732597125
0.31872271467571,-40,0.847852902077836,28.5,0.3,20,2.42444930665735,1.43026031668154,20,10,0,3.13475998969076,0.344836594189614,20,152,-14.7219013497031
0.31872271467571,-40,0.847852902077836,28.5,0.3,20,2.42444930665735,1.43026031668154,20,10,0,3.13475998969076,0.344836594189614,20,154,-14.6195958057405
0.31872271467571,-40,0.847852902077836,28.5,0.3,20,2.42444930665735,1.43026031668154,20,10,0,3.13475998969076,0.344836594189614,20,156,-13.5694793491374
0.31872271467571,-40,0.847852902077836,28.5,0.3,20,2.42444930665735,1.43026031668154,20,10,0,3.13475998969076,0.344836594189614,20,158,-12.0772720550665
0.31872271467571,-40,0.847852902077836,28.5,0.3,20,2.42444930665735,1.43026031668154,20,10,0,3.13475998969076,0.344836594189614,20,160,-10.6685190934851
0.31872271467571,-40,0.847852902077836,28.5,0.3,20,2.42444930665735,1.43026031668154,20,10,0,3.13475998969076,0.344836594189614,20,162,-9.5557256179078
0.31872271467571,-40,0.847852902077836,28.5,0.3,20,2.42444930665735,1.43026031668154,20,10,0,3.13475998969076,0.344836594189614,20,164,-8.7722514606585
0.31872271467571,-40,0.847852902077836,28.5,0.3,20,2.42444930665735,1.43026031668154,20,10,0,3.13475998969076,0.344836594189614,20,166,-8.28796675866354
0.31872271467571,-40,0.847852902077836,28.5,0.3,20,2.42444930665735,1.43026031668154,20,10,0,3.13475998969076,0.344836594189614,20,168,-8.05277072343762
0.31872271467571,-40,0.847852902077836,28.5,0.3,20,2.42444930665735,1.43026031668154,20,10,0,3.13475998969076,0.344836594189614,20,170,-8.00846837609072
0.31872271467571,-40,0.847852902077836,28.5,0.3,20,2.42444930665735,1.43026031668154,20,10,0,3.13475998969076,0.344836594189614,20,172,-8.09103610608931
0.31872271467571,-40,0.847852902077836,28.5,0.3,20,2.42444930665735,1.43026031668154,20,10,0,3.13475998969076,0.344836594189614,20,174,-8.23233154466126
0.31872271467571,-40,0.847852902077836,28.5,0.3,20,2.42444930665735,1.43026031668154,20,10,0,3.13475998969076,0.344836594189614,20,176,-8.36542352269885
0.31872271467571,-40,0.847852902077836,28.5,0.3,20,2.42444930665735,1.43026031668154,20,10,0,3.13475998969076,0.344836594189614,20,178,-8.43474624309784
0.31872271467571,-40,0.847852902077836,28.5,0.3,20,2.42444930665735,1.43026031668154,20,10,0,3.13475998969076,0.344836594189614,20,180,-8.40856509966651
0.31872271467571,-40,0.847852902077836,28.6,0.3,20,2.42444930665735,1.43026031668154,20,10,0,3.13475998969076,0.344836594189614,20,-180,-8.54657541071566
0.31872271467571,-40,0.847852902077836,28.6,0.3,20,2.42444930665735,1.43026031668154,20,10,0,3.13475998969076,0.344836594189614,20,-178,-8.41550592048202
0.31872271467571,-40,0.847852902077836,28.6,0.3,20,2.42444930665735,1.43026031668154,20,10,0,3.13475998969076,0.344836594189614,20,-176,-8.21009525238401
0.31872271467571,-40,0.847852902077836,28.6,0.3,20,2.42444930665735,1.43026031668154,20,10,0,3.13475998969076,0.344836594189614,20,-174,-7.98981755436446
0.31872271467571,-40,0.847852902077836,28.6,0.3,20,2.42444930665735,1.43026031668154,20,10,0,3.13475998969076,0.344836594189614,20,-172,-7.8226075178244
0.31872271467571,-40,0.847852902077836,28.6,0.3,20,2.42444930665735,1.43026031668154,20,10,0,3.13475998969076,0.344836594189614,20,-170,-7.77280864836145
0.31872271467571,-40,0.847852902077836,28.6,0.3,20,2.42444930665735,1.43026031668154,20,10,0,3.13475998969076,0.344836594189614,20,-168,-7.89557995656828
0.31872271467571,-40,0.847852902077836,28.6,0.3,20,2.42444930665735,1.43026031668154,20,10,0,3.13475998969076,0.344836594189614,20,-166,-8.23679790533188
0.31872271467571,-40,0.847852902077836,28.6,0.3,20,2.42444930665735,1.43026031668154,20,10,0,3.13475998969076,0.344836594189614,20,-164,-8.83563291860729
0.31872271467571,-40,0.847852902077836,28.6,0.3,20,2.42444930665735,1.43026031668154,20,10,0,3.13475998969076,0.344836594189614,20,-162,-9.72588744033181
0.31872271467571,-40,0.847852902077836,28.6,0.3,20,2.42444930665735,1.43026031668154,20,10,0,3.13475998969076,0.344836594189614,20,-160,-10.9285367019448
0.31872271467571,-40,0.847852902077836,28.6,0.3,20,2.42444930665735,1.43026031668154,20,10,0,3.13475998969076,0.344836594189614,20,-158,-12.4161105415653
0.31872271467571,-40,0.847852902077836,28.6,0.3,20,2.42444930665735,1.43026031668154,20,10,0,3.13475998969076,0.344836594189614,20,-156,-14.0077693839872
0.31872271467571,-40,0.847852902077836,28.6,0.3,20,2.42444930665735,1.43026031668154,20,10,0,3.13475998969076,0.344836594189614,20,-154,-15.2113335120329
0.31872271467571,-40,0.847852902077836,28.6,0.3,20,2.42444930665735,1.43026031668154,20,10,0,3.13475998969076,0.344836594189614,20,-152,-15.4473448188916
0.31872271467571,-40,0.847852902077836,28.6,0.3,20,2.42444930665735,1.43026031668154,20,10,0,3.13475998969076,0.344836594189614,20,-150,-14.8492392053902
0.31872271467571,-40,0.847852902077836,28.6,0.3,20,2.42444930665735,1.43026031668154,20,10,0,3.13475998969076,0.344836594189614,20,-148,-14.094904103855
0.31872271467571,-40,0.847852902077836,28.6,0.3,20,2.42444930665735,1.43026031668154,20,10,0,3.13475998969076,0.344836594189614,20,-146,-13.6435125629375
0.31872271467571,-40,0.847852902077836,28.6,0.3,20,2.42444930665735,1.43026031668154,20,10,0,3.13475998969076,0.344836594189614,20,-144,-13.6609981312779
0.31872271467571,-40,0.847852902077836,28.6,0.3,20,2.42444930665735,1.43026031668154,20,10,0,3.13475998969076,0.344836594189614,20,-142,-14.1759360277627
0.31872271467571,-40,0.847852902077836,28.6,0.3,20,2.42444930665735,1.43026031668154,20,10,0,3.13475998969076,0.344836594189614,20,-140,-15.1549845430969
0.31872271467571,-40,0.847852902077836,28.6,0.3,20,2.42444930665735,1.43026031668154,20,10,0,3.13475998969076,0.344836594189614,20,-138,-16.5163343537486
0.31872271467571,-40,0.847852902077836,28.6,0.3,20,2.42444930665735,1.43026031668154,20,10,0,3.13475998969076,0.344836594189614,20,-136,-18.1190057193108
0.31872271467571,-40,0.847852902077836,28.6,0.3,20,2.42444930665735,1.43026031668154,20,10,0,3.13475998969076,0.344836594189614,20,-134,-19.7308218044719
0.31872271467571,-40,0.847852902077836,28.6,0.3,20,2.42444930665735,1.43026031668154,20,10,0,3.13475998969076,0.344836594189614,20,-132,-20.9251745082182
0.31872271467571,-40,0.847852902077836,28.6,0.3,20,2.42444930665735,1.43026031668154,20,10,0,3.13475998969076,0.344836594189614,20,-130,-21.0442415975555
0.31872271467571,-40,0.847852902077836,28.6,0.3,20,2.42444930665735,1.43026031668154,20,10,0,3.13475998969076,0.344836594189614,20,-128,-19.8702101002984
0.31872271467571,-40,0.847852902077836,28.6,0.3,20,2.42444930665735,1.43026031668154,20,10,0,3.13475998969076,0.344836594189614,20,-126,-18.0846207288519
0.31872271467571,-40,0.847852902077836,28.6,0.3,20,2.42444930665735,1.43026031668154,20,10,0,3.13475998969076,0.344836594189614,20,-124,-16.3812532222228
0.31872271467571,-40,0.847852902077836,28.6,0.3,20,2.42444930665735,1.43026031668154,20,10,0,3.13475998969076,0.344836594189614,20,-122,-15.0472684374079
0.31872271467571,-40,0.847852902077836,28.6,0.3,20,2.42444930665735,1.43026031668154,20,10,0,3.13475998969076,0.344836594189614,20,-120,-14.1390070271071
0.31872271467571,-40,0.847852902077836,28.6,0.3,20,2.42444930665735,1.43026031668154,20,10,0,3.13475998969076,0.344836594189614,20,-118,-13.6263461935812
0.31872271467571,-40,0.847852902077836,28.6,0.3,20,2.42444930665735,1.43026031668154,20,10,0,3.13475998969076,0.344836594189614,20,-116,-13.4436954611217
0.31872271467571,-40,0.847852902077836,28.6,0.3,20,2.42444930665735,1.43026031668154,20,10,0,3.13475998969076,0.344836594189614,20,-114,-13.4989086192445
0.31872271467571,-40,0.847852902077836,28.6,0.3,20,2.42444930665735,1.43026031668154,20,10,0,3.13475998969076,0.344836594189614,20,-112,-13.6680389121253
0.31872271467571,-40,0.847852902077836,28.6,0.3,20,2.42444930665735,1.43026031668154,20,10,0,3.13475998969076,0.344836594189614,20,-110,-13.7972153552651
0.31872271467571,-40,0.847852902077836,28.6,0.3,20,2.42444930665735,1.43026031668154,20,10,0,3.13475998969076,0.344836594189614,20,-108,-13.7369232079834
0.31872271467571,-40,0.847852902077836,28.6,0.3,20,2.42444930665735,1.43026031668154,20,10,0,3.13475998969076,0.344836594189614,20,-106,-13.4082551416454
0.31872271467571,-40,0.847852902077836,28.6,0.3,20,2.42444930665735,1.43026031668154,20,10,0,3.13475998969076,0.344836594189614,20,-104,-12.8403750857799
0.31872271467571,-40,0.847852902077836,28.6,0.3,20,2.42444930665735,1.43026031668154,20,10,0,3.13475998969076,0.344836594189614,20,-102,-12.1316459030126
0.31872271467571,-40,0.847852902077836,28.6,0.3,20,2.42444930665735,1.43026031668154,20,10,0,3.13475998969076,0.344836594189614,20,-100,-11.3830884329846
0.31872271467571,-40,0.847852902077836,28.6,0.3,20,2.42444930665735,1.43026031668154,20,10,0,3.13475998969076,0.344836594189614,20,-98,-10.6657979878943
0.31872271467571,-40,0.847852902077836,28.6,0.3,20,2.42444930665735,1.43026031668154,20,10,0,3.13475998969076,0.344836594189614,20,-96,-10.0225914727689
0.31872271467571,-40,0.847852902077836,28.6,0.3,20,2.42444930665735,1.43026031668154,20,10,0,3.13475998969076,0.344836594189614,20,-94,-9.4790305647961
0.31872271467571,-40,0.847852902077836,28.6,0.3,20,2.42444930665735,1.43026031668154,20,10,0,3.13475998969076,0.344836594189614,20,-92,-9.04932377493178
0.31872271467571,-40,0.847852902077836,28.6,0.3,20,2.42444930665735,1.43026031668154,20,10,0,3.13475998969076,0.344836594189614,20,-90,-8.73446349428704
0.31872271467571,-40,0.847852902077836,28.6,0.3,20,2.42444930665735,1.43026031668154,20,10,0,3.13475998969076,0.344836594189614,20,-88,-8.51529721445533
0.31872271467571,-40,0.847852902077836,28.6,0.3,20,2.42444930665735,1.43026031668154,20,10,0,3.13475998969076,0.344836594189614,20,-86,-8.34593957781358
0.31872271467571,-40,0.847852902077836,28.6,0.3,20,2.42444930665735,1.43026031668154,20,10,0,3.13475998969076,0.344836594189614,20,-84,-8.15666639701424
0.31872271467571,-40,0.847852902077836,28.6,0.3,20,2.42444930665735,1.43026031668154,20,10,0,3.13475998969076,0.344836594189614,20,-82,-7.87679373823304
0.31872271467571,-40,0.847852902077836,28.6,0.3,20,2.42444930665735,1.43026031668154,20,10,0,3.13475998969076,0.344836594189614,20,-80,-7.47392538137321
0.31872271467571,-40,0.847852902077836,28.6,0.3,20,2.42444930665735,1.43026031668154,20,10,0,3.13475998969076,0.344836594189614,20,-78,-6.97895333713353
0.31872271467571,-40,0.847852902077836,28.6,0.3,20,2.42444930665735,1.43026031668154,20,10,0,3.13475998969076,0.344836594189614,20,-76,-6.46935445387625
0.31872271467571,-40,0.847852902077836,28.6,0.3,20,2.42444930665735,1.43026031668154,20,10,0,3.13475998969076,0.344836594189614,20,-74,-6.02613496821087
0.31872271467571,-40,0.847852902077836,28.6,0.3,20,2.42444930665735,1.43026031668154,20,10,0,3.13475998969076,0.344836594189614,20,-72,-5.69771907048794
0.31872271467571,-40,0.847852902077836,28.6,0.3,20,2.42444930665735,1.43026031668154,20,10,0,3.13475998969076,0.344836594189614,20,-70,-5.48153153851129
0.31872271467571,-40,0.847852902077836,28.6,0.3,20,2.42444930665735,1.43026031668154,20,10,0,3.13475998969076,0.344836594189614,20,-68,-5.318792807965
0.31872271467571,-40,0.847852902077836,28.6,0.3,20,2.42444930665735,1.43026031668154,20,10,0,3.13475998969076,0.344836594189614,20,-66,-5.10733844471052
0.31872271467571,-40,0.847852902077836,28.6,0.3,20,2.42444930665735,1.43026031668154,20,10,0,3.13475998969076,0.344836594189614,20,-64,-4.74740552807979
0.31872271467571,-40,0.847852902077836,28.6,0.3,20,2.42444930665735,1.43026031668154,20,10,0,3.13475998969076,0.344836594189614,20,-62,-4.20781303472499
0.31872271467571,-40,0.847852902077836,28.6,0.3,20,2.42444930665735,1.43026031668154,20,10,0,3.13475998969076,0.344836594189614,20,-60,-3.55150329138744
0.31872271467571,-40,0.847852902077836,28.6,0.3,20,2.42444930665735,1.43026031668154,20,10,0,3.13475998969076,0.344836594189614,20,-58,-2.89071328794709
0.31872271467571,-40,0.847852902077836,28.6,0.3,20,2.42444930665735,1.43026031668154,20,10,0,3.13475998969076,0.344836594189614,20,-56,-2.32444410500068
0.31872271467571,-40,0.847852902077836,28.6,0.3,20,2.42444930665735,1.43026031668154,20,10,0,3.13475998969076,0.344836594189614,20,-54,-1.90701153784322
0.31872271467571,-40,0.847852902077836,28.6,0.3,20,2.42444930665735,1.43026031668154,20,10,0,3.13475998969076,0.344836594189614,20,-52,-1.64439426329127
0.31872271467571,-40,0.847852902077836,28.6,0.3,20,2.42444930665735,1.43026031668154,20,10,0,3.13475998969076,0.344836594189614,20,-50,-1.50052763253806
0.31872271467571,-40,0.847852902077836,28.6,0.3,20,2.42444930665735,1.43026031668154,20,10,0,3.13475998969076,0.344836594189614,20,-48,-1.40808707253664
0.31872271467571,-40,0.847852902077836,28.6,0.3,20,2.42444930665735,1.43026031668154,20,10,0,3.13475998969076,0.344836594189614,20,-46,-1.28866758305253
0.31872271467571,-40,0.847852902077836,28.6,0.3,20,2.42444930665735,1.43026031668154,20,10,0,3.13475998969076,0.344836594189614,20,-44,-1.08370612749767
0.31872271467571,-40,0.847852902077836,28.6,0.3,20,2.42444930665735,1.43026031668154,20,10,0,3.13475998969076,0.344836594189614,20,-42,-0.780794976832432
0.31872271467571,-40,0.847852902077836,28.6,0.3,20,2.42444930665735,1.43026031668154,20,10,0,3.13475998969076,0.344836594189614,20,-40,-0.413622969667724
0.31872271467571,-40,0.847852902077836,28.6,0.3,20,2.42444930665735,1.43026031668154,20,10,0,3.13475998969076,0.344836594189614,20,-38,-0.0363544250665046
0.31872271467571,-40,0.847852902077836,28.6,0.3,20,2.42444930665735,1.43026031668154,20,10,0,3.13475998969076,0.344836594189614,20,-36,0.304630547923947
0.31872271467571,-40,0.847852902077836,28.6,0.3,20,2.42444930665735,1.43026031668154,20,10,0,3.13475998969076,0.344836594189614,20,-34,0.585402739368335
0.31872271467571,-40,0.847852902077836,28.6,0.3,20,2.42444930665735,1.43026031668154,20,10,0,3.13475998969076,0.344836594189614,20,-32,0.805803879323565
0.31872271467571,-40,0.847852902077836,28.6,0.3,20,2.42444930665735,1.43026031668154,20,10,0,3.13475998969076,0.344836594189614,20,-30,0.983342590085826
0.31872271467571,-40,0.847852902077836,28.6,0.3,20,2.42444930665735,1.43026031668154,20,10,0,3.13475998969076,0.344836594189614,20,-28,1.14366892375306
0.31872271467571,-40,0.847852902077836,28.6,0.3,20,2.42444930665735,1.43026031668154,20,10,0,3.13475998969076,0.344836594189614,20,-26,1.3100989102609
0.31872271467571,-40,0.847852902077836,28.6,0.3,20,2.42444930665735,1.43026031668154,20,10,0,3.13475998969076,0.344836594189614,20,-24,1.49526969118624
0.31872271467571,-40,0.847852902077836,28.6,0.3,20,2.42444930665735,1.43026031668154,20,10,0,3.13475998969076,0.344836594189614,20,-22,1.69816204151655
0.31872271467571,-40,0.847852902077836,28.6,0.3,20,2.42444930665735,1.43026031668154,20,10,0,3.13475998969076,0.344836594189614,20,-20,1.90726813640482
0.31872271467571,-40,0.847852902077836,28.6,0.3,20,2.42444930665735,1.43026031668154,20,10,0,3.13475998969076,0.344836594189614,20,-18,2.10721703368095
0.31872271467571,-40,0.847852902077836,28.6,0.3,20,2.42444930665735,1.43026031668154,20,10,0,3.13475998969076,0.344836594189614,20,-16,2.28497680987571
0.31872271467571,-40,0.847852902077836,28.6,0.3,20,2.42444930665735,1.43026031668154,20,10,0,3.13475998969076,0.344836594189614,20,-14,2.43330740038861
0.31872271467571,-40,0.847852902077836,28.6,0.3,20,2.42444930665735,1.43026031668154,20,10,0,3.13475998969076,0.344836594189614,20,-12,2.55127536093113
0.31872271467571,-40,0.847852902077836,28.6,0.3,20,2.42444930665735,1.43026031668154,20,10,0,3.13475998969076,0.344836594189614,20,-10,2.64277400915769
0.31872271467571,-40,0.847852902077836,28.6,0.3,20,2.42444930665735,1.43026031668154,20,10,0,3.13475998969076,0.344836594189614,20,-8,2.71415243071679
0.31872271467571,-40,0.847852902077836,28.6,0.3,20,2.42444930665735,1.43026031668154,20,10,0,3.13475998969076,0.344836594189614,20,-6,2.77183528748451
0.31872271467571,-40,0.847852902077836,28.6,0.3,20,2.42444930665735,1.43026031668154,20,10,0,3.13475998969076,0.344836594189614,20,-4,2.82053438916819
0.31872271467571,-40,0.847852902077836,28.6,0.3,20,2.42444930665735,1.43026031668154,20,10,0,3.13475998969076,0.344836594189614,20,-2,2.86234507226241
0.31872271467571,-40,0.847852902077836,28.6,0.3,20,2.42444930665735,1.43026031668154,20,10,0,3.13475998969076,0.344836594189614,20,0,2.89668724688682
0.31872271467571,-40,0.847852902077836,28.6,0.3,20,2.42444930665735,1.43026031668154,20,10,0,3.13475998969076,0.344836594189614,20,2,2.92079116377168
0.31872271467571,-40,0.847852902077836,28.6,0.3,20,2.42444930665735,1.43026031668154,20,10,0,3.13475998969076,0.344836594189614,20,4,2.93036099880998
0.31872271467571,-40,0.847852902077836,28.6,0.3,20,2.42444930665735,1.43026031668154,20,10,0,3.13475998969076,0.344836594189614,20,6,2.92018590022756
0.31872271467571,-40,0.847852902077836,28.6,0.3,20,2.42444930665735,1.43026031668154,20,10,0,3.13475998969076,0.344836594189614,20,8,2.88469018327522
0.31872271467571,-40,0.847852902077836,28.6,0.3,20,2.42444930665735,1.43026031668154,20,10,0,3.13475998969076,0.344836594189614,20,10,2.81857155202684
0.31872271467571,-40,0.847852902077836,28.6,0.3,20,2.42444930665735,1.43026031668154,20,10,0,3.13475998969076,0.344836594189614,20,12,2.71768767736808
0.31872271467571,-40,0.847852902077836,28.6,0.3,20,2.42444930665735,1.43026031668154,20,10,0,3.13475998969076,0.344836594189614,20,14,2.58022941686723
0.31872271467571,-40,0.847852902077836,28.6,0.3,20,2.42444930665735,1.43026031668154,20,10,0,3.13475998969076,0.344836594189614,20,16,2.40801846378006
0.31872271467571,-40,0.847852902077836,28.6,0.3,20,2.42444930665735,1.43026031668154,20,10,0,3.13475998969076,0.344836594189614,20,18,2.20752608970584
0.31872271467571,-40,0.847852902077836,28.6,0.3,20,2.42444930665735,1.43026031668154,20,10,0,3.13475998969076,0.344836594189614,20,20,1.98995699430117
0.31872271467571,-40,0.847852902077836,28.6,0.3,20,2.42444930665735,1.43026031668154,20,10,0,3.13475998969076,0.344836594189614,20,22,1.76960848679044
0.31872271467571,-40,0.847852902077836,28.6,0.3,20,2.42444930665735,1.43026031668154,20,10,0,3.13475998969076,0.344836594189614,20,24,1.56003925317708
0.31872271467571,-40,0.847852902077836,28.6,0.3,20,2.42444930665735,1.43026031668154,20,10,0,3.13475998969076,0.344836594189614,20,26,1.36870917351796
0.31872271467571,-40,0.847852902077836,28.6,0.3,20,2.42444930665735,1.43026031668154,20,10,0,3.13475998969076,0.344836594189614,20,28,1.19233814285103
0.31872271467571,-40,0.847852902077836,28.6,0.3,20,2.42444930665735,1.43026031668154,20,10,0,3.13475998969076,0.344836594189614,20,30,1.01586016595923
0.31872271467571,-40,0.847852902077836,28.6,0.3,20,2.42444930665735,1.43026031668154,20,10,0,3.13475998969076,0.344836594189614,20,32,0.816348657712359
0.31872271467571,-40,0.847852902077836,28.6,0.3,20,2.42444930665735,1.43026031668154,20,10,0,3.13475998969076,0.344836594189614,20,34,0.570673062053955
0.31872271467571,-40,0.847852902077836,28.6,0.3,20,2.42444930665735,1.43026031668154,20,10,0,3.13475998969076,0.344836594189614,20,36,0.264237898074289
0.31872271467571,-40,0.847852902077836,28.6,0.3,20,2.42444930665735,1.43026031668154,20,10,0,3.13475998969076,0.344836594189614,20,38,-0.101445736915909
0.31872271467571,-40,0.847852902077836,28.6,0.3,20,2.42444930665735,1.43026031668154,20,10,0,3.13475998969076,0.344836594189614,20,40,-0.504119933113446
0.31872271467571,-40,0.847852902077836,28.6,0.3,20,2.42444930665735,1.43026031668154,20,10,0,3.13475998969076,0.344836594189614,20,42,-0.901883592811645
0.31872271467571,-40,0.847852902077836,28.6,0.3,20,2.42444930665735,1.43026031668154,20,10,0,3.13475998969076,0.344836594189614,20,44,-1.24422866618275
0.31872271467571,-40,0.847852902077836,28.6,0.3,20,2.42444930665735,1.43026031668154,20,10,0,3.13475998969076,0.344836594189614,20,46,-1.49381192470004
0.31872271467571,-40,0.847852902077836,28.6,0.3,20,2.42444930665735,1.43026031668154,20,10,0,3.13475998969076,0.344836594189614,20,48,-1.6487141371052
0.31872271467571,-40,0.847852902077836,28.6,0.3,20,2.42444930665735,1.43026031668154,20,10,0,3.13475998969076,0.344836594189614,20,50,-1.74784162199567
0.31872271467571,-40,0.847852902077836,28.6,0.3,20,2.42444930665735,1.43026031668154,20,10,0,3.13475998969076,0.344836594189614,20,52,-1.85441079770802
0.31872271467571,-40,0.847852902077836,28.6,0.3,20,2.42444930665735,1.43026031668154,20,10,0,3.13475998969076,0.344836594189614,20,54,-2.03121880470611
0.31872271467571,-40,0.847852902077836,28.6,0.3,20,2.42444930665735,1.43026031668154,20,10,0,3.13475998969076,0.344836594189614,20,56,-2.32236663261879
0.31872271467571,-40,0.847852902077836,28.6,0.3,20,2.42444930665735,1.43026031668154,20,10,0,3.13475998969076,0.344836594189614,20,58,-2.74425385114292
0.31872271467571,-40,0.847852902077836,28.6,0.3,20,2.42444930665735,1.43026031668154,20,10,0,3.13475998969076,0.344836594189614,20,60,-3.28178109827615
0.31872271467571,-40,0.847852902077836,28.6,0.3,20,2.42444930665735,1.43026031668154,20,10,0,3.13475998969076,0.344836594189614,20,62,-3.88768264335339
0.31872271467571,-40,0.847852902077836,28.6,0.3,20,2.42444930665735,1.43026031668154,20,10,0,3.13475998969076,0.344836594189614,20,64,-4.48900702886653
0.31872271467571,-40,0.847852902077836,28.6,0.3,20,2.42444930665735,1.43026031668154,20,10,0,3.13475998969076,0.344836594189614,20,66,-5.0081870434189
0.31872271467571,-40,0.847852902077836,28.6,0.3,20,2.42444930665735,1.43026031668154,20,10,0,3.13475998969076,0.344836594189614,20,68,-5.39688475972464
0.31872271467571,-40,0.847852902077836,28.6,0.3,20,2.42444930665735,1.43026031668154,20,10,0,3.13475998969076,0.344836594189614,20,70,-5.66044391555783
0.31872271467571,-40,0.847852902077836,28.6,0.3,20,2.42444930665735,1.43026031668154,20,10,0,3.13475998969076,0.344836594189614,20,72,-5.85011388103458
0.31872271467571,-40,0.847852902077836,28.6,0.3,20,2.42444930665735,1.43026031668154,20,10,0,3.13475998969076,0.344836594189614,20,74,-6.0316436948333
0.31872271467571,-40,0.847852902077836,28.6,0.3,20,2.42444930665735,1.43026031668154,20,10,0,3.13475998969076,0.344836594189614,20,76,-6.25784469997367
0.31872271467571,-40,0.847852902077836,28.6,0.3,20,2.42444930665735,1.43026031668154,20,10,0,3.13475998969076,0.344836594189614,20,78,-6.55793275520137
0.31872271467571,-40,0.847852902077836,28.6,0.3,20,2.42444930665735,1.43026031668154,20,10,0,3.13475998969076,0.344836594189614,20,80,-6.93865641449467
0.31872271467571,-40,0.847852902077836,28.6,0.3,20,2.42444930665735,1.43026031668154,20,10,0,3.13475998969076,0.344836594189614,20,82,-7.38887563029631
0.31872271467571,-40,0.847852902077836,28.6,0.3,20,2.42444930665735,1.43026031668154,20,10,0,3.13475998969076,0.344836594189614,20,84,-7.88310137940913
0.31872271467571,-40,0.847852902077836,28.6,0.3,20,2.42444930665735,1.43026031668154,20,10,0,3.13475998969076,0.344836594189614,20,86,-8.38366328002119
0.31872271467571,-40,0.847852902077836,28.6,0.3,20,2.42444930665735,1.43026031668154,20,10,0,3.13475998969076,0.344836594189614,20,88,-8.84465197426957
0.31872271467571,-40,0.847852902077836,28.6,0.3,20,2.42444930665735,1.43026031668154,20,10,0,3.13475998969076,0.344836594189614,20,90,-9.22268312490933
0.31872271467571,-40,0.847852902077836,28.6,0.3,20,2.42444930665735,1.43026031668154,20,10,0,3.13475998969076,0.344836594189614,20,92,-9.49582074848857
0.31872271467571,-40,0.847852902077836,28.6,0.3,20,2.42444930665735,1.43026031668154,20,10,0,3.13475998969076,0.344836594189614,20,94,-9.68133918805995
0.31872271467571,-40,0.847852902077836,28.6,0.3,20,2.42444930665735,1.43026031668154,20,10,0,3.13475998969076,0.344836594189614,20,96,-9.83729583054365
0.31872271467571,-40,0.847852902077836,28.6,0.3,20,2.42444930665735,1.43026031668154,20,10,0,3.13475998969076,0.344836594189614,20,98,-10.0448590991084
0.31872271467571,-40,0.847852902077836,28.6,0.3,20,2.42444930665735,1.43026031668154,20,10,0,3.13475998969076,0.344836594189614,20,100,-10.3843045953839
0.31872271467571,-40,0.847852902077836,28.6,0.3,20,2.42444930665735,1.43026031668154,20,10,0,3.13475998969076,0.344836594189614,20,102,-10.916620457558
0.31872271467571,-40,0.847852902077836,28.6,0.3,20,2.42444930665735,1.43026031668154,20,10,0,3.13475998969076,0.344836594189614,20,104,-11.6702357860201
0.31872271467571,-40,0.847852902077836,28.6,0.3,20,2.42444930665735,1.43026031668154,20,10,0,3.13475998969076,0.344836594189614,20,106,-12.6234923497618
0.31872271467571,-40,0.847852902077836,28.6,0.3,20,2.42444930665735,1.43026031668154,20,10,0,3.13475998969076,0.344836594189614,20,108,-13.6738136326736
0.31872271467571,-40,0.847852902077836,28.6,0.3,20,2.42444930665735,1.43026031668154,20,10,0,3.13475998969076,0.344836594189614,20,110,-14.6081335359118
0.31872271467571,-40,0.847852902077836,28.6,0.3,20,2.42444930665735,1.43026031668154,20,10,0,3.13475998969076,0.344836594189614,20,112,-15.157786018784
0.31872271467571,-40,0.847852902077836,28.6,0.3,20,2.42444930665735,1.43026031668154,20,10,0,3.13475998969076,0.344836594189614,20,114,-15.2079511100975
0.31872271467571,-40,0.847852902077836,28.6,0.3,20,2.42444930665735,1.43026031668154,20,10,0,3.13475998969076,0.344836594189614,20,116,-14.9322718558574
0.31872271467571,-40,0.847852902077836,28.6,0.3,20,2.42444930665735,1.43026031668154,20,10,0,3.13475998969076,0.344836594189614,20,118,-14.6319188399304
0.31872271467571,-40,0.847852902077836,28.6,0.3,20,2.42444930665735,1.43026031668154,20,10,0,3.13475998969076,0.344836594189614,20,120,-14.5442894570316
0.31872271467571,-40,0.847852902077836,28.6,0.3,20,2.42444930665735,1.43026031668154,20,10,0,3.13475998969076,0.344836594189614,20,122,-14.80395706486
0.31872271467571,-40,0.847852902077836,28.6,0.3,20,2.42444930665735,1.43026031668154,20,10,0,3.13475998969076,0.344836594189614,20,124,-15.4641114892365
0.31872271467571,-40,0.847852902077836,28.6,0.3,20,2.42444930665735,1.43026031668154,20,10,0,3.13475998969076,0.344836594189614,20,126,-16.4969057074497
0.31872271467571,-40,0.847852902077836,28.6,0.3,20,2.42444930665735,1.43026031668154,20,10,0,3.13475998969076,0.344836594189614,20,128,-17.7507960120662
0.31872271467571,-40,0.847852902077836,28.6,0.3,20,2.42444930665735,1.43026031668154,20,10,0,3.13475998969076,0.344836594189614,20,130,-18.8905243119485
0.31872271467571,-40,0.847852902077836,28.6,0.3,20,2.42444930665735,1.43026031668154,20,10,0,3.13475998969076,0.344836594189614,20,132,-19.4591992293918
0.31872271467571,-40,0.847852902077836,28.6,0.3,20,2.42444930665735,1.43026031668154,20,10,0,3.13475998969076,0.344836594189614,20,134,-19.1837517657333
0.31872271467571,-40,0.847852902077836,28.6,0.3,20,2.42444930665735,1.43026031668154,20,10,0,3.13475998969076,0.344836594189614,20,136,-18.1823320179324
0.31872271467571,-40,0.847852902077836,28.6,0.3,20,2.42444930665735,1.43026031668154,20,10,0,3.13475998969076,0.344836594189614,20,138,-16.806621537001
0.31872271467571,-40,0.847852902077836,28.6,0.3,20,2.42444930665735,1.43026031668154,20,10,0,3.13475998969076,0.344836594189614,20,140,-15.4262644390065
0.31872271467571,-40,0.847852902077836,28.6,0.3,20,2.42444930665735,1.43026031668154,20,10,0,3.13475998969076,0.344836594189614,20,142,-14.3176128639631
0.31872271467571,-40,0.847852902077836,28.6,0.3,20,2.42444930665735,1.43026031668154,20,10,0,3.13475998969076,0.344836594189614,20,144,-13.642791785657
0.31872271467571,-40,0.847852902077836,28.6,0.3,20,2.42444930665735,1.43026031668154,20,10,0,3.13475998969076,0.344836594189614,20,146,-13.4725007901322
0.31872271467571,-40,0.847852902077836,28.6,0.3,20,2.42444930665735,1.43026031668154,20,10,0,3.13475998969076,0.344836594189614,20,148,-13.791494857187
0.31872271467571,-40,0.847852902077836,28.6,0.3,20,2.42444930665735,1.43026031668154,20,10,0,3.13475998969076,0.344836594189614,20,150,-14.4326114813781
0.31872271467571,-40,0.847852902077836,28.6,0.3,20,2.42444930665735,1.43026031668154,20,10,0,3.13475998969076,0.344836594189614,20,152,-14.926923495541
0.31872271467571,-40,0.847852902077836,28.6,0.3,20,2.42444930665735,1.43026031668154,20,10,0,3.13475998969076,0.344836594189614,20,154,-14.6054150364928
0.31872271467571,-40,0.847852902077836,28.6,0.3,20,2.42444930665735,1.43026031668154,20,10,0,3.13475998969076,0.344836594189614,20,156,-13.3743247017611
0.31872271467571,-40,0.847852902077836,28.6,0.3,20,2.42444930665735,1.43026031668154,20,10,0,3.13475998969076,0.344836594189614,20,158,-11.8241053506711
0.31872271467571,-40,0.847852902077836,28.6,0.3,20,2.42444930665735,1.43026031668154,20,10,0,3.13475998969076,0.344836594189614,20,160,-10.4304442031396
0.31872271467571,-40,0.847852902077836,28.6,0.3,20,2.42444930665735,1.43026031668154,20,10,0,3.13475998969076,0.344836594189614,20,162,-9.35872623500818
0.31872271467571,-40,0.847852902077836,28.6,0.3,20,2.42444930665735,1.43026031668154,20,10,0,3.13475998969076,0.344836594189614,20,164,-8.62298785589786
0.31872271467571,-40,0.847852902077836,28.6,0.3,20,2.42444930665735,1.43026031668154,20,10,0,3.13475998969076,0.344836594189614,20,166,-8.18719713502507
0.31872271467571,-40,0.847852902077836,28.6,0.3,20,2.42444930665735,1.43026031668154,20,10,0,3.13475998969076,0.344836594189614,20,168,-7.99992391588934
0.31872271467571,-40,0.847852902077836,28.6,0.3,20,2.42444930665735,1.43026031668154,20,10,0,3.13475998969076,0.344836594189614,20,170,-8.00260284614175
0.31872271467571,-40,0.847852902077836,28.6,0.3,20,2.42444930665735,1.43026031668154,20,10,0,3.13475998969076,0.344836594189614,20,172,-8.13021250444001
0.31872271467571,-40,0.847852902077836,28.6,0.3,20,2.42444930665735,1.43026031668154,20,10,0,3.13475998969076,0.344836594189614,20,174,-8.31223090988449
0.31872271467571,-40,0.847852902077836,28.6,0.3,20,2.42444930665735,1.43026031668154,20,10,0,3.13475998969076,0.344836594189614,20,176,-8.47795691178601
0.31872271467571,-40,0.847852902077836,28.6,0.3,20,2.42444930665735,1.43026031668154,20,10,0,3.13475998969076,0.344836594189614,20,178,-8.56762453132431
0.31872271467571,-40,0.847852902077836,28.6,0.3,20,2.42444930665735,1.43026031668154,20,10,0,3.13475998969076,0.344836594189614,20,180,-8.54657541071566
0.31872271467571,-40,0.847852902077836,28.7,0.3,20,2.42444930665735,1.43026031668154,20,10,0,3.13475998969076,0.344836594189614,20,-180,-8.7039707491858
0.31872271467571,-40,0.847852902077836,28.7,0.3,20,2.42444930665735,1.43026031668154,20,10,0,3.13475998969076,0.344836594189614,20,-178,-8.56198612703739
0.31872271467571,-40,0.847852902077836,28.7,0.3,20,2.42444930665735,1.43026031668154,20,10,0,3.13475998969076,0.344836594189614,20,-176,-8.33261902592507
0.31872271467571,-40,0.847852902077836,28.7,0.3,20,2.42444930665735,1.43026031668154,20,10,0,3.13475998969076,0.344836594189614,20,-174,-8.07928290432768
0.31872271467571,-40,0.847852902077836,28.7,0.3,20,2.42444930665735,1.43026031668154,20,10,0,3.13475998969076,0.344836594189614,20,-172,-7.87345965184991
0.31872271467571,-40,0.847852902077836,28.7,0.3,20,2.42444930665735,1.43026031668154,20,10,0,3.13475998969076,0.344836594189614,20,-170,-7.78171674053682
0.31872271467571,-40,0.847852902077836,28.7,0.3,20,2.42444930665735,1.43026031668154,20,10,0,3.13475998969076,0.344836594189614,20,-168,-7.86001387764366
0.31872271467571,-40,0.847852902077836,28.7,0.3,20,2.42444930665735,1.43026031668154,20,10,0,3.13475998969076,0.344836594189614,20,-166,-8.15398611301776
0.31872271467571,-40,0.847852902077836,28.7,0.3,20,2.42444930665735,1.43026031668154,20,10,0,3.13475998969076,0.344836594189614,20,-164,-8.70218549455786
0.31872271467571,-40,0.847852902077836,28.7,0.3,20,2.42444930665735,1.43026031668154,20,10,0,3.13475998969076,0.344836594189614,20,-162,-9.53862300286571
0.31872271467571,-40,0.847852902077836,28.7,0.3,20,2.42444930665735,1.43026031668154,20,10,0,3.13475998969076,0.344836594189614,20,-160,-10.6882262569884
0.31872271467571,-40,0.847852902077836,28.7,0.3,20,2.42444930665735,1.43026031668154,20,10,0,3.13475998969076,0.344836594189614,20,-158,-12.1390718937575
0.31872271467571,-40,0.847852902077836,28.7,0.3,20,2.42444930665735,1.43026031668154,20,10,0,3.13475998969076,0.344836594189614,20,-156,-13.7535905588094
0.31872271467571,-40,0.847852902077836,28.7,0.3,20,2.42444930665735,1.43026031668154,20,10,0,3.13475998969076,0.344836594189614,20,-154,-15.1034778027603
0.31872271467571,-40,0.847852902077836,28.7,0.3,20,2.42444930665735,1.43026031668154,20,10,0,3.13475998969076,0.344836594189614,20,-152,-15.563097496594
0.31872271467571,-40,0.847852902077836,28.7,0.3,20,2.42444930665735,1.43026031668154,20,10,0,3.13475998969076,0.344836594189614,20,-150,-15.0920202763984
0.31872271467571,-40,0.847852902077836,28.7,0.3,20,2.42444930665735,1.43026031668154,20,10,0,3.13475998969076,0.344836594189614,20,-148,-14.3406032036662
0.31872271467571,-40,0.847852902077836,28.7,0.3,20,2.42444930665735,1.43026031668154,20,10,0,3.13475998969076,0.344836594189614,20,-146,-13.8351669163929
0.31872271467571,-40,0.847852902077836,28.7,0.3,20,2.42444930665735,1.43026031668154,20,10,0,3.13475998969076,0.344836594189614,20,-144,-13.7798091230943
0.31872271467571,-40,0.847852902077836,28.7,0.3,20,2.42444930665735,1.43026031668154,20,10,0,3.13475998969076,0.344836594189614,20,-142,-14.2124653450431
0.31872271467571,-40,0.847852902077836,28.7,0.3,20,2.42444930665735,1.43026031668154,20,10,0,3.13475998969076,0.344836594189614,20,-140,-15.0977213117757
0.31872271467571,-40,0.847852902077836,28.7,0.3,20,2.42444930665735,1.43026031668154,20,10,0,3.13475998969076,0.344836594189614,20,-138,-16.3509501436089
0.31872271467571,-40,0.847852902077836,28.7,0.3,20,2.42444930665735,1.43026031668154,20,10,0,3.13475998969076,0.344836594189614,20,-136,-17.8397074776034
0.31872271467571,-40,0.847852902077836,28.7,0.3,20,2.42444930665735,1.43026031668154,20,10,0,3.13475998969076,0.344836594189614,20,-134,-19.3700910625621
0.31872271467571,-40,0.847852902077836,28.7,0.3,20,2.42444930665735,1.43026031668154,20,10,0,3.13475998969076,0.344836594189614,20,-132,-20.5943660576713
0.31872271467571,-40,0.847852902077836,28.7,0.3,20,2.42444930665735,1.43026031668154,20,10,0,3.13475998969076,0.344836594189614,20,-130,-20.8934325403625
0.31872271467571,-40,0.847852902077836,28.7,0.3,20,2.42444930665735,1.43026031668154,20,10,0,3.13475998969076,0.344836594189614,20,-128,-19.8978396105583
0.31872271467571,-40,0.847852902077836,28.7,0.3,20,2.42444930665735,1.43026031668154,20,10,0,3.13475998969076,0.344836594189614,20,-126,-18.1716328763662
0.31872271467571,-40,0.847852902077836,28.7,0.3,20,2.42444930665735,1.43026031668154,20,10,0,3.13475998969076,0.344836594189614,20,-124,-16.457542557788
0.31872271467571,-40,0.847852902077836,28.7,0.3,20,2.42444930665735,1.43026031668154,20,10,0,3.13475998969076,0.344836594189614,20,-122,-15.0931743024439
0.31872271467571,-40,0.847852902077836,28.7,0.3,20,2.42444930665735,1.43026031668154,20,10,0,3.13475998969076,0.344836594189614,20,-120,-14.1517693105382
0.31872271467571,-40,0.847852902077836,28.7,0.3,20,2.42444930665735,1.43026031668154,20,10,0,3.13475998969076,0.344836594189614,20,-118,-13.6061934500882
0.31872271467571,-40,0.847852902077836,28.7,0.3,20,2.42444930665735,1.43026031668154,20,10,0,3.13475998969076,0.344836594189614,20,-116,-13.390679561845
0.31872271467571,-40,0.847852902077836,28.7,0.3,20,2.42444930665735,1.43026031668154,20,10,0,3.13475998969076,0.344836594189614,20,-114,-13.4138144286401
0.31872271467571,-40,0.847852902077836,28.7,0.3,20,2.42444930665735,1.43026031668154,20,10,0,3.13475998969076,0.344836594189614,20,-112,-13.5553516001909
0.31872271467571,-40,0.847852902077836,28.7,0.3,20,2.42444930665735,1.43026031668154,20,10,0,3.13475998969076,0.344836594189614,20,-110,-13.6686077559398
0.31872271467571,-40,0.847852902077836,28.7,0.3,20,2.42444930665735,1.43026031668154,20,10,0,3.13475998969076,0.344836594189614,20,-108,-13.6114341895181
0.31872271467571,-40,0.847852902077836,28.7,0.3,20,2.42444930665735,1.43026031668154,20,10,0,3.13475998969076,0.344836594189614,20,-106,-13.305606785507
0.31872271467571,-40,0.847852902077836,28.7,0.3,20,2.42444930665735,1.43026031668154,20,10,0,3.13475998969076,0.344836594189614,20,-104,-12.7719901765395
0.31872271467571,-40,0.847852902077836,28.7,0.3,20,2.42444930665735,1.43026031668154,20,10,0,3.13475998969076,0.344836594189614,20,-102,-12.0979307927014
0.31872271467571,-40,0.847852902077836,28.7,0.3,20,2.42444930665735,1.43026031668154,20,10,0,3.13475998969076,0.344836594189614,20,-100,-11.376834259273
0.31872271467571,-40,0.847852902077836,28.7,0.3,20,2.42444930665735,1.43026031668154,20,10,0,3.13475998969076,0.344836594189614,20,-98,-10.6763997762904
0.31872271467571,-40,0.847852902077836,28.7,0.3,20,2.42444930665735,1.43026031668154,20,10,0,3.13475998969076,0.344836594189614,20,-96,-10.0389550237545
0.31872271467571,-40,0.847852902077836,28.7,0.3,20,2.42444930665735,1.43026031668154,20,10,0,3.13475998969076,0.344836594189614,20,-94,-9.49160734442027
0.31872271467571,-40,0.847852902077836,28.7,0.3,20,2.42444930665735,1.43026031668154,20,10,0,3.13475998969076,0.344836594189614,20,-92,-9.05174523708464
0.31872271467571,-40,0.847852902077836,28.7,0.3,20,2.42444930665735,1.43026031668154,20,10,0,3.13475998969076,0.344836594189614,20,-90,-8.72482211363858
0.31872271467571,-40,0.847852902077836,28.7,0.3,20,2.42444930665735,1.43026031668154,20,10,0,3.13475998969076,0.344836594189614,20,-88,-8.49695399757922
0.31872271467571,-40,0.847852902077836,28.7,0.3,20,2.42444930665735,1.43026031668154,20,10,0,3.13475998969076,0.344836594189614,20,-86,-8.3274011228663
0.31872271467571,-40,0.847852902077836,28.7,0.3,20,2.42444930665735,1.43026031668154,20,10,0,3.13475998969076,0.344836594189614,20,-84,-8.14942407982218
0.31872271467571,-40,0.847852902077836,28.7,0.3,20,2.42444930665735,1.43026031668154,20,10,0,3.13475998969076,0.344836594189614,20,-82,-7.89035338975436
0.31872271467571,-40,0.847852902077836,28.7,0.3,20,2.42444930665735,1.43026031668154,20,10,0,3.13475998969076,0.344836594189614,20,-80,-7.51035827687003
0.31872271467571,-40,0.847852902077836,28.7,0.3,20,2.42444930665735,1.43026031668154,20,10,0,3.13475998969076,0.344836594189614,20,-78,-7.03201475147733
0.31872271467571,-40,0.847852902077836,28.7,0.3,20,2.42444930665735,1.43026031668154,20,10,0,3.13475998969076,0.344836594189614,20,-76,-6.52926276100999
0.31872271467571,-40,0.847852902077836,28.7,0.3,20,2.42444930665735,1.43026031668154,20,10,0,3.13475998969076,0.344836594189614,20,-74,-6.08535869606945
0.31872271467571,-40,0.847852902077836,28.7,0.3,20,2.42444930665735,1.43026031668154,20,10,0,3.13475998969076,0.344836594189614,20,-72,-5.75416010743793
0.31872271467571,-40,0.847852902077836,28.7,0.3,20,2.42444930665735,1.43026031668154,20,10,0,3.13475998969076,0.344836594189614,20,-70,-5.53915850047158
0.31872271467571,-40,0.847852902077836,28.7,0.3,20,2.42444930665735,1.43026031668154,20,10,0,3.13475998969076,0.344836594189614,20,-68,-5.38627386471079
0.31872271467571,-40,0.847852902077836,28.7,0.3,20,2.42444930665735,1.43026031668154,20,10,0,3.13475998969076,0.344836594189614,20,-66,-5.19383371825672
0.31872271467571,-40,0.847852902077836,28.7,0.3,20,2.42444930665735,1.43026031668154,20,10,0,3.13475998969076,0.344836594189614,20,-64,-4.85578452317084
0.31872271467571,-40,0.847852902077836,28.7,0.3,20,2.42444930665735,1.43026031668154,20,10,0,3.13475998969076,0.344836594189614,20,-62,-4.3307010743386
0.31872271467571,-40,0.847852902077836,28.7,0.3,20,2.42444930665735,1.43026031668154,20,10,0,3.13475998969076,0.344836594189614,20,-60,-3.67542540922448
0.31872271467571,-40,0.847852902077836,28.7,0.3,20,2.42444930665735,1.43026031668154,20,10,0,3.13475998969076,0.344836594189614,20,-58,-3.0037948729529
0.31872271467571,-40,0.847852902077836,28.7,0.3,20,2.42444930665735,1.43026031668154,20,10,0,3.13475998969076,0.344836594189614,20,-56,-2.42041098874412
0.31872271467571,-40,0.847852902077836,28.7,0.3,20,2.42444930665735,1.43026031668154,20,10,0,3.13475998969076,0.344836594189614,20,-54,-1.98509054741506
0.31872271467571,-40,0.847852902077836,28.7,0.3,20,2.42444930665735,1.43026031668154,20,10,0,3.13475998969076,0.344836594189614,20,-52,-1.7078944813768
0.31872271467571,-40,0.847852902077836,28.7,0.3,20,2.42444930665735,1.43026031668154,20,10,0,3.13475998969076,0.344836594189614,20,-50,-1.55545059480778
0.31872271467571,-40,0.847852902077836,28.7,0.3,20,2.42444930665735,1.43026031668154,20,10,0,3.13475998969076,0.344836594189614,20,-48,-1.46153959949596
0.31872271467571,-40,0.847852902077836,28.7,0.3,20,2.42444930665735,1.43026031668154,20,10,0,3.13475998969076,0.344836594189614,20,-46,-1.34656792866368
0.31872271467571,-40,0.847852902077836,28.7,0.3,20,2.42444930665735,1.43026031668154,20,10,0,3.13475998969076,0.344836594189614,20,-44,-1.14835728008649
0.31872271467571,-40,0.847852902077836,28.7,0.3,20,2.42444930665735,1.43026031668154,20,10,0,3.13475998969076,0.344836594189614,20,-42,-0.850145049217919
0.31872271467571,-40,0.847852902077836,28.7,0.3,20,2.42444930665735,1.43026031668154,20,10,0,3.13475998969076,0.344836594189614,20,-40,-0.483043333338771
0.31872271467571,-40,0.847852902077836,28.7,0.3,20,2.42444930665735,1.43026031668154,20,10,0,3.13475998969076,0.344836594189614,20,-38,-0.101338222358394
0.31872271467571,-40,0.847852902077836,28.7,0.3,20,2.42444930665735,1.43026031668154,20,10,0,3.13475998969076,0.344836594189614,20,-36,0.246766135212089
0.31872271467571,-40,0.847852902077836,28.7,0.3,20,2.42444930665735,1.43026031668154,20,10,0,3.13475998969076,0.344836594189614,20,-34,0.53517009509851
0.31872271467571,-40,0.847852902077836,28.7,0.3,20,2.42444930665735,1.43026031668154,20,10,0,3.13475998969076,0.344836594189614,20,-32,0.76198793248469
0.31872271467571,-40,0.847852902077836,28.7,0.3,20,2.42444930665735,1.43026031668154,20,10,0,3.13475998969076,0.344836594189614,20,-30,0.943744392624083
0.31872271467571,-40,0.847852902077836,28.7,0.3,20,2.42444930665735,1.43026031668154,20,10,0,3.13475998969076,0.344836594189614,20,-28,1.10592094164254
0.31872271467571,-40,0.847852902077836,28.7,0.3,20,2.42444930665735,1.43026031668154,20,10,0,3.13475998969076,0.344836594189614,20,-26,1.27238307629441
0.31872271467571,-40,0.847852902077836,28.7,0.3,20,2.42444930665735,1.43026031668154,20,10,0,3.13475998969076,0.344836594189614,20,-24,1.45673137807117
0.31872271467571,-40,0.847852902077836,28.7,0.3,20,2.42444930665735,1.43026031668154,20,10,0,3.13475998969076,0.344836594189614,20,-22,1.65889285511976
0.31872271467571,-40,0.847852902077836,28.7,0.3,20,2.42444930665735,1.43026031668154,20,10,0,3.13475998969076,0.344836594189614,20,-20,1.86795054963927
0.31872271467571,-40,0.847852902077836,28.7,0.3,20,2.42444930665735,1.43026031668154,20,10,0,3.13475998969076,0.344836594189614,20,-18,2.06868092490905
0.31872271467571,-40,0.847852902077836,28.7,0.3,20,2.42444930665735,1.43026031668154,20,10,0,3.13475998969076,0.344836594189614,20,-16,2.24787780849622
0.31872271467571,-40,0.847852902077836,28.7,0.3,20,2.42444930665735,1.43026031668154,20,10,0,3.13475998969076,0.344836594189614,20,-14,2.39799320398147
0.31872271467571,-40,0.847852902077836,28.7,0.3,20,2.42444930665735,1.43026031668154,20,10,0,3.13475998969076,0.344836594189614,20,-12,2.51780135919812
0.31872271467571,-40,0.847852902077836,28.7,0.3,20,2.42444930665735,1.43026031668154,20,10,0,3.13475998969076,0.344836594189614,20,-10,2.61099949564376
0.31872271467571,-40,0.847852902077836,28.7,0.3,20,2.42444930665735,1.43026031668154,20,10,0,3.13475998969076,0.344836594189614,20,-8,2.68385802361223
0.31872271467571,-40,0.847852902077836,28.7,0.3,20,2.42444930665735,1.43026031668154,20,10,0,3.13475998969076,0.344836594189614,20,-6,2.74281931809334
0.31872271467571,-40,0.847852902077836,28.7,0.3,20,2.42444930665735,1.43026031668154,20,10,0,3.13475998969076,0.344836594189614,20,-4,2.7926627263898
0.31872271467571,-40,0.847852902077836,28.7,0.3,20,2.42444930665735,1.43026031668154,20,10,0,3.13475998969076,0.344836594189614,20,-2,2.83554657621765
0.31872271467571,-40,0.847852902077836,28.7,0.3,20,2.42444930665735,1.43026031668154,20,10,0,3.13475998969076,0.344836594189614,20,0,2.87090445415446
0.31872271467571,-40,0.847852902077836,28.7,0.3,20,2.42444930665735,1.43026031668154,20,10,0,3.13475998969076,0.344836594189614,20,2,2.89590810581808
0.31872271467571,-40,0.847852902077836,28.7,0.3,20,2.42444930665735,1.43026031668154,20,10,0,3.13475998969076,0.344836594189614,20,4,2.90613431882546
0.31872271467571,-40,0.847852902077836,28.7,0.3,20,2.42444930665735,1.43026031668154,20,10,0,3.13475998969076,0.344836594189614,20,6,2.89620294763124
0.31872271467571,-40,0.847852902077836,28.7,0.3,20,2.42444930665735,1.43026031668154,20,10,0,3.13475998969076,0.344836594189614,20,8,2.86037139141228
0.31872271467571,-40,0.847852902077836,28.7,0.3,20,2.42444930665735,1.43026031668154,20,10,0,3.13475998969076,0.344836594189614,20,10,2.793225735798
0.31872271467571,-40,0.847852902077836,28.7,0.3,20,2.42444930665735,1.43026031668154,20,10,0,3.13475998969076,0.344836594189614,20,12,2.69061836782557
0.31872271467571,-40,0.847852902077836,28.7,0.3,20,2.42444930665735,1.43026031668154,20,10,0,3.13475998969076,0.344836594189614,20,14,2.55087844180015
0.31872271467571,-40,0.847852902077836,28.7,0.3,20,2.42444930665735,1.43026031668154,20,10,0,3.13475998969076,0.344836594189614,20,16,2.37611979860175
0.31872271467571,-40,0.847852902077836,28.7,0.3,20,2.42444930665735,1.43026031668154,20,10,0,3.13475998969076,0.344836594189614,20,18,2.17322758913713
0.31872271467571,-40,0.847852902077836,28.7,0.3,20,2.42444930665735,1.43026031668154,20,10,0,3.13475998969076,0.344836594189614,20,20,1.95385110476377
0.31872271467571,-40,0.847852902077836,28.7,0.3,20,2.42444930665735,1.43026031668154,20,10,0,3.13475998969076,0.344836594189614,20,22,1.73260766823787
0.31872271467571,-40,0.847852902077836,28.7,0.3,20,2.42444930665735,1.43026031668154,20,10,0,3.13475998969076,0.344836594189614,20,24,1.5230664292734
0.31872271467571,-40,0.847852902077836,28.7,0.3,20,2.42444930665735,1.43026031668154,20,10,0,3.13475998969076,0.344836594189614,20,26,1.33227005967472
0.31872271467571,-40,0.847852902077836,28.7,0.3,20,2.42444930665735,1.43026031668154,20,10,0,3.13475998969076,0.344836594189614,20,28,1.15615895032736
0.31872271467571,-40,0.847852902077836,28.7,0.3,20,2.42444930665735,1.43026031668154,20,10,0,3.13475998969076,0.344836594189614,20,30,0.978798373943211
0.31872271467571,-40,0.847852902077836,28.7,0.3,20,2.42444930665735,1.43026031668154,20,10,0,3.13475998969076,0.344836594189614,20,32,0.776659576138176
0.31872271467571,-40,0.847852902077836,28.7,0.3,20,2.42444930665735,1.43026031668154,20,10,0,3.13475998969076,0.344836594189614,20,34,0.526546182047474
0.31872271467571,-40,0.847852902077836,28.7,0.3,20,2.42444930665735,1.43026031668154,20,10,0,3.13475998969076,0.344836594189614,20,36,0.2144445271934
0.31872271467571,-40,0.847852902077836,28.7,0.3,20,2.42444930665735,1.43026031668154,20,10,0,3.13475998969076,0.344836594189614,20,38,-0.156941512070423
0.31872271467571,-40,0.847852902077836,28.7,0.3,20,2.42444930665735,1.43026031668154,20,10,0,3.13475998969076,0.344836594189614,20,40,-0.56377541793843
0.31872271467571,-40,0.847852902077836,28.7,0.3,20,2.42444930665735,1.43026031668154,20,10,0,3.13475998969076,0.344836594189614,20,42,-0.962757310491828
0.31872271467571,-40,0.847852902077836,28.7,0.3,20,2.42444930665735,1.43026031668154,20,10,0,3.13475998969076,0.344836594189614,20,44,-1.30310421283261
0.31872271467571,-40,0.847852902077836,28.7,0.3,20,2.42444930665735,1.43026031668154,20,10,0,3.13475998969076,0.344836594189614,20,46,-1.54908458560439
0.31872271467571,-40,0.847852902077836,28.7,0.3,20,2.42444930665735,1.43026031668154,20,10,0,3.13475998969076,0.344836594189614,20,48,-1.70183803770118
0.31872271467571,-40,0.847852902077836,28.7,0.3,20,2.42444930665735,1.43026031668154,20,10,0,3.13475998969076,0.344836594189614,20,50,-1.80310243771573
0.31872271467571,-40,0.847852902077836,28.7,0.3,20,2.42444930665735,1.43026031668154,20,10,0,3.13475998969076,0.344836594189614,20,52,-1.91727906070752
0.31872271467571,-40,0.847852902077836,28.7,0.3,20,2.42444930665735,1.43026031668154,20,10,0,3.13475998969076,0.344836594189614,20,54,-2.10655014229399
0.31872271467571,-40,0.847852902077836,28.7,0.3,20,2.42444930665735,1.43026031668154,20,10,0,3.13475998969076,0.344836594189614,20,56,-2.41314899470988
0.31872271467571,-40,0.847852902077836,28.7,0.3,20,2.42444930665735,1.43026031668154,20,10,0,3.13475998969076,0.344836594189614,20,58,-2.85073523774456
0.31872271467571,-40,0.847852902077836,28.7,0.3,20,2.42444930665735,1.43026031668154,20,10,0,3.13475998969076,0.344836594189614,20,60,-3.40066015541432
0.31872271467571,-40,0.847852902077836,28.7,0.3,20,2.42444930665735,1.43026031668154,20,10,0,3.13475998969076,0.344836594189614,20,62,-4.01157647314721
0.31872271467571,-40,0.847852902077836,28.7,0.3,20,2.42444930665735,1.43026031668154,20,10,0,3.13475998969076,0.344836594189614,20,64,-4.60726840377529
0.31872271467571,-40,0.847852902077836,28.7,0.3,20,2.42444930665735,1.43026031668154,20,10,0,3.13475998969076,0.344836594189614,20,66,-5.11027089681716
0.31872271467571,-40,0.847852902077836,28.7,0.3,20,2.42444930665735,1.43026031668154,20,10,0,3.13475998969076,0.344836594189614,20,68,-5.47722598913834
0.31872271467571,-40,0.847852902077836,28.7,0.3,20,2.42444930665735,1.43026031668154,20,10,0,3.13475998969076,0.344836594189614,20,70,-5.72086060981331
0.31872271467571,-40,0.847852902077836,28.7,0.3,20,2.42444930665735,1.43026031668154,20,10,0,3.13475998969076,0.344836594189614,20,72,-5.89745627827368
0.31872271467571,-40,0.847852902077836,28.7,0.3,20,2.42444930665735,1.43026031668154,20,10,0,3.13475998969076,0.344836594189614,20,74,-6.07327792411066
0.31872271467571,-40,0.847852902077836,28.7,0.3,20,2.42444930665735,1.43026031668154,20,10,0,3.13475998969076,0.344836594189614,20,76,-6.29842177393161
0.31872271467571,-40,0.847852902077836,28.7,0.3,20,2.42444930665735,1.43026031668154,20,10,0,3.13475998969076,0.344836594189614,20,78,-6.59830223606973
0.31872271467571,-40,0.847852902077836,28.7,0.3,20,2.42444930665735,1.43026031668154,20,10,0,3.13475998969076,0.344836594189614,20,80,-6.97620759412826
0.31872271467571,-40,0.847852902077836,28.7,0.3,20,2.42444930665735,1.43026031668154,20,10,0,3.13475998969076,0.344836594189614,20,82,-7.418621544139
0.31872271467571,-40,0.847852902077836,28.7,0.3,20,2.42444930665735,1.43026031668154,20,10,0,3.13475998969076,0.344836594189614,20,84,-7.89921022910459
0.31872271467571,-40,0.847852902077836,28.7,0.3,20,2.42444930665735,1.43026031668154,20,10,0,3.13475998969076,0.344836594189614,20,86,-8.38129554367512
0.31872271467571,-40,0.847852902077836,28.7,0.3,20,2.42444930665735,1.43026031668154,20,10,0,3.13475998969076,0.344836594189614,20,88,-8.82182247347097
0.31872271467571,-40,0.847852902077836,28.7,0.3,20,2.42444930665735,1.43026031668154,20,10,0,3.13475998969076,0.344836594189614,20,90,-9.18149388574327
0.31872271467571,-40,0.847852902077836,28.7,0.3,20,2.42444930665735,1.43026031668154,20,10,0,3.13475998969076,0.344836594189614,20,92,-9.44218559856379
0.31872271467571,-40,0.847852902077836,28.7,0.3,20,2.42444930665735,1.43026031668154,20,10,0,3.13475998969076,0.344836594189614,20,94,-9.62302138437411
0.31872271467571,-40,0.847852902077836,28.7,0.3,20,2.42444930665735,1.43026031668154,20,10,0,3.13475998969076,0.344836594189614,20,96,-9.7814846669711
0.31872271467571,-40,0.847852902077836,28.7,0.3,20,2.42444930665735,1.43026031668154,20,10,0,3.13475998969076,0.344836594189614,20,98,-9.99678950336583
0.31872271467571,-40,0.847852902077836,28.7,0.3,20,2.42444930665735,1.43026031668154,20,10,0,3.13475998969076,0.344836594189614,20,100,-10.3470961280193
0.31872271467571,-40,0.847852902077836,28.7,0.3,20,2.42444930665735,1.43026031668154,20,10,0,3.13475998969076,0.344836594189614,20,102,-10.891365030629
0.31872271467571,-40,0.847852902077836,28.7,0.3,20,2.42444930665735,1.43026031668154,20,10,0,3.13475998969076,0.344836594189614,20,104,-11.655257899305
0.31872271467571,-40,0.847852902077836,28.7,0.3,20,2.42444930665735,1.43026031668154,20,10,0,3.13475998969076,0.344836594189614,20,106,-12.6120765632828
0.31872271467571,-40,0.847852902077836,28.7,0.3,20,2.42444930665735,1.43026031668154,20,10,0,3.13475998969076,0.344836594189614,20,108,-13.6509053797622
0.31872271467571,-40,0.847852902077836,28.7,0.3,20,2.42444930665735,1.43026031668154,20,10,0,3.13475998969076,0.344836594189614,20,110,-14.5510310043081
0.31872271467571,-40,0.847852902077836,28.7,0.3,20,2.42444930665735,1.43026031668154,20,10,0,3.13475998969076,0.344836594189614,20,112,-15.0503359598779
0.31872271467571,-40,0.847852902077836,28.7,0.3,20,2.42444930665735,1.43026031668154,20,10,0,3.13475998969076,0.344836594189614,20,114,-15.0585483674376
0.31872271467571,-40,0.847852902077836,28.7,0.3,20,2.42444930665735,1.43026031668154,20,10,0,3.13475998969076,0.344836594189614,20,116,-14.7651536888648
0.31872271467571,-40,0.847852902077836,28.7,0.3,20,2.42444930665735,1.43026031668154,20,10,0,3.13475998969076,0.344836594189614,20,118,-14.4655533466793
0.31872271467571,-40,0.847852902077836,28.7,0.3,20,2.42444930665735,1.43026031668154,20,10,0,3.13475998969076,0.344836594189614,20,120,-14.385448286268
0.31872271467571,-40,0.847852902077836,28.7,0.3,20,2.42444930665735,1.43026031668154,20,10,0,3.13475998969076,0.344836594189614,20,122,-14.6516155106358
0.31872271467571,-40,0.847852902077836,28.7,0.3,20,2.42444930665735,1.43026031668154,20,10,0,3.13475998969076,0.344836594189614,20,124,-15.3124317018915
0.31872271467571,-40,0.847852902077836,28.7,0.3,20,2.42444930665735,1.43026031668154,20,10,0,3.13475998969076,0.344836594189614,20,126,-16.3346548238162
0.31872271467571,-40,0.847852902077836,28.7,0.3,20,2.42444930665735,1.43026031668154,20,10,0,3.13475998969076,0.344836594189614,20,128,-17.5589268730369
0.31872271467571,-40,0.847852902077836,28.7,0.3,20,2.42444930665735,1.43026031668154,20,10,0,3.13475998969076,0.344836594189614,20,130,-18.6479546774935
0.31872271467571,-40,0.847852902077836,28.7,0.3,20,2.42444930665735,1.43026031668154,20,10,0,3.13475998969076,0.344836594189614,20,132,-19.1733185627633
0.31872271467571,-40,0.847852902077836,28.7,0.3,20,2.42444930665735,1.43026031668154,20,10,0,3.13475998969076,0.344836594189614,20,134,-18.9145204207623
0.31872271467571,-40,0.847852902077836,28.7,0.3,20,2.42444930665735,1.43026031668154,20,10,0,3.13475998969076,0.344836594189614,20,136,-17.9992107783989
0.31872271467571,-40,0.847852902077836,28.7,0.3,20,2.42444930665735,1.43026031668154,20,10,0,3.13475998969076,0.344836594189614,20,138,-16.7367732308276
0.31872271467571,-40,0.847852902077836,28.7,0.3,20,2.42444930665735,1.43026031668154,20,10,0,3.13475998969076,0.344836594189614,20,140,-15.4598853727805
0.31872271467571,-40,0.847852902077836,28.7,0.3,20,2.42444930665735,1.43026031668154,20,10,0,3.13475998969076,0.344836594189614,20,142,-14.4364076848545
0.31872271467571,-40,0.847852902077836,28.7,0.3,20,2.42444930665735,1.43026031668154,20,10,0,3.13475998969076,0.344836594189614,20,144,-13.8344193094168
0.31872271467571,-40,0.847852902077836,28.7,0.3,20,2.42444930665735,1.43026031668154,20,10,0,3.13475998969076,0.344836594189614,20,146,-13.7296035859701
0.31872271467571,-40,0.847852902077836,28.7,0.3,20,2.42444930665735,1.43026031668154,20,10,0,3.13475998969076,0.344836594189614,20,148,-14.0992111359242
0.31872271467571,-40,0.847852902077836,28.7,0.3,20,2.42444930665735,1.43026031668154,20,10,0,3.13475998969076,0.344836594189614,20,150,-14.7380700083441
0.31872271467571,-40,0.847852902077836,28.7,0.3,20,2.42444930665735,1.43026031668154,20,10,0,3.13475998969076,0.344836594189614,20,152,-15.1062565299382
0.31872271467571,-40,0.847852902077836,28.7,0.3,20,2.42444930665735,1.43026031668154,20,10,0,3.13475998969076,0.344836594189614,20,154,-14.5563431314015
0.31872271467571,-40,0.847852902077836,28.7,0.3,20,2.42444930665735,1.43026031668154,20,10,0,3.13475998969076,0.344836594189614,20,156,-13.1667967147562
0.31872271467571,-40,0.847852902077836,28.7,0.3,20,2.42444930665735,1.43026031668154,20,10,0,3.13475998969076,0.344836594189614,20,158,-11.5785562199169
0.31872271467571,-40,0.847852902077836,28.7,0.3,20,2.42444930665735,1.43026031668154,20,10,0,3.13475998969076,0.344836594189614,20,160,-10.2085746374914
0.31872271467571,-40,0.847852902077836,28.7,0.3,20,2.42444930665735,1.43026031668154,20,10,0,3.13475998969076,0.344836594189614,20,162,-9.1806892811153
0.31872271467571,-40,0.847852902077836,28.7,0.3,20,2.42444930665735,1.43026031668154,20,10,0,3.13475998969076,0.344836594189614,20,164,-8.49332260786104
0.31872271467571,-40,0.847852902077836,28.7,0.3,20,2.42444930665735,1.43026031668154,20,10,0,3.13475998969076,0.344836594189614,20,166,-8.10601355854004
0.31872271467571,-40,0.847852902077836,28.7,0.3,20,2.42444930665735,1.43026031668154,20,10,0,3.13475998969076,0.344836594189614,20,168,-7.96653617136552
0.31872271467571,-40,0.847852902077836,28.7,0.3,20,2.42444930665735,1.43026031668154,20,10,0,3.13475998969076,0.344836594189614,20,170,-8.01615000476358
0.31872271467571,-40,0.847852902077836,28.7,0.3,20,2.42444930665735,1.43026031668154,20,10,0,3.13475998969076,0.344836594189614,20,172,-8.18889129811751
0.31872271467571,-40,0.847852902077836,28.7,0.3,20,2.42444930665735,1.43026031668154,20,10,0,3.13475998969076,0.344836594189614,20,174,-8.41181526703415
0.31872271467571,-40,0.847852902077836,28.7,0.3,20,2.42444930665735,1.43026031668154,20,10,0,3.13475998969076,0.344836594189614,20,176,-8.61031635891821
0.31872271467571,-40,0.847852902077836,28.7,0.3,20,2.42444930665735,1.43026031668154,20,10,0,3.13475998969076,0.344836594189614,20,178,-8.72025845254951
0.31872271467571,-40,0.847852902077836,28.7,0.3,20,2.42444930665735,1.43026031668154,20,10,0,3.13475998969076,0.344836594189614,20,180,-8.7039707491858
0.31872271467571,-40,0.847852902077836,28.8,0.3,20,2.42444930665735,1.43026031668154,20,10,0,3.13475998969076,0.344836594189614,20,-180,-8.88031477423077
0.31872271467571,-40,0.847852902077836,28.8,0.3,20,2.42444930665735,1.43026031668154,20,10,0,3.13475998969076,0.344836594189614,20,-178,-8.72678681395119
0.31872271467571,-40,0.847852902077836,28.8,0.3,20,2.42444930665735,1.43026031668154,20,10,0,3.13475998969076,0.344836594189614,20,-176,-8.47286019326795
0.31872271467571,-40,0.847852902077836,28.8,0.3,20,2.42444930665735,1.43026031668154,20,10,0,3.13475998969076,0.344836594189614,20,-174,-8.18600836566244
0.31872271467571,-40,0.847852902077836,28.8,0.3,20,2.42444930665735,1.43026031668154,20,10,0,3.13475998969076,0.344836594189614,20,-172,-7.94128960661867
0.31872271467571,-40,0.847852902077836,28.8,0.3,20,2.42444930665735,1.43026031668154,20,10,0,3.13475998969076,0.344836594189614,20,-170,-7.80746946656355
0.31872271467571,-40,0.847852902077836,28.8,0.3,20,2.42444930665735,1.43026031668154,20,10,0,3.13475998969076,0.344836594189614,20,-168,-7.84126441276152
0.31872271467571,-40,0.847852902077836,28.8,0.3,20,2.42444930665735,1.43026031668154,20,10,0,3.13475998969076,0.344836594189614,20,-166,-8.08800716281855
0.31872271467571,-40,0.847852902077836,28.8,0.3,20,2.42444930665735,1.43026031668154,20,10,0,3.13475998969076,0.344836594189614,20,-164,-8.585498206266
0.31872271467571,-40,0.847852902077836,28.8,0.3,20,2.42444930665735,1.43026031668154,20,10,0,3.13475998969076,0.344836594189614,20,-162,-9.36756591190736
0.31872271467571,-40,0.847852902077836,28.8,0.3,20,2.42444930665735,1.43026031668154,20,10,0,3.13475998969076,0.344836594189614,20,-160,-10.461885462476
0.31872271467571,-40,0.847852902077836,28.8,0.3,20,2.42444930665735,1.43026031668154,20,10,0,3.13475998969076,0.344836594189614,20,-158,-11.8686461964218
0.31872271467571,-40,0.847852902077836,28.8,0.3,20,2.42444930665735,1.43026031668154,20,10,0,3.13475998969076,0.344836594189614,20,-156,-13.4866050232651
0.31872271467571,-40,0.847852902077836,28.8,0.3,20,2.42444930665735,1.43026031668154,20,10,0,3.13475998969076,0.344836594189614,20,-154,-14.9529181539222
0.31872271467571,-40,0.847852902077836,28.8,0.3,20,2.42444930665735,1.43026031668154,20,10,0,3.13475998969076,0.344836594189614,20,-152,-15.6316574682989
0.31872271467571,-40,0.847852902077836,28.8,0.3,20,2.42444930665735,1.43026031668154,20,10,0,3.13475998969076,0.344836594189614,20,-150,-15.3128937428205
0.31872271467571,-40,0.847852902077836,28.8,0.3,20,2.42444930665735,1.43026031668154,20,10,0,3.13475998969076,0.344836594189614,20,-148,-14.582115992971
0.31872271467571,-40,0.847852902077836,28.8,0.3,20,2.42444930665735,1.43026031668154,20,10,0,3.13475998969076,0.344836594189614,20,-146,-14.0283505574419
0.31872271467571,-40,0.847852902077836,28.8,0.3,20,2.42444930665735,1.43026031668154,20,10,0,3.13475998969076,0.344836594189614,20,-144,-13.9006263598615
0.31872271467571,-40,0.847852902077836,28.8,0.3,20,2.42444930665735,1.43026031668154,20,10,0,3.13475998969076,0.344836594189614,20,-142,-14.249733823351
0.31872271467571,-40,0.847852902077836,28.8,0.3,20,2.42444930665735,1.43026031668154,20,10,0,3.13475998969076,0.344836594189614,20,-140,-15.0395900779735
0.31872271467571,-40,0.847852902077836,28.8,0.3,20,2.42444930665735,1.43026031668154,20,10,0,3.13475998969076,0.344836594189614,20,-138,-16.1836069818965
0.31872271467571,-40,0.847852902077836,28.8,0.3,20,2.42444930665735,1.43026031668154,20,10,0,3.13475998969076,0.344836594189614,20,-136,-17.5577673907836
0.31872271467571,-40,0.847852902077836,28.8,0.3,20,2.42444930665735,1.43026031668154,20,10,0,3.13475998969076,0.344836594189614,20,-134,-19.0022065824424
0.31872271467571,-40,0.847852902077836,28.8,0.3,20,2.42444930665735,1.43026031668154,20,10,0,3.13475998969076,0.344836594189614,20,-132,-20.2406724937693
0.31872271467571,-40,0.847852902077836,28.8,0.3,20,2.42444930665735,1.43026031668154,20,10,0,3.13475998969076,0.344836594189614,20,-130,-20.7096523838204
0.31872271467571,-40,0.847852902077836,28.8,0.3,20,2.42444930665735,1.43026031668154,20,10,0,3.13475998969076,0.344836594189614,20,-128,-19.9156915752444
0.31872271467571,-40,0.847852902077836,28.8,0.3,20,2.42444930665735,1.43026031668154,20,10,0,3.13475998969076,0.344836594189614,20,-126,-18.2733725956
0.31872271467571,-40,0.847852902077836,28.8,0.3,20,2.42444930665735,1.43026031668154,20,10,0,3.13475998969076,0.344836594189614,20,-124,-16.5583147425305
0.31872271467571,-40,0.847852902077836,28.8,0.3,20,2.42444930665735,1.43026031668154,20,10,0,3.13475998969076,0.344836594189614,20,-122,-15.1657910677476
0.31872271467571,-40,0.847852902077836,28.8,0.3,20,2.42444930665735,1.43026031668154,20,10,0,3.13475998969076,0.344836594189614,20,-120,-14.1910467048303
0.31872271467571,-40,0.847852902077836,28.8,0.3,20,2.42444930665735,1.43026031668154,20,10,0,3.13475998969076,0.344836594189614,20,-118,-13.6117631596659
0.31872271467571,-40,0.847852902077836,28.8,0.3,20,2.42444930665735,1.43026031668154,20,10,0,3.13475998969076,0.344836594189614,20,-116,-13.3625096303155
0.31872271467571,-40,0.847852902077836,28.8,0.3,20,2.42444930665735,1.43026031668154,20,10,0,3.13475998969076,0.344836594189614,20,-114,-13.3525549421738
0.31872271467571,-40,0.847852902077836,28.8,0.3,20,2.42444930665735,1.43026031668154,20,10,0,3.13475998969076,0.344836594189614,20,-112,-13.4648649098223
0.31872271467571,-40,0.847852902077836,28.8,0.3,20,2.42444930665735,1.43026031668154,20,10,0,3.13475998969076,0.344836594189614,20,-110,-13.5591465079517
0.31872271467571,-40,0.847852902077836,28.8,0.3,20,2.42444930665735,1.43026031668154,20,10,0,3.13475998969076,0.344836594189614,20,-108,-13.5002331986697
0.31872271467571,-40,0.847852902077836,28.8,0.3,20,2.42444930665735,1.43026031668154,20,10,0,3.13475998969076,0.344836594189614,20,-106,-13.2116081879401
0.31872271467571,-40,0.847852902077836,28.8,0.3,20,2.42444930665735,1.43026031668154,20,10,0,3.13475998969076,0.344836594189614,20,-104,-12.7078191022734
0.31872271467571,-40,0.847852902077836,28.8,0.3,20,2.42444930665735,1.43026031668154,20,10,0,3.13475998969076,0.344836594189614,20,-102,-12.0664231788498
0.31872271467571,-40,0.847852902077836,28.8,0.3,20,2.42444930665735,1.43026031668154,20,10,0,3.13475998969076,0.344836594189614,20,-100,-11.3730595930941
0.31872271467571,-40,0.847852902077836,28.8,0.3,20,2.42444930665735,1.43026031668154,20,10,0,3.13475998969076,0.344836594189614,20,-98,-10.6911369616397
0.31872271467571,-40,0.847852902077836,28.8,0.3,20,2.42444930665735,1.43026031668154,20,10,0,3.13475998969076,0.344836594189614,20,-96,-10.0615346774621
0.31872271467571,-40,0.847852902077836,28.8,0.3,20,2.42444930665735,1.43026031668154,20,10,0,3.13475998969076,0.344836594189614,20,-94,-9.51220361021043
0.31872271467571,-40,0.847852902077836,28.8,0.3,20,2.42444930665735,1.43026031668154,20,10,0,3.13475998969076,0.344836594189614,20,-92,-9.06332470052029
0.31872271467571,-40,0.847852902077836,28.8,0.3,20,2.42444930665735,1.43026031668154,20,10,0,3.13475998969076,0.344836594189614,20,-90,-8.72465237240117
0.31872271467571,-40,0.847852902077836,28.8,0.3,20,2.42444930665735,1.43026031668154,20,10,0,3.13475998969076,0.344836594189614,20,-88,-8.48753784564266
0.31872271467571,-40,0.847852902077836,28.8,0.3,20,2.42444930665735,1.43026031668154,20,10,0,3.13475998969076,0.344836594189614,20,-86,-8.31649708020672
0.31872271467571,-40,0.847852902077836,28.8,0.3,20,2.42444930665735,1.43026031668154,20,10,0,3.13475998969076,0.344836594189614,20,-84,-8.14818291436959
0.31872271467571,-40,0.847852902077836,28.8,0.3,20,2.42444930665735,1.43026031668154,20,10,0,3.13475998969076,0.344836594189614,20,-82,-7.90866273129616
0.31872271467571,-40,0.847852902077836,28.8,0.3,20,2.42444930665735,1.43026031668154,20,10,0,3.13475998969076,0.344836594189614,20,-80,-7.55122075481197
0.31872271467571,-40,0.847852902077836,28.8,0.3,20,2.42444930665735,1.43026031668154,20,10,0,3.13475998969076,0.344836594189614,20,-78,-7.08993731621135
0.31872271467571,-40,0.847852902077836,28.8,0.3,20,2.42444930665735,1.43026031668154,20,10,0,3.13475998969076,0.344836594189614,20,-76,-6.59455411749101
0.31872271467571,-40,0.847852902077836,28.8,0.3,20,2.42444930665735,1.43026031668154,20,10,0,3.13475998969076,0.344836594189614,20,-74,-6.15007684195651
0.31872271467571,-40,0.847852902077836,28.8,0.3,20,2.42444930665735,1.43026031668154,20,10,0,3.13475998969076,0.344836594189614,20,-72,-5.81566322445412
0.31872271467571,-40,0.847852902077836,28.8,0.3,20,2.42444930665735,1.43026031668154,20,10,0,3.13475998969076,0.344836594189614,20,-70,-5.60101048357684
0.31872271467571,-40,0.847852902077836,28.8,0.3,20,2.42444930665735,1.43026031668154,20,10,0,3.13475998969076,0.344836594189614,20,-68,-5.4571341480246
0.31872271467571,-40,0.847852902077836,28.8,0.3,20,2.42444930665735,1.43026031668154,20,10,0,3.13475998969076,0.344836594189614,20,-66,-5.28350630519633
0.31872271467571,-40,0.847852902077836,28.8,0.3,20,2.42444930665735,1.43026031668154,20,10,0,3.13475998969076,0.344836594189614,20,-64,-4.9682641260813
0.31872271467571,-40,0.847852902077836,28.8,0.3,20,2.42444930665735,1.43026031668154,20,10,0,3.13475998969076,0.344836594189614,20,-62,-4.45935247193339
0.31872271467571,-40,0.847852902077836,28.8,0.3,20,2.42444930665735,1.43026031668154,20,10,0,3.13475998969076,0.344836594189614,20,-60,-3.80653539629692
0.31872271467571,-40,0.847852902077836,28.8,0.3,20,2.42444930665735,1.43026031668154,20,10,0,3.13475998969076,0.344836594189614,20,-58,-3.12469091767022
0.31872271467571,-40,0.847852902077836,28.8,0.3,20,2.42444930665735,1.43026031668154,20,10,0,3.13475998969076,0.344836594189614,20,-56,-2.52408332173085
0.31872271467571,-40,0.847852902077836,28.8,0.3,20,2.42444930665735,1.43026031668154,20,10,0,3.13475998969076,0.344836594189614,20,-54,-2.07029465881307
0.31872271467571,-40,0.847852902077836,28.8,0.3,20,2.42444930665735,1.43026031668154,20,10,0,3.13475998969076,0.344836594189614,20,-52,-1.77767963737195
0.31872271467571,-40,0.847852902077836,28.8,0.3,20,2.42444930665735,1.43026031668154,20,10,0,3.13475998969076,0.344836594189614,20,-50,-1.61571349880565
0.31872271467571,-40,0.847852902077836,28.8,0.3,20,2.42444930665735,1.43026031668154,20,10,0,3.13475998969076,0.344836594189614,20,-48,-1.51945574147002
0.31872271467571,-40,0.847852902077836,28.8,0.3,20,2.42444930665735,1.43026031668154,20,10,0,3.13475998969076,0.344836594189614,20,-46,-1.40833156452758
0.31872271467571,-40,0.847852902077836,28.8,0.3,20,2.42444930665735,1.43026031668154,20,10,0,3.13475998969076,0.344836594189614,20,-44,-1.21667046115578
0.31872271467571,-40,0.847852902077836,28.8,0.3,20,2.42444930665735,1.43026031668154,20,10,0,3.13475998969076,0.344836594189614,20,-42,-0.9232615794423
0.31872271467571,-40,0.847852902077836,28.8,0.3,20,2.42444930665735,1.43026031668154,20,10,0,3.13475998969076,0.344836594189614,20,-40,-0.556401704982639
0.31872271467571,-40,0.847852902077836,28.8,0.3,20,2.42444930665735,1.43026031668154,20,10,0,3.13475998969076,0.344836594189614,20,-38,-0.170312620945093
0.31872271467571,-40,0.847852902077836,28.8,0.3,20,2.42444930665735,1.43026031668154,20,10,0,3.13475998969076,0.344836594189614,20,-36,0.185028709475492
0.31872271467571,-40,0.847852902077836,28.8,0.3,20,2.42444930665735,1.43026031668154,20,10,0,3.13475998969076,0.344836594189614,20,-34,0.481314894947271
0.31872271467571,-40,0.847852902077836,28.8,0.3,20,2.42444930665735,1.43026031668154,20,10,0,3.13475998969076,0.344836594189614,20,-32,0.714867397365821
0.31872271467571,-40,0.847852902077836,28.8,0.3,20,2.42444930665735,1.43026031668154,20,10,0,3.13475998969076,0.344836594189614,20,-30,0.901161958760688
0.31872271467571,-40,0.847852902077836,28.8,0.3,20,2.42444930665735,1.43026031668154,20,10,0,3.13475998969076,0.344836594189614,20,-28,1.06545630234243
0.31872271467571,-40,0.847852902077836,28.8,0.3,20,2.42444930665735,1.43026031668154,20,10,0,3.13475998969076,0.344836594189614,20,-26,1.23212973263327
0.31872271467571,-40,0.847852902077836,28.8,0.3,20,2.42444930665735,1.43026031668154,20,10,0,3.13475998969076,0.344836594189614,20,-24,1.41574045870179
0.31872271467571,-40,0.847852902077836,28.8,0.3,20,2.42444930665735,1.43026031668154,20,10,0,3.13475998969076,0.344836594189614,20,-22,1.61718570275744
0.31872271467571,-40,0.847852902077836,28.8,0.3,20,2.42444930665735,1.43026031668154,20,10,0,3.13475998969076,0.344836594189614,20,-20,1.82617843462208
0.31872271467571,-40,0.847852902077836,28.8,0.3,20,2.42444930665735,1.43026031668154,20,10,0,3.13475998969076,0.344836594189614,20,-18,2.0276779466283
0.31872271467571,-40,0.847852902077836,28.8,0.3,20,2.42444930665735,1.43026031668154,20,10,0,3.13475998969076,0.344836594189614,20,-16,2.20832501629136
0.31872271467571,-40,0.847852902077836,28.8,0.3,20,2.42444930665735,1.43026031668154,20,10,0,3.13475998969076,0.344836594189614,20,-14,2.36027014745874
0.31872271467571,-40,0.847852902077836,28.8,0.3,20,2.42444930665735,1.43026031668154,20,10,0,3.13475998969076,0.344836594189614,20,-12,2.48199153660657
0.31872271467571,-40,0.847852902077836,28.8,0.3,20,2.42444930665735,1.43026031668154,20,10,0,3.13475998969076,0.344836594189614,20,-10,2.57698157837449
0.31872271467571,-40,0.847852902077836,28.8,0.3,20,2.42444930665735,1.43026031668154,20,10,0,3.13475998969076,0.344836594189614,20,-8,2.65142215243439
0.31872271467571,-40,0.847852902077836,28.8,0.3,20,2.42444930665735,1.43026031668154,20,10,0,3.13475998969076,0.344836594189614,20,-6,2.71176458841344
0.31872271467571,-40,0.847852902077836,28.8,0.3,20,2.42444930665735,1.43026031668154,20,10,0,3.13475998969076,0.344836594189614,20,-4,2.7628489125588
0.31872271467571,-40,0.847852902077836,28.8,0.3,20,2.42444930665735,1.43026031668154,20,10,0,3.13475998969076,0.344836594189614,20,-2,2.80689128499828
0.31872271467571,-40,0.847852902077836,28.8,0.3,20,2.42444930665735,1.43026031668154,20,10,0,3.13475998969076,0.344836594189614,20,0,2.84333486679595
0.31872271467571,-40,0.847852902077836,28.8,0.3,20,2.42444930665735,1.43026031668154,20,10,0,3.13475998969076,0.344836594189614,20,2,2.86928933866269
0.31872271467571,-40,0.847852902077836,28.8,0.3,20,2.42444930665735,1.43026031668154,20,10,0,3.13475998969076,0.344836594189614,20,4,2.88020105951911
0.31872271467571,-40,0.847852902077836,28.8,0.3,20,2.42444930665735,1.43026031668154,20,10,0,3.13475998969076,0.344836594189614,20,6,2.87051857825235
0.31872271467571,-40,0.847852902077836,28.8,0.3,20,2.42444930665735,1.43026031668154,20,10,0,3.13475998969076,0.344836594189614,20,8,2.83433222427097
0.31872271467571,-40,0.847852902077836,28.8,0.3,20,2.42444930665735,1.43026031668154,20,10,0,3.13475998969076,0.344836594189614,20,10,2.76611902273382
0.31872271467571,-40,0.847852902077836,28.8,0.3,20,2.42444930665735,1.43026031668154,20,10,0,3.13475998969076,0.344836594189614,20,12,2.66173195622628
0.31872271467571,-40,0.847852902077836,28.8,0.3,20,2.42444930665735,1.43026031668154,20,10,0,3.13475998969076,0.344836594189614,20,14,2.51964775659402
0.31872271467571,-40,0.847852902077836,28.8,0.3,20,2.42444930665735,1.43026031668154,20,10,0,3.13475998969076,0.344836594189614,20,16,2.34228416581227
0.31872271467571,-40,0.847852902077836,28.8,0.3,20,2.42444930665735,1.43026031668154,20,10,0,3.13475998969076,0.344836594189614,20,18,2.1369517638049
0.31872271467571,-40,0.847852902077836,28.8,0.3,20,2.42444930665735,1.43026031668154,20,10,0,3.13475998969076,0.344836594189614,20,20,1.91575082856742
0.31872271467571,-40,0.847852902077836,28.8,0.3,20,2.42444930665735,1.43026031668154,20,10,0,3.13475998969076,0.344836594189614,20,22,1.69361372782882
0.31872271467571,-40,0.847852902077836,28.8,0.3,20,2.42444930665735,1.43026031668154,20,10,0,3.13475998969076,0.344836594189614,20,24,1.48410021547049
0.31872271467571,-40,0.847852902077836,28.8,0.3,20,2.42444930665735,1.43026031668154,20,10,0,3.13475998969076,0.344836594189614,20,26,1.29380553058362
0.31872271467571,-40,0.847852902077836,28.8,0.3,20,2.42444930665735,1.43026031668154,20,10,0,3.13475998969076,0.344836594189614,20,28,1.11786323084992
0.31872271467571,-40,0.847852902077836,28.8,0.3,20,2.42444930665735,1.43026031668154,20,10,0,3.13475998969076,0.344836594189614,20,30,0.939459263036543
0.31872271467571,-40,0.847852902077836,28.8,0.3,20,2.42444930665735,1.43026031668154,20,10,0,3.13475998969076,0.344836594189614,20,32,0.734473488135494
0.31872271467571,-40,0.847852902077836,28.8,0.3,20,2.42444930665735,1.43026031668154,20,10,0,3.13475998969076,0.344836594189614,20,34,0.479670892071351
0.31872271467571,-40,0.847852902077836,28.8,0.3,20,2.42444930665735,1.43026031668154,20,10,0,3.13475998969076,0.344836594189614,20,36,0.161655381720704
0.31872271467571,-40,0.847852902077836,28.8,0.3,20,2.42444930665735,1.43026031668154,20,10,0,3.13475998969076,0.344836594189614,20,38,-0.215640609654195
0.31872271467571,-40,0.847852902077836,28.8,0.3,20,2.42444930665735,1.43026031668154,20,10,0,3.13475998969076,0.344836594189614,20,40,-0.62678306450266
0.31872271467571,-40,0.847852902077836,28.8,0.3,20,2.42444930665735,1.43026031668154,20,10,0,3.13475998969076,0.344836594189614,20,42,-1.02710284997318
0.31872271467571,-40,0.847852902077836,28.8,0.3,20,2.42444930665735,1.43026031668154,20,10,0,3.13475998969076,0.344836594189614,20,44,-1.36564331285454
0.31872271467571,-40,0.847852902077836,28.8,0.3,20,2.42444930665735,1.43026031668154,20,10,0,3.13475998969076,0.344836594189614,20,46,-1.60841539797203
0.31872271467571,-40,0.847852902077836,28.8,0.3,20,2.42444930665735,1.43026031668154,20,10,0,3.13475998969076,0.344836594189614,20,48,-1.75966960845153
0.31872271467571,-40,0.847852902077836,28.8,0.3,20,2.42444930665735,1.43026031668154,20,10,0,3.13475998969076,0.344836594189614,20,50,-1.86389561994153
0.31872271467571,-40,0.847852902077836,28.8,0.3,20,2.42444930665735,1.43026031668154,20,10,0,3.13475998969076,0.344836594189614,20,52,-1.98653427130636
0.31872271467571,-40,0.847852902077836,28.8,0.3,20,2.42444930665735,1.43026031668154,20,10,0,3.13475998969076,0.344836594189614,20,54,-2.18902102591133
0.31872271467571,-40,0.847852902077836,28.8,0.3,20,2.42444930665735,1.43026031668154,20,10,0,3.13475998969076,0.344836594189614,20,56,-2.51160698282596
0.31872271467571,-40,0.847852902077836,28.8,0.3,20,2.42444930665735,1.43026031668154,20,10,0,3.13475998969076,0.344836594189614,20,58,-2.96507208399182
0.31872271467571,-40,0.847852902077836,28.8,0.3,20,2.42444930665735,1.43026031668154,20,10,0,3.13475998969076,0.344836594189614,20,60,-3.52703539868761
0.31872271467571,-40,0.847852902077836,28.8,0.3,20,2.42444930665735,1.43026031668154,20,10,0,3.13475998969076,0.344836594189614,20,62,-4.14192795218805
0.31872271467571,-40,0.847852902077836,28.8,0.3,20,2.42444930665735,1.43026031668154,20,10,0,3.13475998969076,0.344836594189614,20,64,-4.73040540095122
0.31872271467571,-40,0.847852902077836,28.8,0.3,20,2.42444930665735,1.43026031668154,20,10,0,3.13475998969076,0.344836594189614,20,66,-5.21570412510234
0.31872271467571,-40,0.847852902077836,28.8,0.3,20,2.42444930665735,1.43026031668154,20,10,0,3.13475998969076,0.344836594189614,20,68,-5.56021275276403
0.31872271467571,-40,0.847852902077836,28.8,0.3,20,2.42444930665735,1.43026031668154,20,10,0,3.13475998969076,0.344836594189614,20,70,-5.78431269894122
0.31872271467571,-40,0.847852902077836,28.8,0.3,20,2.42444930665735,1.43026031668154,20,10,0,3.13475998969076,0.344836594189614,20,72,-5.9489302293627
0.31872271467571,-40,0.847852902077836,28.8,0.3,20,2.42444930665735,1.43026031668154,20,10,0,3.13475998969076,0.344836594189614,20,74,-6.12025554069733
0.31872271467571,-40,0.847852902077836,28.8,0.3,20,2.42444930665735,1.43026031668154,20,10,0,3.13475998969076,0.344836594189614,20,76,-6.3452505885678
0.31872271467571,-40,0.847852902077836,28.8,0.3,20,2.42444930665735,1.43026031668154,20,10,0,3.13475998969076,0.344836594189614,20,78,-6.64533929385326
0.31872271467571,-40,0.847852902077836,28.8,0.3,20,2.42444930665735,1.43026031668154,20,10,0,3.13475998969076,0.344836594189614,20,80,-7.02034498720658
0.31872271467571,-40,0.847852902077836,28.8,0.3,20,2.42444930665735,1.43026031668154,20,10,0,3.13475998969076,0.344836594189614,20,82,-7.45453751329651
0.31872271467571,-40,0.847852902077836,28.8,0.3,20,2.42444930665735,1.43026031668154,20,10,0,3.13475998969076,0.344836594189614,20,84,-7.92105526830892
0.31872271467571,-40,0.847852902077836,28.8,0.3,20,2.42444930665735,1.43026031668154,20,10,0,3.13475998969076,0.344836594189614,20,86,-8.3846027144759
0.31872271467571,-40,0.847852902077836,28.8,0.3,20,2.42444930665735,1.43026031668154,20,10,0,3.13475998969076,0.344836594189614,20,88,-8.80525833367553
0.31872271467571,-40,0.847852902077836,28.8,0.3,20,2.42444930665735,1.43026031668154,20,10,0,3.13475998969076,0.344836594189614,20,90,-9.14777318458426
0.31872271467571,-40,0.847852902077836,28.8,0.3,20,2.42444930665735,1.43026031668154,20,10,0,3.13475998969076,0.344836594189614,20,92,-9.3974425751413
0.31872271467571,-40,0.847852902077836,28.8,0.3,20,2.42444930665735,1.43026031668154,20,10,0,3.13475998969076,0.344836594189614,20,94,-9.57473472910208
0.31872271467571,-40,0.847852902077836,28.8,0.3,20,2.42444930665735,1.43026031668154,20,10,0,3.13475998969076,0.344836594189614,20,96,-9.7362492924919
0.31872271467571,-40,0.847852902077836,28.8,0.3,20,2.42444930665735,1.43026031668154,20,10,0,3.13475998969076,0.344836594189614,20,98,-9.95922044714557
0.31872271467571,-40,0.847852902077836,28.8,0.3,20,2.42444930665735,1.43026031668154,20,10,0,3.13475998969076,0.344836594189614,20,100,-10.3198317345172
0.31872271467571,-40,0.847852902077836,28.8,0.3,20,2.42444930665735,1.43026031668154,20,10,0,3.13475998969076,0.344836594189614,20,102,-10.8751724889971
0.31872271467571,-40,0.847852902077836,28.8,0.3,20,2.42444930665735,1.43026031668154,20,10,0,3.13475998969076,0.344836594189614,20,104,-11.6482329191145
0.31872271467571,-40,0.847852902077836,28.8,0.3,20,2.42444930665735,1.43026031668154,20,10,0,3.13475998969076,0.344836594189614,20,106,-12.6073268839416
0.31872271467571,-40,0.847852902077836,28.8,0.3,20,2.42444930665735,1.43026031668154,20,10,0,3.13475998969076,0.344836594189614,20,108,-13.6334568945162
0.31872271467571,-40,0.847852902077836,28.8,0.3,20,2.42444930665735,1.43026031668154,20,10,0,3.13475998969076,0.344836594189614,20,110,-14.4993583176155
0.31872271467571,-40,0.847852902077836,28.8,0.3,20,2.42444930665735,1.43026031668154,20,10,0,3.13475998969076,0.344836594189614,20,112,-14.9511355012036
0.31872271467571,-40,0.847852902077836,28.8,0.3,20,2.42444930665735,1.43026031668154,20,10,0,3.13475998969076,0.344836594189614,20,114,-14.9224532377661
0.31872271467571,-40,0.847852902077836,28.8,0.3,20,2.42444930665735,1.43026031668154,20,10,0,3.13475998969076,0.344836594189614,20,116,-14.6158716770375
0.31872271467571,-40,0.847852902077836,28.8,0.3,20,2.42444930665735,1.43026031668154,20,10,0,3.13475998969076,0.344836594189614,20,118,-14.3198880992925
0.31872271467571,-40,0.847852902077836,28.8,0.3,20,2.42444930665735,1.43026031668154,20,10,0,3.13475998969076,0.344836594189614,20,120,-14.2489474705612
0.31872271467571,-40,0.847852902077836,28.8,0.3,20,2.42444930665735,1.43026031668154,20,10,0,3.13475998969076,0.344836594189614,20,122,-14.5225105398342
0.31872271467571,-40,0.847852902077836,28.8,0.3,20,2.42444930665735,1.43026031668154,20,10,0,3.13475998969076,0.344836594189614,20,124,-15.1841742640051
0.31872271467571,-40,0.847852902077836,28.8,0.3,20,2.42444930665735,1.43026031668154,20,10,0,3.13475998969076,0.344836594189614,20,126,-16.1948525652837
0.31872271467571,-40,0.847852902077836,28.8,0.3,20,2.42444930665735,1.43026031668154,20,10,0,3.13475998969076,0.344836594189614,20,128,-17.3867744512125
0.31872271467571,-40,0.847852902077836,28.8,0.3,20,2.42444930665735,1.43026031668154,20,10,0,3.13475998969076,0.344836594189614,20,130,-18.4212568306519
0.31872271467571,-40,0.847852902077836,28.8,0.3,20,2.42444930665735,1.43026031668154,20,10,0,3.13475998969076,0.344836594189614,20,132,-18.9003523030916
0.31872271467571,-40,0.847852902077836,28.8,0.3,20,2.42444930665735,1.43026031668154,20,10,0,3.13475998969076,0.344836594189614,20,134,-18.6553589884366
0.31872271467571,-40,0.847852902077836,28.8,0.3,20,2.42444930665735,1.43026031668154,20,10,0,3.13475998969076,0.344836594189614,20,136,-17.8232320097302
0.31872271467571,-40,0.847852902077836,28.8,0.3,20,2.42444930665735,1.43026031668154,20,10,0,3.13475998969076,0.344836594189614,20,138,-16.6739322935723
0.31872271467571,-40,0.847852902077836,28.8,0.3,20,2.42444930665735,1.43026031668154,20,10,0,3.13475998969076,0.344836594189614,20,140,-15.5030386101222
0.31872271467571,-40,0.847852902077836,28.8,0.3,20,2.42444930665735,1.43026031668154,20,10,0,3.13475998969076,0.344836594189614,20,142,-14.5678710954974
0.31872271467571,-40,0.847852902077836,28.8,0.3,20,2.42444930665735,1.43026031668154,20,10,0,3.13475998969076,0.344836594189614,20,144,-14.0413156760984
0.31872271467571,-40,0.847852902077836,28.8,0.3,20,2.42444930665735,1.43026031668154,20,10,0,3.13475998969076,0.344836594189614,20,146,-14.003130982244
0.31872271467571,-40,0.847852902077836,28.8,0.3,20,2.42444930665735,1.43026031668154,20,10,0,3.13475998969076,0.344836594189614,20,148,-14.4199985350179
0.31872271467571,-40,0.847852902077836,28.8,0.3,20,2.42444930665735,1.43026031668154,20,10,0,3.13475998969076,0.344836594189614,20,150,-15.0410340790847
0.31872271467571,-40,0.847852902077836,28.8,0.3,20,2.42444930665735,1.43026031668154,20,10,0,3.13475998969076,0.344836594189614,20,152,-15.255843618414
0.31872271467571,-40,0.847852902077836,28.8,0.3,20,2.42444930665735,1.43026031668154,20,10,0,3.13475998969076,0.344836594189614,20,154,-14.4750590548495
0.31872271467571,-40,0.847852902077836,28.8,0.3,20,2.42444930665735,1.43026031668154,20,10,0,3.13475998969076,0.344836594189614,20,156,-12.951500442305
0.31872271467571,-40,0.847852902077836,28.8,0.3,20,2.42444930665735,1.43026031668154,20,10,0,3.13475998969076,0.344836594189614,20,158,-11.3427765639575
0.31872271467571,-40,0.847852902077836,28.8,0.3,20,2.42444930665735,1.43026031668154,20,10,0,3.13475998969076,0.344836594189614,20,160,-10.0034675490632
0.31872271467571,-40,0.847852902077836,28.8,0.3,20,2.42444930665735,1.43026031668154,20,10,0,3.13475998969076,0.344836594189614,20,162,-9.02159565227963
0.31872271467571,-40,0.847852902077836,28.8,0.3,20,2.42444930665735,1.43026031668154,20,10,0,3.13475998969076,0.344836594189614,20,164,-8.38310445768944
0.31872271467571,-40,0.847852902077836,28.8,0.3,20,2.42444930665735,1.43026031668154,20,10,0,3.13475998969076,0.344836594189614,20,166,-8.04428664476204
0.31872271467571,-40,0.847852902077836,28.8,0.3,20,2.42444930665735,1.43026031668154,20,10,0,3.13475998969076,0.344836594189614,20,168,-7.95253720574752
0.31872271467571,-40,0.847852902077836,28.8,0.3,20,2.42444930665735,1.43026031668154,20,10,0,3.13475998969076,0.344836594189614,20,170,-8.04908460265432
0.31872271467571,-40,0.847852902077836,28.8,0.3,20,2.42444930665735,1.43026031668154,20,10,0,3.13475998969076,0.344836594189614,20,172,-8.26704934867421
0.31872271467571,-40,0.847852902077836,28.8,0.3,20,2.42444930665735,1.43026031668154,20,10,0,3.13475998969076,0.344836594189614,20,174,-8.53100421624734
0.31872271467571,-40,0.847852902077836,28.8,0.3,20,2.42444930665735,1.43026031668154,20,10,0,3.13475998969076,0.344836594189614,20,176,-8.76230780278032
0.31872271467571,-40,0.847852902077836,28.8,0.3,20,2.42444930665735,1.43026031668154,20,10,0,3.13475998969076,0.344836594189614,20,178,-8.89231675679006
0.31872271467571,-40,0.847852902077836,28.8,0.3,20,2.42444930665735,1.43026031668154,20,10,0,3.13475998969076,0.344836594189614,20,180,-8.88031477423077
0.31872271467571,-40,0.847852902077836,28.9,0.3,20,2.42444930665735,1.43026031668154,20,10,0,3.13475998969076,0.344836594189614,20,-180,-9.07496932670906
0.31872271467571,-40,0.847852902077836,28.9,0.3,20,2.42444930665735,1.43026031668154,20,10,0,3.13475998969076,0.344836594189614,20,-178,-8.90924795907121
0.31872271467571,-40,0.847852902077836,28.9,0.3,20,2.42444930665735,1.43026031668154,20,10,0,3.13475998969076,0.344836594189614,20,-176,-8.63024098552952
0.31872271467571,-40,0.847852902077836,28.9,0.3,20,2.42444930665735,1.43026031668154,20,10,0,3.13475998969076,0.344836594189614,20,-174,-8.30954291498636
0.31872271467571,-40,0.847852902077836,28.9,0.3,20,2.42444930665735,1.43026031668154,20,10,0,3.13475998969076,0.344836594189614,20,-172,-8.02575973723999
0.31872271467571,-40,0.847852902077836,28.9,0.3,20,2.42444930665735,1.43026031668154,20,10,0,3.13475998969076,0.344836594189614,20,-170,-7.84980192322798
0.31872271467571,-40,0.847852902077836,28.9,0.3,20,2.42444930665735,1.43026031668154,20,10,0,3.13475998969076,0.344836594189614,20,-168,-7.83910037921877
0.31872271467571,-40,0.847852902077836,28.9,0.3,20,2.42444930665735,1.43026031668154,20,10,0,3.13475998969076,0.344836594189614,20,-166,-8.03864654326572
0.31872271467571,-40,0.847852902077836,28.9,0.3,20,2.42444930665735,1.43026031668154,20,10,0,3.13475998969076,0.344836594189614,20,-164,-8.48540360168075
0.31872271467571,-40,0.847852902077836,28.9,0.3,20,2.42444930665735,1.43026031668154,20,10,0,3.13475998969076,0.344836594189614,20,-162,-9.21273704394668
0.31872271467571,-40,0.847852902077836,28.9,0.3,20,2.42444930665735,1.43026031668154,20,10,0,3.13475998969076,0.344836594189614,20,-160,-10.2501513049633
0.31872271467571,-40,0.847852902077836,28.9,0.3,20,2.42444930665735,1.43026031668154,20,10,0,3.13475998969076,0.344836594189614,20,-158,-11.6071867007566
0.31872271467571,-40,0.847852902077836,28.9,0.3,20,2.42444930665735,1.43026031668154,20,10,0,3.13475998969076,0.344836594189614,20,-156,-13.2125613538159
0.31872271467571,-40,0.847852902077836,28.9,0.3,20,2.42444930665735,1.43026031668154,20,10,0,3.13475998969076,0.344836594189614,20,-154,-14.766142886965
0.31872271467571,-40,0.847852902077836,28.9,0.3,20,2.42444930665735,1.43026031668154,20,10,0,3.13475998969076,0.344836594189614,20,-152,-15.651401551788
0.31872271467571,-40,0.847852902077836,28.9,0.3,20,2.42444930665735,1.43026031668154,20,10,0,3.13475998969076,0.344836594189614,20,-150,-15.5070261416187
0.31872271467571,-40,0.847852902077836,28.9,0.3,20,2.42444930665735,1.43026031668154,20,10,0,3.13475998969076,0.344836594189614,20,-148,-14.8169511665796
0.31872271467571,-40,0.847852902077836,28.9,0.3,20,2.42444930665735,1.43026031668154,20,10,0,3.13475998969076,0.344836594189614,20,-146,-14.2222912387922
0.31872271467571,-40,0.847852902077836,28.9,0.3,20,2.42444930665735,1.43026031668154,20,10,0,3.13475998969076,0.344836594189614,20,-144,-14.023533718107
0.31872271467571,-40,0.847852902077836,28.9,0.3,20,2.42444930665735,1.43026031668154,20,10,0,3.13475998969076,0.344836594189614,20,-142,-14.2884684338165
0.31872271467571,-40,0.847852902077836,28.9,0.3,20,2.42444930665735,1.43026031668154,20,10,0,3.13475998969076,0.344836594189614,20,-140,-14.9821266894031
0.31872271467571,-40,0.847852902077836,28.9,0.3,20,2.42444930665735,1.43026031668154,20,10,0,3.13475998969076,0.344836594189614,20,-138,-16.0170221158563
0.31872271467571,-40,0.847852902077836,28.9,0.3,20,2.42444930665735,1.43026031668154,20,10,0,3.13475998969076,0.344836594189614,20,-136,-17.2775343419883
0.31872271467571,-40,0.847852902077836,28.9,0.3,20,2.42444930665735,1.43026031668154,20,10,0,3.13475998969076,0.344836594189614,20,-134,-18.6337145809762
0.31872271467571,-40,0.847852902077836,28.9,0.3,20,2.42444930665735,1.43026031668154,20,10,0,3.13475998969076,0.344836594189614,20,-132,-19.8721668631322
0.31872271467571,-40,0.847852902077836,28.9,0.3,20,2.42444930665735,1.43026031668154,20,10,0,3.13475998969076,0.344836594189614,20,-130,-20.4951684585225
0.31872271467571,-40,0.847852902077836,28.9,0.3,20,2.42444930665735,1.43026031668154,20,10,0,3.13475998969076,0.344836594189614,20,-128,-19.9193159027399
0.31872271467571,-40,0.847852902077836,28.9,0.3,20,2.42444930665735,1.43026031668154,20,10,0,3.13475998969076,0.344836594189614,20,-126,-18.3863671582053
0.31872271467571,-40,0.847852902077836,28.9,0.3,20,2.42444930665735,1.43026031668154,20,10,0,3.13475998969076,0.344836594189614,20,-124,-16.681655663001
0.31872271467571,-40,0.847852902077836,28.9,0.3,20,2.42444930665735,1.43026031668154,20,10,0,3.13475998969076,0.344836594189614,20,-122,-15.2637419226497
0.31872271467571,-40,0.847852902077836,28.9,0.3,20,2.42444930665735,1.43026031668154,20,10,0,3.13475998969076,0.344836594189614,20,-120,-14.2555529021722
0.31872271467571,-40,0.847852902077836,28.9,0.3,20,2.42444930665735,1.43026031668154,20,10,0,3.13475998969076,0.344836594189614,20,-118,-13.6417255950402
0.31872271467571,-40,0.847852902077836,28.9,0.3,20,2.42444930665735,1.43026031668154,20,10,0,3.13475998969076,0.344836594189614,20,-116,-13.3577963519746
0.31872271467571,-40,0.847852902077836,28.9,0.3,20,2.42444930665735,1.43026031668154,20,10,0,3.13475998969076,0.344836594189614,20,-114,-13.3137391312373
0.31872271467571,-40,0.847852902077836,28.9,0.3,20,2.42444930665735,1.43026031668154,20,10,0,3.13475998969076,0.344836594189614,20,-112,-13.395335746092
0.31872271467571,-40,0.847852902077836,28.9,0.3,20,2.42444930665735,1.43026031668154,20,10,0,3.13475998969076,0.344836594189614,20,-110,-13.4679792328061
0.31872271467571,-40,0.847852902077836,28.9,0.3,20,2.42444930665735,1.43026031668154,20,10,0,3.13475998969076,0.344836594189614,20,-108,-13.4030575551836
0.31872271467571,-40,0.847852902077836,28.9,0.3,20,2.42444930665735,1.43026031668154,20,10,0,3.13475998969076,0.344836594189614,20,-106,-13.1264996916421
0.31872271467571,-40,0.847852902077836,28.9,0.3,20,2.42444930665735,1.43026031668154,20,10,0,3.13475998969076,0.344836594189614,20,-104,-12.6482480110941
0.31872271467571,-40,0.847852902077836,28.9,0.3,20,2.42444930665735,1.43026031668154,20,10,0,3.13475998969076,0.344836594189614,20,-102,-12.037345589019
0.31872271467571,-40,0.847852902077836,28.9,0.3,20,2.42444930665735,1.43026031668154,20,10,0,3.13475998969076,0.344836594189614,20,-100,-11.3717497772536
0.31872271467571,-40,0.847852902077836,28.9,0.3,20,2.42444930665735,1.43026031668154,20,10,0,3.13475998969076,0.344836594189614,20,-98,-10.7098515121835
0.31872271467571,-40,0.847852902077836,28.9,0.3,20,2.42444930665735,1.43026031668154,20,10,0,3.13475998969076,0.344836594189614,20,-96,-10.0901522800328
0.31872271467571,-40,0.847852902077836,28.9,0.3,20,2.42444930665735,1.43026031668154,20,10,0,3.13475998969076,0.344836594189614,20,-94,-9.5406966920846
0.31872271467571,-40,0.847852902077836,28.9,0.3,20,2.42444930665735,1.43026031668154,20,10,0,3.13475998969076,0.344836594189614,20,-92,-9.0840198743595
0.31872271467571,-40,0.847852902077836,28.9,0.3,20,2.42444930665735,1.43026031668154,20,10,0,3.13475998969076,0.344836594189614,20,-90,-8.73399669025228
0.31872271467571,-40,0.847852902077836,28.9,0.3,20,2.42444930665735,1.43026031668154,20,10,0,3.13475998969076,0.344836594189614,20,-88,-8.48718079214573
0.31872271467571,-40,0.847852902077836,28.9,0.3,20,2.42444930665735,1.43026031668154,20,10,0,3.13475998969076,0.344836594189614,20,-86,-8.31344522748857
0.31872271467571,-40,0.847852902077836,28.9,0.3,20,2.42444930665735,1.43026031668154,20,10,0,3.13475998969076,0.344836594189614,20,-84,-8.1532029568836
0.31872271467571,-40,0.847852902077836,28.9,0.3,20,2.42444930665735,1.43026031668154,20,10,0,3.13475998969076,0.344836594189614,20,-82,-7.93194215596329
0.31872271467571,-40,0.847852902077836,28.9,0.3,20,2.42444930665735,1.43026031668154,20,10,0,3.13475998969076,0.344836594189614,20,-80,-7.59664033530451
0.31872271467571,-40,0.847852902077836,28.9,0.3,20,2.42444930665735,1.43026031668154,20,10,0,3.13475998969076,0.344836594189614,20,-78,-7.15277120650053
0.31872271467571,-40,0.847852902077836,28.9,0.3,20,2.42444930665735,1.43026031668154,20,10,0,3.13475998969076,0.344836594189614,20,-76,-6.66523485658496
0.31872271467571,-40,0.847852902077836,28.9,0.3,20,2.42444930665735,1.43026031668154,20,10,0,3.13475998969076,0.344836594189614,20,-74,-6.22025655141162
0.31872271467571,-40,0.847852902077836,28.9,0.3,20,2.42444930665735,1.43026031668154,20,10,0,3.13475998969076,0.344836594189614,20,-72,-5.88213377674566
0.31872271467571,-40,0.847852902077836,28.9,0.3,20,2.42444930665735,1.43026031668154,20,10,0,3.13475998969076,0.344836594189614,20,-70,-5.66689038704921
0.31872271467571,-40,0.847852902077836,28.9,0.3,20,2.42444930665735,1.43026031668154,20,10,0,3.13475998969076,0.344836594189614,20,-68,-5.53101952942607
0.31872271467571,-40,0.847852902077836,28.9,0.3,20,2.42444930665735,1.43026031668154,20,10,0,3.13475998969076,0.344836594189614,20,-66,-5.37581147967324
0.31872271467571,-40,0.847852902077836,28.9,0.3,20,2.42444930665735,1.43026031668154,20,10,0,3.13475998969076,0.344836594189614,20,-64,-5.08417267499249
0.31872271467571,-40,0.847852902077836,28.9,0.3,20,2.42444930665735,1.43026031668154,20,10,0,3.13475998969076,0.344836594189614,20,-62,-4.59312095520359
0.31872271467571,-40,0.847852902077836,28.9,0.3,20,2.42444930665735,1.43026031668154,20,10,0,3.13475998969076,0.344836594189614,20,-60,-3.94431221638124
0.31872271467571,-40,0.847852902077836,28.9,0.3,20,2.42444930665735,1.43026031668154,20,10,0,3.13475998969076,0.344836594189614,20,-58,-3.25299545771617
0.31872271467571,-40,0.847852902077836,28.9,0.3,20,2.42444930665735,1.43026031668154,20,10,0,3.13475998969076,0.344836594189614,20,-56,-2.63511611151318
0.31872271467571,-40,0.847852902077836,28.9,0.3,20,2.42444930665735,1.43026031668154,20,10,0,3.13475998969076,0.344836594189614,20,-54,-2.16229455080461
0.31872271467571,-40,0.847852902077836,28.9,0.3,20,2.42444930665735,1.43026031668154,20,10,0,3.13475998969076,0.344836594189614,20,-52,-1.85340706583628
0.31872271467571,-40,0.847852902077836,28.9,0.3,20,2.42444930665735,1.43026031668154,20,10,0,3.13475998969076,0.344836594189614,20,-50,-1.68093914228057
0.31872271467571,-40,0.847852902077836,28.9,0.3,20,2.42444930665735,1.43026031668154,20,10,0,3.13475998969076,0.344836594189614,20,-48,-1.58140535460929
0.31872271467571,-40,0.847852902077836,28.9,0.3,20,2.42444930665735,1.43026031668154,20,10,0,3.13475998969076,0.344836594189614,20,-46,-1.47346659364752
0.31872271467571,-40,0.847852902077836,28.9,0.3,20,2.42444930665735,1.43026031668154,20,10,0,3.13475998969076,0.344836594189614,20,-44,-1.28810645934231
0.31872271467571,-40,0.847852902077836,28.9,0.3,20,2.42444930665735,1.43026031668154,20,10,0,3.13475998969076,0.344836594189614,20,-42,-0.999594247123841
0.31872271467571,-40,0.847852902077836,28.9,0.3,20,2.42444930665735,1.43026031668154,20,10,0,3.13475998969076,0.344836594189614,20,-40,-0.633172776966722
0.31872271467571,-40,0.847852902077836,28.9,0.3,20,2.42444930665735,1.43026031668154,20,10,0,3.13475998969076,0.344836594189614,20,-38,-0.242797128992354
0.31872271467571,-40,0.847852902077836,28.9,0.3,20,2.42444930665735,1.43026031668154,20,10,0,3.13475998969076,0.344836594189614,20,-36,0.119848960730116
0.31872271467571,-40,0.847852902077836,28.9,0.3,20,2.42444930665735,1.43026031668154,20,10,0,3.13475998969076,0.344836594189614,20,-34,0.424220321673845
0.31872271467571,-40,0.847852902077836,28.9,0.3,20,2.42444930665735,1.43026031668154,20,10,0,3.13475998969076,0.344836594189614,20,-32,0.664783012792337
0.31872271467571,-40,0.847852902077836,28.9,0.3,20,2.42444930665735,1.43026031668154,20,10,0,3.13475998969076,0.344836594189614,20,-30,0.855899986643928
0.31872271467571,-40,0.847852902077836,28.9,0.3,20,2.42444930665735,1.43026031668154,20,10,0,3.13475998969076,0.344836594189614,20,-28,1.02255065425076
0.31872271467571,-40,0.847852902077836,28.9,0.3,20,2.42444930665735,1.43026031668154,20,10,0,3.13475998969076,0.344836594189614,20,-26,1.18959182901751
0.31872271467571,-40,0.847852902077836,28.9,0.3,20,2.42444930665735,1.43026031668154,20,10,0,3.13475998969076,0.344836594189614,20,-24,1.37253172287896
0.31872271467571,-40,0.847852902077836,28.9,0.3,20,2.42444930665735,1.43026031668154,20,10,0,3.13475998969076,0.344836594189614,20,-22,1.57325976091699
0.31872271467571,-40,0.847852902077836,28.9,0.3,20,2.42444930665735,1.43026031668154,20,10,0,3.13475998969076,0.344836594189614,20,-20,1.78215661124155
0.31872271467571,-40,0.847852902077836,28.9,0.3,20,2.42444930665735,1.43026031668154,20,10,0,3.13475998969076,0.344836594189614,20,-18,1.98439917922938
0.31872271467571,-40,0.847852902077836,28.9,0.3,20,2.42444930665735,1.43026031668154,20,10,0,3.13475998969076,0.344836594189614,20,-16,2.16649584729408
0.31872271467571,-40,0.847852902077836,28.9,0.3,20,2.42444930665735,1.43026031668154,20,10,0,3.13475998969076,0.344836594189614,20,-14,2.32030131096744
0.31872271467571,-40,0.847852902077836,28.9,0.3,20,2.42444930665735,1.43026031668154,20,10,0,3.13475998969076,0.344836594189614,20,-12,2.44399320390065
0.31872271467571,-40,0.847852902077836,28.9,0.3,20,2.42444930665735,1.43026031668154,20,10,0,3.13475998969076,0.344836594189614,20,-10,2.54084995519706
0.31872271467571,-40,0.847852902077836,28.9,0.3,20,2.42444930665735,1.43026031668154,20,10,0,3.13475998969076,0.344836594189614,20,-8,2.6169553250147
0.31872271467571,-40,0.847852902077836,28.9,0.3,20,2.42444930665735,1.43026031668154,20,10,0,3.13475998969076,0.344836594189614,20,-6,2.67876185723379
0.31872271467571,-40,0.847852902077836,28.9,0.3,20,2.42444930665735,1.43026031668154,20,10,0,3.13475998969076,0.344836594189614,20,-4,2.73116498757259
0.31872271467571,-40,0.847852902077836,28.9,0.3,20,2.42444930665735,1.43026031668154,20,10,0,3.13475998969076,0.344836594189614,20,-2,2.77643536058153
0.31872271467571,-40,0.847852902077836,28.9,0.3,20,2.42444930665735,1.43026031668154,20,10,0,3.13475998969076,0.344836594189614,20,0,2.81402326375842
0.31872271467571,-40,0.847852902077836,28.9,0.3,20,2.42444930665735,1.43026031668154,20,10,0,3.13475998969076,0.344836594189614,20,2,2.84097396108699
0.31872271467571,-40,0.847852902077836,28.9,0.3,20,2.42444930665735,1.43026031668154,20,10,0,3.13475998969076,0.344836594189614,20,4,2.85260095737223
0.31872271467571,-40,0.847852902077836,28.9,0.3,20,2.42444930665735,1.43026031668154,20,10,0,3.13475998969076,0.344836594189614,20,6,2.84317949233695
0.31872271467571,-40,0.847852902077836,28.9,0.3,20,2.42444930665735,1.43026031668154,20,10,0,3.13475998969076,0.344836594189614,20,8,2.80663215677489
0.31872271467571,-40,0.847852902077836,28.9,0.3,20,2.42444930665735,1.43026031668154,20,10,0,3.13475998969076,0.344836594189614,20,10,2.73732857846968
0.31872271467571,-40,0.847852902077836,28.9,0.3,20,2.42444930665735,1.43026031668154,20,10,0,3.13475998969076,0.344836594189614,20,12,2.63112710767618
0.31872271467571,-40,0.847852902077836,28.9,0.3,20,2.42444930665735,1.43026031668154,20,10,0,3.13475998969076,0.344836594189614,20,14,2.48666016018244
0.31872271467571,-40,0.847852902077836,28.9,0.3,20,2.42444930665735,1.43026031668154,20,10,0,3.13475998969076,0.344836594189614,20,16,2.30665995899249
0.31872271467571,-40,0.847852902077836,28.9,0.3,20,2.42444930665735,1.43026031668154,20,10,0,3.13475998969076,0.344836594189614,20,18,2.09887284336298
0.31872271467571,-40,0.847852902077836,28.9,0.3,20,2.42444930665735,1.43026031668154,20,10,0,3.13475998969076,0.344836594189614,20,20,1.87585509083444
0.31872271467571,-40,0.847852902077836,28.9,0.3,20,2.42444930665735,1.43026031668154,20,10,0,3.13475998969076,0.344836594189614,20,22,1.65284760919917
0.31872271467571,-40,0.847852902077836,28.9,0.3,20,2.42444930665735,1.43026031668154,20,10,0,3.13475998969076,0.344836594189614,20,24,1.44337961130855
0.31872271467571,-40,0.847852902077836,28.9,0.3,20,2.42444930665735,1.43026031668154,20,10,0,3.13475998969076,0.344836594189614,20,26,1.25356842274105
0.31872271467571,-40,0.847852902077836,28.9,0.3,20,2.42444930665735,1.43026031668154,20,10,0,3.13475998969076,0.344836594189614,20,28,1.07771472515598
0.31872271467571,-40,0.847852902077836,28.9,0.3,20,2.42444930665735,1.43026031668154,20,10,0,3.13475998969076,0.344836594189614,20,30,0.89811691591767
0.31872271467571,-40,0.847852902077836,28.9,0.3,20,2.42444930665735,1.43026031668154,20,10,0,3.13475998969076,0.344836594189614,20,32,0.690076541404936
0.31872271467571,-40,0.847852902077836,28.9,0.3,20,2.42444930665735,1.43026031668154,20,10,0,3.13475998969076,0.344836594189614,20,34,0.43034844883544
0.31872271467571,-40,0.847852902077836,28.9,0.3,20,2.42444930665735,1.43026031668154,20,10,0,3.13475998969076,0.344836594189614,20,36,0.106190041891262
0.31872271467571,-40,0.847852902077836,28.9,0.3,20,2.42444930665735,1.43026031668154,20,10,0,3.13475998969076,0.344836594189614,20,38,-0.277203021382226
0.31872271467571,-40,0.847852902077836,28.9,0.3,20,2.42444930665735,1.43026031668154,20,10,0,3.13475998969076,0.344836594189614,20,40,-0.69278359699066
0.31872271467571,-40,0.847852902077836,28.9,0.3,20,2.42444930665735,1.43026031668154,20,10,0,3.13475998969076,0.344836594189614,20,42,-1.09454920131356
0.31872271467571,-40,0.847852902077836,28.9,0.3,20,2.42444930665735,1.43026031668154,20,10,0,3.13475998969076,0.344836594189614,20,44,-1.43147795350703
0.31872271467571,-40,0.847852902077836,28.9,0.3,20,2.42444930665735,1.43026031668154,20,10,0,3.13475998969076,0.344836594189614,20,46,-1.67145515209976
0.31872271467571,-40,0.847852902077836,28.9,0.3,20,2.42444930665735,1.43026031668154,20,10,0,3.13475998969076,0.344836594189614,20,48,-1.82188603607435
0.31872271467571,-40,0.847852902077836,28.9,0.3,20,2.42444930665735,1.43026031668154,20,10,0,3.13475998969076,0.344836594189614,20,50,-1.92992213365322
0.31872271467571,-40,0.847852902077836,28.9,0.3,20,2.42444930665735,1.43026031668154,20,10,0,3.13475998969076,0.344836594189614,20,52,-2.06189285310939
0.31872271467571,-40,0.847852902077836,28.9,0.3,20,2.42444930665735,1.43026031668154,20,10,0,3.13475998969076,0.344836594189614,20,54,-2.27835092670869
0.31872271467571,-40,0.847852902077836,28.9,0.3,20,2.42444930665735,1.43026031668154,20,10,0,3.13475998969076,0.344836594189614,20,56,-2.61744258505031
0.31872271467571,-40,0.847852902077836,28.9,0.3,20,2.42444930665735,1.43026031668154,20,10,0,3.13475998969076,0.344836594189614,20,58,-3.08691479075836
0.31872271467571,-40,0.847852902077836,28.9,0.3,20,2.42444930665735,1.43026031668154,20,10,0,3.13475998969076,0.344836594189614,20,60,-3.66045998998425
0.31872271467571,-40,0.847852902077836,28.9,0.3,20,2.42444930665735,1.43026031668154,20,10,0,3.13475998969076,0.344836594189614,20,62,-4.27816088361211
0.31872271467571,-40,0.847852902077836,28.9,0.3,20,2.42444930665735,1.43026031668154,20,10,0,3.13475998969076,0.344836594189614,20,64,-4.8577468726512
0.31872271467571,-40,0.847852902077836,28.9,0.3,20,2.42444930665735,1.43026031668154,20,10,0,3.13475998969076,0.344836594189614,20,66,-5.32384853263855
0.31872271467571,-40,0.847852902077836,28.9,0.3,20,2.42444930665735,1.43026031668154,20,10,0,3.13475998969076,0.344836594189614,20,68,-5.64538504063318
0.31872271467571,-40,0.847852902077836,28.9,0.3,20,2.42444930665735,1.43026031668154,20,10,0,3.13475998969076,0.344836594189614,20,70,-5.85057124955331
0.31872271467571,-40,0.847852902077836,28.9,0.3,20,2.42444930665735,1.43026031668154,20,10,0,3.13475998969076,0.344836594189614,20,72,-6.00449402305636
0.31872271467571,-40,0.847852902077836,28.9,0.3,20,2.42444930665735,1.43026031668154,20,10,0,3.13475998969076,0.344836594189614,20,74,-6.17264694492677
0.31872271467571,-40,0.847852902077836,28.9,0.3,20,2.42444930665735,1.43026031668154,20,10,0,3.13475998969076,0.344836594189614,20,76,-6.39844784482794
0.31872271467571,-40,0.847852902077836,28.9,0.3,20,2.42444930665735,1.43026031668154,20,10,0,3.13475998969076,0.344836594189614,20,78,-6.69915939936093
0.31872271467571,-40,0.847852902077836,28.9,0.3,20,2.42444930665735,1.43026031668154,20,10,0,3.13475998969076,0.344836594189614,20,80,-7.07115855734112
0.31872271467571,-40,0.847852902077836,28.9,0.3,20,2.42444930665735,1.43026031668154,20,10,0,3.13475998969076,0.344836594189614,20,82,-7.49669584670297
0.31872271467571,-40,0.847852902077836,28.9,0.3,20,2.42444930665735,1.43026031668154,20,10,0,3.13475998969076,0.344836594189614,20,84,-7.94873146029823
0.31872271467571,-40,0.847852902077836,28.9,0.3,20,2.42444930665735,1.43026031668154,20,10,0,3.13475998969076,0.344836594189614,20,86,-8.39375227087838
0.31872271467571,-40,0.847852902077836,28.9,0.3,20,2.42444930665735,1.43026031668154,20,10,0,3.13475998969076,0.344836594189614,20,88,-8.79521952102598
0.31872271467571,-40,0.847852902077836,28.9,0.3,20,2.42444930665735,1.43026031668154,20,10,0,3.13475998969076,0.344836594189614,20,90,-9.12184193679684
0.31872271467571,-40,0.847852902077836,28.9,0.3,20,2.42444930665735,1.43026031668154,20,10,0,3.13475998969076,0.344836594189614,20,92,-9.36191204163002
0.31872271467571,-40,0.847852902077836,28.9,0.3,20,2.42444930665735,1.43026031668154,20,10,0,3.13475998969076,0.344836594189614,20,94,-9.53674736081328
0.31872271467571,-40,0.847852902077836,28.9,0.3,20,2.42444930665735,1.43026031668154,20,10,0,3.13475998969076,0.344836594189614,20,96,-9.70177934777807
0.31872271467571,-40,0.847852902077836,28.9,0.3,20,2.42444930665735,1.43026031668154,20,10,0,3.13475998969076,0.344836594189614,20,98,-9.93225191344999
0.31872271467571,-40,0.847852902077836,28.9,0.3,20,2.42444930665735,1.43026031668154,20,10,0,3.13475998969076,0.344836594189614,20,100,-10.3025126353947
0.31872271467571,-40,0.847852902077836,28.9,0.3,20,2.42444930665735,1.43026031668154,20,10,0,3.13475998969076,0.344836594189614,20,102,-10.8679328416537
0.31872271467571,-40,0.847852902077836,28.9,0.3,20,2.42444930665735,1.43026031668154,20,10,0,3.13475998969076,0.344836594189614,20,104,-11.648926369563
0.31872271467571,-40,0.847852902077836,28.9,0.3,20,2.42444930665735,1.43026031668154,20,10,0,3.13475998969076,0.344836594189614,20,106,-12.6088860087257
0.31872271467571,-40,0.847852902077836,28.9,0.3,20,2.42444930665735,1.43026031668154,20,10,0,3.13475998969076,0.344836594189614,20,108,-13.6210434564839
0.31872271467571,-40,0.847852902077836,28.9,0.3,20,2.42444930665735,1.43026031668154,20,10,0,3.13475998969076,0.344836594189614,20,110,-14.4527378109527
0.31872271467571,-40,0.847852902077836,28.9,0.3,20,2.42444930665735,1.43026031668154,20,10,0,3.13475998969076,0.344836594189614,20,112,-14.8598234182576
0.31872271467571,-40,0.847852902077836,28.9,0.3,20,2.42444930665735,1.43026031668154,20,10,0,3.13475998969076,0.344836594189614,20,114,-14.7990637337519
0.31872271467571,-40,0.847852902077836,28.9,0.3,20,2.42444930665735,1.43026031668154,20,10,0,3.13475998969076,0.344836594189614,20,116,-14.4835137356337
0.31872271467571,-40,0.847852902077836,28.9,0.3,20,2.42444930665735,1.43026031668154,20,10,0,3.13475998969076,0.344836594189614,20,118,-14.1938567176105
0.31872271467571,-40,0.847852902077836,28.9,0.3,20,2.42444930665735,1.43026031668154,20,10,0,3.13475998969076,0.344836594189614,20,120,-14.1337143409998
0.31872271467571,-40,0.847852902077836,28.9,0.3,20,2.42444930665735,1.43026031668154,20,10,0,3.13475998969076,0.344836594189614,20,122,-14.4156520365055
0.31872271467571,-40,0.847852902077836,28.9,0.3,20,2.42444930665735,1.43026031668154,20,10,0,3.13475998969076,0.344836594189614,20,124,-15.0785089408688
0.31872271467571,-40,0.847852902077836,28.9,0.3,20,2.42444930665735,1.43026031668154,20,10,0,3.13475998969076,0.344836594189614,20,126,-16.0769645399763
0.31872271467571,-40,0.847852902077836,28.9,0.3,20,2.42444930665735,1.43026031668154,20,10,0,3.13475998969076,0.344836594189614,20,128,-17.2344073199144
0.31872271467571,-40,0.847852902077836,28.9,0.3,20,2.42444930665735,1.43026031668154,20,10,0,3.13475998969076,0.344836594189614,20,130,-18.2116113395098
0.31872271467571,-40,0.847852902077836,28.9,0.3,20,2.42444930665735,1.43026031668154,20,10,0,3.13475998969076,0.344836594189614,20,132,-18.6427016327087
0.31872271467571,-40,0.847852902077836,28.9,0.3,20,2.42444930665735,1.43026031668154,20,10,0,3.13475998969076,0.344836594189614,20,134,-18.4091201009476
0.31872271467571,-40,0.847852902077836,28.9,0.3,20,2.42444930665735,1.43026031668154,20,10,0,3.13475998969076,0.344836594189614,20,136,-17.6567406466162
0.31872271467571,-40,0.847852902077836,28.9,0.3,20,2.42444930665735,1.43026031668154,20,10,0,3.13475998969076,0.344836594189614,20,138,-16.6195289551346
0.31872271467571,-40,0.847852902077836,28.9,0.3,20,2.42444930665735,1.43026031668154,20,10,0,3.13475998969076,0.344836594189614,20,140,-15.5565598979457
0.31872271467571,-40,0.847852902077836,28.9,0.3,20,2.42444930665735,1.43026031668154,20,10,0,3.13475998969076,0.344836594189614,20,142,-14.7126658260706
0.31872271467571,-40,0.847852902077836,28.9,0.3,20,2.42444930665735,1.43026031668154,20,10,0,3.13475998969076,0.344836594189614,20,144,-14.2641255879028
0.31872271467571,-40,0.847852902077836,28.9,0.3,20,2.42444930665735,1.43026031668154,20,10,0,3.13475998969076,0.344836594189614,20,146,-14.2934752214772
0.31872271467571,-40,0.847852902077836,28.9,0.3,20,2.42444930665735,1.43026031668154,20,10,0,3.13475998969076,0.344836594189614,20,148,-14.7529305231964
0.31872271467571,-40,0.847852902077836,28.9,0.3,20,2.42444930665735,1.43026031668154,20,10,0,3.13475998969076,0.344836594189614,20,150,-15.3374072690298
0.31872271467571,-40,0.847852902077836,28.9,0.3,20,2.42444930665735,1.43026031668154,20,10,0,3.13475998969076,0.344836594189614,20,152,-15.3719369667223
0.31872271467571,-40,0.847852902077836,28.9,0.3,20,2.42444930665735,1.43026031668154,20,10,0,3.13475998969076,0.344836594189614,20,154,-14.364841251052
0.31872271467571,-40,0.847852902077836,28.9,0.3,20,2.42444930665735,1.43026031668154,20,10,0,3.13475998969076,0.344836594189614,20,156,-12.7323427382068
0.31872271467571,-40,0.847852902077836,28.9,0.3,20,2.42444930665735,1.43026031668154,20,10,0,3.13475998969076,0.344836594189614,20,158,-11.1183109755011
0.31872271467571,-40,0.847852902077836,28.9,0.3,20,2.42444930665735,1.43026031668154,20,10,0,3.13475998969076,0.344836594189614,20,160,-9.81539429327961
0.31872271467571,-40,0.847852902077836,28.9,0.3,20,2.42444930665735,1.43026031668154,20,10,0,3.13475998969076,0.344836594189614,20,162,-8.88130796902256
0.31872271467571,-40,0.847852902077836,28.9,0.3,20,2.42444930665735,1.43026031668154,20,10,0,3.13475998969076,0.344836594189614,20,164,-8.29213583834733
0.31872271467571,-40,0.847852902077836,28.9,0.3,20,2.42444930665735,1.43026031668154,20,10,0,3.13475998969076,0.344836594189614,20,166,-8.00187128581362
0.31872271467571,-40,0.847852902077836,28.9,0.3,20,2.42444930665735,1.43026031668154,20,10,0,3.13475998969076,0.344836594189614,20,168,-7.95785221240851
0.31872271467571,-40,0.847852902077836,28.9,0.3,20,2.42444930665735,1.43026031668154,20,10,0,3.13475998969076,0.344836594189614,20,170,-8.10137441725192
0.31872271467571,-40,0.847852902077836,28.9,0.3,20,2.42444930665735,1.43026031668154,20,10,0,3.13475998969076,0.344836594189614,20,172,-8.36463857176
0.31872271467571,-40,0.847852902077836,28.9,0.3,20,2.42444930665735,1.43026031668154,20,10,0,3.13475998969076,0.344836594189614,20,174,-8.66965519471062
0.31872271467571,-40,0.847852902077836,28.9,0.3,20,2.42444930665735,1.43026031668154,20,10,0,3.13475998969076,0.344836594189614,20,176,-8.93362096186345
0.31872271467571,-40,0.847852902077836,28.9,0.3,20,2.42444930665735,1.43026031668154,20,10,0,3.13475998969076,0.344836594189614,20,178,-9.08329712260365
0.31872271467571,-40,0.847852902077836,28.9,0.3,20,2.42444930665735,1.43026031668154,20,10,0,3.13475998969076,0.344836594189614,20,180,-9.07496932670906
0.31872271467571,-40,0.847852902077836,29,0.3,20,2.42444930665735,1.43026031668154,20,10,0,3.13475998969076,0.344836594189614,20,-180,-9.2870351472993
0.31872271467571,-40,0.847852902077836,29,0.3,20,2.42444930665735,1.43026031668154,20,10,0,3.13475998969076,0.344836594189614,20,-178,-9.10846238493859
0.31872271467571,-40,0.847852902077836,29,0.3,20,2.42444930665735,1.43026031668154,20,10,0,3.13475998969076,0.344836594189614,20,-176,-8.80398751135358
0.31872271467571,-40,0.847852902077836,29,0.3,20,2.42444930665735,1.43026031668154,20,10,0,3.13475998969076,0.344836594189614,20,-174,-8.44929958813837
0.31872271467571,-40,0.847852902077836,29,0.3,20,2.42444930665735,1.43026031668154,20,10,0,3.13475998969076,0.344836594189614,20,-172,-8.12644589341346
0.31872271467571,-40,0.847852902077836,29,0.3,20,2.42444930665735,1.43026031668154,20,10,0,3.13475998969076,0.344836594189614,20,-170,-7.90839508289339
0.31872271467571,-40,0.847852902077836,29,0.3,20,2.42444930665735,1.43026031668154,20,10,0,3.13475998969076,0.344836594189614,20,-168,-7.85325280208215
0.31872271467571,-40,0.847852902077836,29,0.3,20,2.42444930665735,1.43026031668154,20,10,0,3.13475998969076,0.344836594189614,20,-166,-8.00565335746318
0.31872271467571,-40,0.847852902077836,29,0.3,20,2.42444930665735,1.43026031668154,20,10,0,3.13475998969076,0.344836594189614,20,-164,-8.40167966869679
0.31872271467571,-40,0.847852902077836,29,0.3,20,2.42444930665735,1.43026031668154,20,10,0,3.13475998969076,0.344836594189614,20,-162,-9.07404520172756
0.31872271467571,-40,0.847852902077836,29,0.3,20,2.42444930665735,1.43026031668154,20,10,0,3.13475998969076,0.344836594189614,20,-160,-10.0533963737794
0.31872271467571,-40,0.847852902077836,29,0.3,20,2.42444930665735,1.43026031668154,20,10,0,3.13475998969076,0.344836594189614,20,-158,-11.3564365202831
0.31872271467571,-40,0.847852902077836,29,0.3,20,2.42444930665735,1.43026031668154,20,10,0,3.13475998969076,0.344836594189614,20,-156,-12.936271705452
0.31872271467571,-40,0.847852902077836,29,0.3,20,2.42444930665735,1.43026031668154,20,10,0,3.13475998969076,0.344836594189614,20,-154,-14.550090719817
0.31872271467571,-40,0.847852902077836,29,0.3,20,2.42444930665735,1.43026031668154,20,10,0,3.13475998969076,0.344836594189614,20,-152,-15.6226406336462
0.31872271467571,-40,0.847852902077836,29,0.3,20,2.42444930665735,1.43026031668154,20,10,0,3.13475998969076,0.344836594189614,20,-150,-15.6697757370059
0.31872271467571,-40,0.847852902077836,29,0.3,20,2.42444930665735,1.43026031668154,20,10,0,3.13475998969076,0.344836594189614,20,-148,-15.0423181434055
0.31872271467571,-40,0.847852902077836,29,0.3,20,2.42444930665735,1.43026031668154,20,10,0,3.13475998969076,0.344836594189614,20,-146,-14.4160658276148
0.31872271467571,-40,0.847852902077836,29,0.3,20,2.42444930665735,1.43026031668154,20,10,0,3.13475998969076,0.344836594189614,20,-144,-14.1485487661937
0.31872271467571,-40,0.847852902077836,29,0.3,20,2.42444930665735,1.43026031668154,20,10,0,3.13475998969076,0.344836594189614,20,-142,-14.3293217402126
0.31872271467571,-40,0.847852902077836,29,0.3,20,2.42444930665735,1.43026031668154,20,10,0,3.13475998969076,0.344836594189614,20,-140,-14.9266828496966
0.31872271467571,-40,0.847852902077836,29,0.3,20,2.42444930665735,1.43026031668154,20,10,0,3.13475998969076,0.344836594189614,20,-138,-15.8534461452325
0.31872271467571,-40,0.847852902077836,29,0.3,20,2.42444930665735,1.43026031668154,20,10,0,3.13475998969076,0.344836594189614,20,-136,-17.0023571258509
0.31872271467571,-40,0.847852902077836,29,0.3,20,2.42444930665735,1.43026031668154,20,10,0,3.13475998969076,0.344836594189614,20,-134,-18.2694943647037
0.31872271467571,-40,0.847852902077836,29,0.3,20,2.42444930665735,1.43026031668154,20,10,0,3.13475998969076,0.344836594189614,20,-132,-19.4954514548851
0.31872271467571,-40,0.847852902077836,29,0.3,20,2.42444930665735,1.43026031668154,20,10,0,3.13475998969076,0.344836594189614,20,-130,-20.2526569860789
0.31872271467571,-40,0.847852902077836,29,0.3,20,2.42444930665735,1.43026031668154,20,10,0,3.13475998969076,0.344836594189614,20,-128,-19.903961019616
0.31872271467571,-40,0.847852902077836,29,0.3,20,2.42444930665735,1.43026031668154,20,10,0,3.13475998969076,0.344836594189614,20,-126,-18.5063130351141
0.31872271467571,-40,0.847852902077836,29,0.3,20,2.42444930665735,1.43026031668154,20,10,0,3.13475998969076,0.344836594189614,20,-124,-16.8251982366416
0.31872271467571,-40,0.847852902077836,29,0.3,20,2.42444930665735,1.43026031668154,20,10,0,3.13475998969076,0.344836594189614,20,-122,-15.3854538416093
0.31872271467571,-40,0.847852902077836,29,0.3,20,2.42444930665735,1.43026031668154,20,10,0,3.13475998969076,0.344836594189614,20,-120,-14.3439214528785
0.31872271467571,-40,0.847852902077836,29,0.3,20,2.42444930665735,1.43026031668154,20,10,0,3.13475998969076,0.344836594189614,20,-118,-13.6947283920966
0.31872271467571,-40,0.847852902077836,29,0.3,20,2.42444930665735,1.43026031668154,20,10,0,3.13475998969076,0.344836594189614,20,-116,-13.3751631115753
0.31872271467571,-40,0.847852902077836,29,0.3,20,2.42444930665735,1.43026031668154,20,10,0,3.13475998969076,0.344836594189614,20,-114,-13.2960099396536
0.31872271467571,-40,0.847852902077836,29,0.3,20,2.42444930665735,1.43026031668154,20,10,0,3.13475998969076,0.344836594189614,20,-112,-13.3455528938693
0.31872271467571,-40,0.847852902077836,29,0.3,20,2.42444930665735,1.43026031668154,20,10,0,3.13475998969076,0.344836594189614,20,-110,-13.3942474282123
0.31872271467571,-40,0.847852902077836,29,0.3,20,2.42444930665735,1.43026031668154,20,10,0,3.13475998969076,0.344836594189614,20,-108,-13.3195832741418
0.31872271467571,-40,0.847852902077836,29,0.3,20,2.42444930665735,1.43026031668154,20,10,0,3.13475998969076,0.344836594189614,20,-106,-13.0504441054652
0.31872271467571,-40,0.847852902077836,29,0.3,20,2.42444930665735,1.43026031668154,20,10,0,3.13475998969076,0.344836594189614,20,-104,-12.5936247692467
0.31872271467571,-40,0.847852902077836,29,0.3,20,2.42444930665735,1.43026031668154,20,10,0,3.13475998969076,0.344836594189614,20,-102,-12.010928163863
0.31872271467571,-40,0.847852902077836,29,0.3,20,2.42444930665735,1.43026031668154,20,10,0,3.13475998969076,0.344836594189614,20,-100,-11.3729131652457
0.31872271467571,-40,0.847852902077836,29,0.3,20,2.42444930665735,1.43026031668154,20,10,0,3.13475998969076,0.344836594189614,20,-98,-10.7324003246361
0.31872271467571,-40,0.847852902077836,29,0.3,20,2.42444930665735,1.43026031668154,20,10,0,3.13475998969076,0.344836594189614,20,-96,-10.1246335860825
0.31872271467571,-40,0.847852902077836,29,0.3,20,2.42444930665735,1.43026031668154,20,10,0,3.13475998969076,0.344836594189614,20,-94,-9.57696244393538
0.31872271467571,-40,0.847852902077836,29,0.3,20,2.42444930665735,1.43026031668154,20,10,0,3.13475998969076,0.344836594189614,20,-92,-9.11378385963762
0.31872271467571,-40,0.847852902077836,29,0.3,20,2.42444930665735,1.43026031668154,20,10,0,3.13475998969076,0.344836594189614,20,-90,-8.75288634337317
0.31872271467571,-40,0.847852902077836,29,0.3,20,2.42444930665735,1.43026031668154,20,10,0,3.13475998969076,0.344836594189614,20,-88,-8.49599209034708
0.31872271467571,-40,0.847852902077836,29,0.3,20,2.42444930665735,1.43026031668154,20,10,0,3.13475998969076,0.344836594189614,20,-86,-8.31842803594625
0.31872271467571,-40,0.847852902077836,29,0.3,20,2.42444930665735,1.43026031668154,20,10,0,3.13475998969076,0.344836594189614,20,-84,-8.16470341239411
0.31872271467571,-40,0.847852902077836,29,0.3,20,2.42444930665735,1.43026031668154,20,10,0,3.13475998969076,0.344836594189614,20,-82,-7.96037550624003
0.31872271467571,-40,0.847852902077836,29,0.3,20,2.42444930665735,1.43026031668154,20,10,0,3.13475998969076,0.344836594189614,20,-80,-7.64671659534507
0.31872271467571,-40,0.847852902077836,29,0.3,20,2.42444930665735,1.43026031668154,20,10,0,3.13475998969076,0.344836594189614,20,-78,-7.22054861430728
0.31872271467571,-40,0.847852902077836,29,0.3,20,2.42444930665735,1.43026031668154,20,10,0,3.13475998969076,0.344836594189614,20,-76,-6.74130583889889
0.31872271467571,-40,0.847852902077836,29,0.3,20,2.42444930665735,1.43026031668154,20,10,0,3.13475998969076,0.344836594189614,20,-74,-6.29587304616663
0.31872271467571,-40,0.847852902077836,29,0.3,20,2.42444930665735,1.43026031668154,20,10,0,3.13475998969076,0.344836594189614,20,-72,-5.95349724978808
0.31872271467571,-40,0.847852902077836,29,0.3,20,2.42444930665735,1.43026031668154,20,10,0,3.13475998969076,0.344836594189614,20,-70,-5.73663010850482
0.31872271467571,-40,0.847852902077836,29,0.3,20,2.42444930665735,1.43026031668154,20,10,0,3.13475998969076,0.344836594189614,20,-68,-5.60760679066574
0.31872271467571,-40,0.847852902077836,29,0.3,20,2.42444930665735,1.43026031668154,20,10,0,3.13475998969076,0.344836594189614,20,-66,-5.4702227062687
0.31872271467571,-40,0.847852902077836,29,0.3,20,2.42444930665735,1.43026031668154,20,10,0,3.13475998969076,0.344836594189614,20,-64,-5.20282980935942
0.31872271467571,-40,0.847852902077836,29,0.3,20,2.42444930665735,1.43026031668154,20,10,0,3.13475998969076,0.344836594189614,20,-62,-4.73133220905926
0.31872271467571,-40,0.847852902077836,29,0.3,20,2.42444930665735,1.43026031668154,20,10,0,3.13475998969076,0.344836594189614,20,-60,-4.08821033118698
0.31872271467571,-40,0.847852902077836,29,0.3,20,2.42444930665735,1.43026031668154,20,10,0,3.13475998969076,0.344836594189614,20,-58,-3.38829422881727
0.31872271467571,-40,0.847852902077836,29,0.3,20,2.42444930665735,1.43026031668154,20,10,0,3.13475998969076,0.344836594189614,20,-56,-2.75317225261541
0.31872271467571,-40,0.847852902077836,29,0.3,20,2.42444930665735,1.43026031668154,20,10,0,3.13475998969076,0.344836594189614,20,-54,-2.26078124168141
0.31872271467571,-40,0.847852902077836,29,0.3,20,2.42444930665735,1.43026031668154,20,10,0,3.13475998969076,0.344836594189614,20,-52,-1.9347636077701
0.31872271467571,-40,0.847852902077836,29,0.3,20,2.42444930665735,1.43026031668154,20,10,0,3.13475998969076,0.344836594189614,20,-50,-1.75078632189475
0.31872271467571,-40,0.847852902077836,29,0.3,20,2.42444930665735,1.43026031668154,20,10,0,3.13475998969076,0.344836594189614,20,-48,-1.64699771821782
0.31872271467571,-40,0.847852902077836,29,0.3,20,2.42444930665735,1.43026031668154,20,10,0,3.13475998969076,0.344836594189614,20,-46,-1.54151989629767
0.31872271467571,-40,0.847852902077836,29,0.3,20,2.42444930665735,1.43026031668154,20,10,0,3.13475998969076,0.344836594189614,20,-44,-1.36216065012302
0.31872271467571,-40,0.847852902077836,29,0.3,20,2.42444930665735,1.43026031668154,20,10,0,3.13475998969076,0.344836594189614,20,-42,-1.07862301897501
0.31872271467571,-40,0.847852902077836,29,0.3,20,2.42444930665735,1.43026031668154,20,10,0,3.13475998969076,0.344836594189614,20,-40,-0.71286053451467
0.31872271467571,-40,0.847852902077836,29,0.3,20,2.42444930665735,1.43026031668154,20,10,0,3.13475998969076,0.344836594189614,20,-38,-0.318343194913951
0.31872271467571,-40,0.847852902077836,29,0.3,20,2.42444930665735,1.43026031668154,20,10,0,3.13475998969076,0.344836594189614,20,-36,0.0516210861101093
0.31872271467571,-40,0.847852902077836,29,0.3,20,2.42444930665735,1.43026031668154,20,10,0,3.13475998969076,0.344836594189614,20,-34,0.364228391571564
0.31872271467571,-40,0.847852902077836,29,0.3,20,2.42444930665735,1.43026031668154,20,10,0,3.13475998969076,0.344836594189614,20,-32,0.612030709705317
0.31872271467571,-40,0.847852902077836,29,0.3,20,2.42444930665735,1.43026031668154,20,10,0,3.13475998969076,0.344836594189614,20,-30,0.808216405946662
0.31872271467571,-40,0.847852902077836,29,0.3,20,2.42444930665735,1.43026031668154,20,10,0,3.13475998969076,0.344836594189614,20,-28,0.977432943807112
0.31872271467571,-40,0.847852902077836,29,0.3,20,2.42444930665735,1.43026031668154,20,10,0,3.13475998969076,0.344836594189614,20,-26,1.14497781203352
0.31872271467571,-40,0.847852902077836,29,0.3,20,2.42444930665735,1.43026031668154,20,10,0,3.13475998969076,0.344836594189614,20,-24,1.32729961511914
0.31872271467571,-40,0.847852902077836,29,0.3,20,2.42444930665735,1.43026031668154,20,10,0,3.13475998969076,0.344836594189614,20,-22,1.5272995344754
0.31872271467571,-40,0.847852902077836,29,0.3,20,2.42444930665735,1.43026031668154,20,10,0,3.13475998969076,0.344836594189614,20,-20,1.73606182500998
0.31872271467571,-40,0.847852902077836,29,0.3,20,2.42444930665735,1.43026031668154,20,10,0,3.13475998969076,0.344836594189614,20,-18,1.9390145501865
0.31872271467571,-40,0.847852902077836,29,0.3,20,2.42444930665735,1.43026031668154,20,10,0,3.13475998969076,0.344836594189614,20,-16,2.12255327202799
0.31872271467571,-40,0.847852902077836,29,0.3,20,2.42444930665735,1.43026031668154,20,10,0,3.13475998969076,0.344836594189614,20,-14,2.27824136832349
0.31872271467571,-40,0.847852902077836,29,0.3,20,2.42444930665735,1.43026031668154,20,10,0,3.13475998969076,0.344836594189614,20,-12,2.40395025454886
0.31872271467571,-40,0.847852902077836,29,0.3,20,2.42444930665735,1.43026031668154,20,10,0,3.13475998969076,0.344836594189614,20,-10,2.50273458088625
0.31872271467571,-40,0.847852902077836,29,0.3,20,2.42444930665735,1.43026031668154,20,10,0,3.13475998969076,0.344836594189614,20,-8,2.58057054104531
0.31872271467571,-40,0.847852902077836,29,0.3,20,2.42444930665735,1.43026031668154,20,10,0,3.13475998969076,0.344836594189614,20,-6,2.64390520979528
0.31872271467571,-40,0.847852902077836,29,0.3,20,2.42444930665735,1.43026031668154,20,10,0,3.13475998969076,0.344836594189614,20,-4,2.69768594278993
0.31872271467571,-40,0.847852902077836,29,0.3,20,2.42444930665735,1.43026031668154,20,10,0,3.13475998969076,0.344836594189614,20,-2,2.74423662149647
0.31872271467571,-40,0.847852902077836,29,0.3,20,2.42444930665735,1.43026031668154,20,10,0,3.13475998969076,0.344836594189614,20,0,2.78301417203113
0.31872271467571,-40,0.847852902077836,29,0.3,20,2.42444930665735,1.43026031668154,20,10,0,3.13475998969076,0.344836594189614,20,2,2.81099853882852
0.31872271467571,-40,0.847852902077836,29,0.3,20,2.42444930665735,1.43026031668154,20,10,0,3.13475998969076,0.344836594189614,20,4,2.82336868660012
0.31872271467571,-40,0.847852902077836,29,0.3,20,2.42444930665735,1.43026031668154,20,10,0,3.13475998969076,0.344836594189614,20,6,2.81422455203115
0.31872271467571,-40,0.847852902077836,29,0.3,20,2.42444930665735,1.43026031668154,20,10,0,3.13475998969076,0.344836594189614,20,8,2.77731971393391
0.31872271467571,-40,0.847852902077836,29,0.3,20,2.42444930665735,1.43026031668154,20,10,0,3.13475998969076,0.344836594189614,20,10,2.70691704104164
0.31872271467571,-40,0.847852902077836,29,0.3,20,2.42444930665735,1.43026031668154,20,10,0,3.13475998969076,0.344836594189614,20,12,2.59888379358651
0.31872271467571,-40,0.847852902077836,29,0.3,20,2.42444930665735,1.43026031668154,20,10,0,3.13475998969076,0.344836594189614,20,14,2.45201492207156
0.31872271467571,-40,0.847852902077836,29,0.3,20,2.42444930665735,1.43026031668154,20,10,0,3.13475998969076,0.344836594189614,20,16,2.26936651862314
0.31872271467571,-40,0.847852902077836,29,0.3,20,2.42444930665735,1.43026031668154,20,10,0,3.13475998969076,0.344836594189614,20,18,2.05912985822241
0.31872271467571,-40,0.847852902077836,29,0.3,20,2.42444930665735,1.43026031668154,20,10,0,3.13475998969076,0.344836594189614,20,20,1.83432103210826
0.31872271467571,-40,0.847852902077836,29,0.3,20,2.42444930665735,1.43026031668154,20,10,0,3.13475998969076,0.344836594189614,20,22,1.61048179737628
0.31872271467571,-40,0.847852902077836,29,0.3,20,2.42444930665735,1.43026031668154,20,10,0,3.13475998969076,0.344836594189614,20,24,1.40108894459754
0.31872271467571,-40,0.847852902077836,29,0.3,20,2.42444930665735,1.43026031668154,20,10,0,3.13475998969076,0.344836594189614,20,26,1.21175183788311
0.31872271467571,-40,0.847852902077836,29,0.3,20,2.42444930665735,1.43026031668154,20,10,0,3.13475998969076,0.344836594189614,20,28,1.03591416220724
0.31872271467571,-40,0.847852902077836,29,0.3,20,2.42444930665735,1.43026031668154,20,10,0,3.13475998969076,0.344836594189614,20,30,0.854981266290756
0.31872271467571,-40,0.847852902077836,29,0.3,20,2.42444930665735,1.43026031668154,20,10,0,3.13475998969076,0.344836594189614,20,32,0.643691716211297
0.31872271467571,-40,0.847852902077836,29,0.3,20,2.42444930665735,1.43026031668154,20,10,0,3.13475998969076,0.344836594189614,20,34,0.378819722340103
0.31872271467571,-40,0.847852902077836,29,0.3,20,2.42444930665735,1.43026031668154,20,10,0,3.13475998969076,0.344836594189614,20,36,0.0483117729292257
0.31872271467571,-40,0.847852902077836,29,0.3,20,2.42444930665735,1.43026031668154,20,10,0,3.13475998969076,0.344836594189614,20,38,-0.341340366990451
0.31872271467571,-40,0.847852902077836,29,0.3,20,2.42444930665735,1.43026031668154,20,10,0,3.13475998969076,0.344836594189614,20,40,-0.761464938336398
0.31872271467571,-40,0.847852902077836,29,0.3,20,2.42444930665735,1.43026031668154,20,10,0,3.13475998969076,0.344836594189614,20,42,-1.16476927635958
0.31872271467571,-40,0.847852902077836,29,0.3,20,2.42444930665735,1.43026031668154,20,10,0,3.13475998969076,0.344836594189614,20,44,-1.50028220344053
0.31872271467571,-40,0.847852902077836,29,0.3,20,2.42444930665735,1.43026031668154,20,10,0,3.13475998969076,0.344836594189614,20,46,-1.73789547898067
0.31872271467571,-40,0.847852902077836,29,0.3,20,2.42444930665735,1.43026031668154,20,10,0,3.13475998969076,0.344836594189614,20,48,-1.8882034186355
0.31872271467571,-40,0.847852902077836,29,0.3,20,2.42444930665735,1.43026031668154,20,10,0,3.13475998969076,0.344836594189614,20,50,-2.0009184933256
0.31872271467571,-40,0.847852902077836,29,0.3,20,2.42444930665735,1.43026031668154,20,10,0,3.13475998969076,0.344836594189614,20,52,-2.14310164358006
0.31872271467571,-40,0.847852902077836,29,0.3,20,2.42444930665735,1.43026031668154,20,10,0,3.13475998969076,0.344836594189614,20,54,-2.37428231232602
0.31872271467571,-40,0.847852902077836,29,0.3,20,2.42444930665735,1.43026031668154,20,10,0,3.13475998969076,0.344836594189614,20,56,-2.73037029624449
0.31872271467571,-40,0.847852902077836,29,0.3,20,2.42444930665735,1.43026031668154,20,10,0,3.13475998969076,0.344836594189614,20,58,-3.215912188237
0.31872271467571,-40,0.847852902077836,29,0.3,20,2.42444930665735,1.43026031668154,20,10,0,3.13475998969076,0.344836594189614,20,60,-3.8004696402879
0.31872271467571,-40,0.847852902077836,29,0.3,20,2.42444930665735,1.43026031668154,20,10,0,3.13475998969076,0.344836594189614,20,62,-4.41967159129426
0.31872271467571,-40,0.847852902077836,29,0.3,20,2.42444930665735,1.43026031668154,20,10,0,3.13475998969076,0.344836594189614,20,64,-4.98860238030389
0.31872271467571,-40,0.847852902077836,29,0.3,20,2.42444930665735,1.43026031668154,20,10,0,3.13475998969076,0.344836594189614,20,66,-5.43407468944134
0.31872271467571,-40,0.847852902077836,29,0.3,20,2.42444930665735,1.43026031668154,20,10,0,3.13475998969076,0.344836594189614,20,68,-5.73231951528137
0.31872271467571,-40,0.847852902077836,29,0.3,20,2.42444930665735,1.43026031668154,20,10,0,3.13475998969076,0.344836594189614,20,70,-5.91945272052728
0.31872271467571,-40,0.847852902077836,29,0.3,20,2.42444930665735,1.43026031668154,20,10,0,3.13475998969076,0.344836594189614,20,72,-6.06414208660851
0.31872271467571,-40,0.847852902077836,29,0.3,20,2.42444930665735,1.43026031668154,20,10,0,3.13475998969076,0.344836594189614,20,74,-6.23054081615035
0.31872271467571,-40,0.847852902077836,29,0.3,20,2.42444930665735,1.43026031668154,20,10,0,3.13475998969076,0.344836594189614,20,76,-6.45812784805076
0.31872271467571,-40,0.847852902077836,29,0.3,20,2.42444930665735,1.43026031668154,20,10,0,3.13475998969076,0.344836594189614,20,78,-6.75985515713908
0.31872271467571,-40,0.847852902077836,29,0.3,20,2.42444930665735,1.43026031668154,20,10,0,3.13475998969076,0.344836594189614,20,80,-7.12869870809514
0.31872271467571,-40,0.847852902077836,29,0.3,20,2.42444930665735,1.43026031668154,20,10,0,3.13475998969076,0.344836594189614,20,82,-7.54512057058545
0.31872271467571,-40,0.847852902077836,29,0.3,20,2.42444930665735,1.43026031668154,20,10,0,3.13475998969076,0.344836594189614,20,84,-7.98228624145542
0.31872271467571,-40,0.847852902077836,29,0.3,20,2.42444930665735,1.43026031668154,20,10,0,3.13475998969076,0.344836594189614,20,86,-8.40887068715736
0.31872271467571,-40,0.847852902077836,29,0.3,20,2.42444930665735,1.43026031668154,20,10,0,3.13475998969076,0.344836594189614,20,88,-8.79193155020695
0.31872271467571,-40,0.847852902077836,29,0.3,20,2.42444930665735,1.43026031668154,20,10,0,3.13475998969076,0.344836594189614,20,90,-9.10399143300861
0.31872271467571,-40,0.847852902077836,29,0.3,20,2.42444930665735,1.43026031668154,20,10,0,3.13475998969076,0.344836594189614,20,92,-9.33588981139273
0.31872271467571,-40,0.847852902077836,29,0.3,20,2.42444930665735,1.43026031668154,20,10,0,3.13475998969076,0.344836594189614,20,94,-9.50930858026457
0.31872271467571,-40,0.847852902077836,29,0.3,20,2.42444930665735,1.43026031668154,20,10,0,3.13475998969076,0.344836594189614,20,96,-9.67825017942661
0.31872271467571,-40,0.847852902077836,29,0.3,20,2.42444930665735,1.43026031668154,20,10,0,3.13475998969076,0.344836594189614,20,98,-9.91597223007155
0.31872271467571,-40,0.847852902077836,29,0.3,20,2.42444930665735,1.43026031668154,20,10,0,3.13475998969076,0.344836594189614,20,100,-10.2951302077731
0.31872271467571,-40,0.847852902077836,29,0.3,20,2.42444930665735,1.43026031668154,20,10,0,3.13475998969076,0.344836594189614,20,102,-10.8695286750967
0.31872271467571,-40,0.847852902077836,29,0.3,20,2.42444930665735,1.43026031668154,20,10,0,3.13475998969076,0.344836594189614,20,104,-11.657100403987
0.31872271467571,-40,0.847852902077836,29,0.3,20,2.42444930665735,1.43026031668154,20,10,0,3.13475998969076,0.344836594189614,20,106,-12.6164001652296
0.31872271467571,-40,0.847852902077836,29,0.3,20,2.42444930665735,1.43026031668154,20,10,0,3.13475998969076,0.344836594189614,20,108,-13.6132539925511
0.31872271467571,-40,0.847852902077836,29,0.3,20,2.42444930665735,1.43026031668154,20,10,0,3.13475998969076,0.344836594189614,20,110,-14.4108080797384
0.31872271467571,-40,0.847852902077836,29,0.3,20,2.42444930665735,1.43026031668154,20,10,0,3.13475998969076,0.344836594189614,20,112,-14.7760389133959
0.31872271467571,-40,0.847852902077836,29,0.3,20,2.42444930665735,1.43026031668154,20,10,0,3.13475998969076,0.344836594189614,20,114,-14.6877808369199
0.31872271467571,-40,0.847852902077836,29,0.3,20,2.42444930665735,1.43026031668154,20,10,0,3.13475998969076,0.344836594189614,20,116,-14.3671981214647
0.31872271467571,-40,0.847852902077836,29,0.3,20,2.42444930665735,1.43026031668154,20,10,0,3.13475998969076,0.344836594189614,20,118,-14.0864389669268
0.31872271467571,-40,0.847852902077836,29,0.3,20,2.42444930665735,1.43026031668154,20,10,0,3.13475998969076,0.344836594189614,20,120,-14.0387155141899
0.31872271467571,-40,0.847852902077836,29,0.3,20,2.42444930665735,1.43026031668154,20,10,0,3.13475998969076,0.344836594189614,20,122,-14.3300586982838
0.31872271467571,-40,0.847852902077836,29,0.3,20,2.42444930665735,1.43026031668154,20,10,0,3.13475998969076,0.344836594189614,20,124,-14.9945481366247
0.31872271467571,-40,0.847852902077836,29,0.3,20,2.42444930665735,1.43026031668154,20,10,0,3.13475998969076,0.344836594189614,20,126,-15.9802661155714
0.31872271467571,-40,0.847852902077836,29,0.3,20,2.42444930665735,1.43026031668154,20,10,0,3.13475998969076,0.344836594189614,20,128,-17.1014555980797
0.31872271467571,-40,0.847852902077836,29,0.3,20,2.42444930665735,1.43026031668154,20,10,0,3.13475998969076,0.344836594189614,20,130,-18.0193651252063
0.31872271467571,-40,0.847852902077836,29,0.3,20,2.42444930665735,1.43026031668154,20,10,0,3.13475998969076,0.344836594189614,20,132,-18.4015339752315
0.31872271467571,-40,0.847852902077836,29,0.3,20,2.42444930665735,1.43026031668154,20,10,0,3.13475998969076,0.344836594189614,20,134,-18.1773893249514
0.31872271467571,-40,0.847852902077836,29,0.3,20,2.42444930665735,1.43026031668154,20,10,0,3.13475998969076,0.344836594189614,20,136,-17.5011702674475
0.31872271467571,-40,0.847852902077836,29,0.3,20,2.42444930665735,1.43026031668154,20,10,0,3.13475998969076,0.344836594189614,20,138,-16.5744504982373
0.31872271467571,-40,0.847852902077836,29,0.3,20,2.42444930665735,1.43026031668154,20,10,0,3.13475998969076,0.344836594189614,20,140,-15.620945645361
0.31872271467571,-40,0.847852902077836,29,0.3,20,2.42444930665735,1.43026031668154,20,10,0,3.13475998969076,0.344836594189614,20,142,-14.8712146441062
0.31872271467571,-40,0.847852902077836,29,0.3,20,2.42444930665735,1.43026031668154,20,10,0,3.13475998969076,0.344836594189614,20,144,-14.5032856826019
0.31872271467571,-40,0.847852902077836,29,0.3,20,2.42444930665735,1.43026031668154,20,10,0,3.13475998969076,0.344836594189614,20,146,-14.6007281675544
0.31872271467571,-40,0.847852902077836,29,0.3,20,2.42444930665735,1.43026031668154,20,10,0,3.13475998969076,0.344836594189614,20,148,-15.0963998626351
0.31872271467571,-40,0.847852902077836,29,0.3,20,2.42444930665735,1.43026031668154,20,10,0,3.13475998969076,0.344836594189614,20,150,-15.6221081380395
0.31872271467571,-40,0.847852902077836,29,0.3,20,2.42444930665735,1.43026031668154,20,10,0,3.13475998969076,0.344836594189614,20,152,-15.4513390742002
0.31872271467571,-40,0.847852902077836,29,0.3,20,2.42444930665735,1.43026031668154,20,10,0,3.13475998969076,0.344836594189614,20,154,-14.2293162823247
0.31872271467571,-40,0.847852902077836,29,0.3,20,2.42444930665735,1.43026031668154,20,10,0,3.13475998969076,0.344836594189614,20,156,-12.5125359554897
0.31872271467571,-40,0.847852902077836,29,0.3,20,2.42444930665735,1.43026031668154,20,10,0,3.13475998969076,0.344836594189614,20,158,-10.9062135141007
0.31872271467571,-40,0.847852902077836,29,0.3,20,2.42444930665735,1.43026031668154,20,10,0,3.13475998969076,0.344836594189614,20,160,-9.64441147779916
0.31872271467571,-40,0.847852902077836,29,0.3,20,2.42444930665735,1.43026031668154,20,10,0,3.13475998969076,0.344836594189614,20,162,-8.75960564457938
0.31872271467571,-40,0.847852902077836,29,0.3,20,2.42444930665735,1.43026031668154,20,10,0,3.13475998969076,0.344836594189614,20,164,-8.22019074168951
0.31872271467571,-40,0.847852902077836,29,0.3,20,2.42444930665735,1.43026031668154,20,10,0,3.13475998969076,0.344836594189614,20,166,-7.97861619996632
0.31872271467571,-40,0.847852902077836,29,0.3,20,2.42444930665735,1.43026031668154,20,10,0,3.13475998969076,0.344836594189614,20,168,-7.98240616759702
0.31872271467571,-40,0.847852902077836,29,0.3,20,2.42444930665735,1.43026031668154,20,10,0,3.13475998969076,0.344836594189614,20,170,-8.17297917543782
0.31872271467571,-40,0.847852902077836,29,0.3,20,2.42444930665735,1.43026031668154,20,10,0,3.13475998969076,0.344836594189614,20,172,-8.48157685512301
0.31872271467571,-40,0.847852902077836,29,0.3,20,2.42444930665735,1.43026031668154,20,10,0,3.13475998969076,0.344836594189614,20,174,-8.82754184717511
0.31872271467571,-40,0.847852902077836,29,0.3,20,2.42444930665735,1.43026031668154,20,10,0,3.13475998969076,0.344836594189614,20,176,-9.12379115827554
0.31872271467571,-40,0.847852902077836,29,0.3,20,2.42444930665735,1.43026031668154,20,10,0,3.13475998969076,0.344836594189614,20,178,-9.29247278933434
0.31872271467571,-40,0.847852902077836,29,0.3,20,2.42444930665735,1.43026031668154,20,10,0,3.13475998969076,0.344836594189614,20,180,-9.2870351472993
